N,P,K,temperature,humidity,ph,rainfall,label
90,42,43,20.87974371,82.00274423,6.502985292000001,202.9355362,rice
85,58,41,21.77046169,80.31964408,7.038096361,226.6555374,rice
60,55,44,23.00445915,82.3207629,7.840207144,263.9642476,rice
74,35,40,26.49109635,80.15836264,6.980400905,242.8640342,rice
78,42,42,20.13017482,81.60487287,7.628472891,262.7173405,rice
69,37,42,23.05804872,83.37011772,7.073453503,251.0549998,rice
69,55,38,22.70883798,82.63941394,5.70080568,271.3248604,rice
94,53,40,20.27774362,82.89408619,5.718627177999999,241.9741949,rice
89,54,38,24.51588066,83.53521629999999,6.685346424,230.4462359,rice
68,58,38,23.22397386,83.03322691,6.336253525,221.2091958,rice
91,53,40,26.52723513,81.41753846,5.386167788,264.6148697,rice
90,46,42,23.97898217,81.45061596,7.50283396,250.0832336,rice
78,58,44,26.80079604,80.88684822,5.108681786,284.4364567,rice
93,56,36,24.01497622,82.05687182,6.98435366,185.2773389,rice
94,50,37,25.66585205,80.66385045,6.94801983,209.5869708,rice
60,48,39,24.28209415,80.30025587,7.042299068999999,231.0863347,rice
85,38,41,21.58711777,82.7883708,6.2490506560000005,276.65524589999995,rice
91,35,39,23.79391957,80.41817957,6.970859754,206.2611855,rice
77,38,36,21.8652524,80.1923008,5.953933276,224.55501690000003,rice
88,35,40,23.57943626,83.58760316,5.85393208,291.2986618000001,rice
89,45,36,21.32504158,80.47476396,6.442475375,185.4974732,rice
76,40,43,25.15745531,83.11713476,5.070175667,231.3843163,rice
67,59,41,21.94766735,80.97384195,6.012632591,213.3560921,rice
83,41,43,21.0525355,82.67839517,6.254028451,233.1075816,rice
98,47,37,23.48381344,81.33265073,7.375482851,224.0581164,rice
66,53,41,25.0756354,80.52389148,7.778915154,257.0038865,rice
97,59,43,26.35927159,84.04403589,6.2865001760000006,271.35861370000003,rice
97,50,41,24.52922681,80.54498576,7.070959995,260.2634026,rice
60,49,44,20.77576147,84.49774397,6.244841491,240.0810647,rice
84,51,35,22.30157427,80.64416466,6.043304899,197.9791215,rice
73,57,41,21.44653958,84.94375962,5.824709117,272.2017204,rice
92,35,40,22.17931888,80.33127223,6.3573893660000005,200.0882787,rice
85,37,39,24.52783742,82.73685569,6.364134967999999,224.67572310000003,rice
98,53,38,20.26707606,81.63895217,5.01450727,270.4417274,rice
88,54,44,25.7354293,83.88266234,6.149410611,233.1321372,rice
95,55,42,26.79533926,82.1480873,5.950660556,193.3473987,rice
99,57,35,26.75754171,81.17734011,5.960370061,272.29990560000005,rice
95,39,36,23.86330467,83.15250801,5.561398642,285.2493645,rice
60,43,44,21.01944696,82.95221726,7.416245107000001,298.40184710000005,rice
63,44,41,24.17298839,83.7287574,5.583370042,257.0343554,rice
62,42,36,22.78133816,82.06719137,6.430010215,248.7183228,rice
64,45,43,25.62980105,83.52842314,5.534878156,209.9001977,rice
83,60,36,25.59704938,80.14509262,6.903985986,200.834898,rice
82,40,40,23.83067496,84.81360127,6.271478837999999,298.5601175,rice
85,52,45,26.31355498,82.36698992,7.224285503,265.5355937,rice
91,35,38,24.8972823,80.52586088,6.13428721,183.6793207,rice
76,49,42,24.958779,84.47963372,5.206373153,196.95600080000003,rice
74,39,38,23.24113501,84.59201843,7.782051312999999,233.0453455,rice
79,43,39,21.66628296,80.70960551,7.062779015,210.8142087,rice
88,55,45,24.63544858,80.41363018,7.730367824,253.7202781,rice
60,36,43,23.43121862,83.06310136,5.286203711000001,219.9048349,rice
76,60,39,20.0454142,80.3477562,6.766240045,208.5810155,rice
93,56,42,23.85724032,82.22572988,7.382762603,195.0948311,rice
65,60,43,21.97199397,81.89918197,5.658169482000001,227.3637009,rice
95,52,36,26.22916897,83.83625819,5.543360237999999,286.5083725,rice
75,38,39,23.44676801,84.79352417,6.215109715,283.9338466,rice
74,54,38,25.65553461,83.47021081,7.120272972,217.3788583,rice
91,36,45,24.44345477,82.45432595,5.950647577000001,267.97619480000003,rice
71,46,40,20.2801937,82.1235421,7.236705436,191.9535738,rice
99,55,35,21.7238313,80.2389895,6.501697816,277.9626192,rice
72,40,38,20.41447029,82.20802629,7.592490617,245.1511304,rice
83,58,45,25.75528612,83.51827127,5.875345751,245.6626799,rice
93,58,38,20.61521424,83.77345559,6.932400225,279.5451717,rice
70,36,42,21.84106875,80.72886384,6.9462098810000015,202.3838319,rice
76,47,42,20.08369642,83.29114712,5.739175027000001,263.6372176,rice
99,41,36,24.45802087,82.74835604,6.738652179,182.5616319,rice
99,54,37,21.14347496,80.33502926,5.5948196260000005,198.6730942,rice
86,59,35,25.78720567,82.11124033,6.946636369,243.5120414,rice
69,46,41,23.64124821,80.28597873,5.012139669,263.1103304,rice
91,56,37,23.43191632,80.56887849,6.363472207999999,269.5039162,rice
61,52,41,24.97669518,83.891805,6.880431223,204.8001847,rice
67,45,38,22.72791041,82.17068809999998,7.300410836,260.8875056,rice
79,42,37,24.87300744,82.84022551,6.587918707999999,295.6094492000001,rice
78,43,42,21.32376327,83.00320459,7.283736617000001,192.3197536,rice
75,54,36,26.29465461,84.56919326,7.023936392,257.4914906,rice
97,36,45,22.2286982,81.85872947,6.939083505,278.0791793,rice
67,47,44,26.73072391,81.78596776,7.868474653,280.4044392,rice
73,35,38,24.88921174,81.97927117,5.005306977,185.9461429,rice
77,36,37,26.88444878,81.46033732,6.136131869,194.5766559,rice
81,41,38,22.67846116,83.72874389,7.5240800760000015,200.9133156,rice
68,57,43,26.08867875,80.37979919,5.706943251,182.9043504,rice
72,45,35,25.42977518,82.94682591,5.758506323,195.3574542,rice
61,53,43,26.40323239,81.05635517,6.349606327,223.3671883,rice
67,43,39,26.04371967,84.96907151,5.9999690260000005,186.7536773,rice
67,58,39,25.2827223,80.54372813,5.453592032,220.1156708,rice
66,60,38,22.08576562,83.47038318,6.372576327000001,231.7364957,rice
82,43,38,23.28617173,81.43321641,5.105588355,242.3170629,rice
84,50,44,25.48591986,81.40633547,5.9353444060000005,182.6549356,rice
81,53,42,23.67575393,81.03569343,5.17782304,233.7034975,rice
91,50,40,20.82477109,84.1341879,6.462391607000001,230.22422230000004,rice
93,53,38,26.92995077,81.91411159,7.069172227,290.67937830000005,rice
90,44,38,23.83509503,83.88387074,7.473134377,241.20135130000003,rice
81,45,35,26.52872817,80.12267476,6.158376967000001,218.9163567,rice
78,40,38,26.46428311,83.85642678,7.549873681,248.2256491,rice
60,51,36,22.69657794,82.81088865,6.028321557999999,256.9964761,rice
88,46,42,22.68319059,83.46358271,6.604993475,194.2651719,rice
93,47,37,21.53346343,82.14004101,6.500343222000001,295.9248796,rice
60,55,45,21.40865769,83.32931909999998,5.935745417000001,287.5766935000001,rice
78,35,44,26.54348085,84.67353597,7.072655622,183.6222657,rice
65,37,40,23.35905428,83.59512273,5.333322606,188.413665,rice
71,54,16,22.61359953,63.69070564,5.7499144210000015,87.75953857,maize
61,44,17,26.10018422,71.57476937,6.931756557999999,102.2662445,maize
80,43,16,23.55882094,71.59351368,6.657964753,66.71995467,maize
73,58,21,19.97215954,57.68272924,6.596060648,60.65171481,maize
61,38,20,18.47891261,62.69503871,5.970458434,65.43835393,maize
68,41,16,21.77689322,57.80840636,6.158830619,102.0861694,maize
93,41,17,25.6217169,66.50415474,6.047906679,105.4654703,maize
89,60,19,25.19192419,66.69029010000001,5.913664501,78.06639649,maize
76,44,17,20.41683147,62.55424820000001,5.855442401,65.27798457,maize
67,60,25,24.92162194,66.78627406,5.750254943,109.2162279,maize
70,44,19,23.31689124,73.4541537,5.852607099,94.29712821,maize
90,49,21,24.84016732,68.3584573,6.4725232870000005,74.05474936,maize
62,52,16,22.27526694,58.84015925,6.9670577620000005,63.87020584,maize
92,44,16,18.87751445,65.76816093,6.082973754,94.76189431,maize
66,54,21,25.19008683,60.200168700000006,5.919045532,72.12375573,maize
63,58,22,18.25405352,55.28220433,6.204747652999999,63.72358154,maize
70,47,17,24.612911800000006,70.4162444,6.600827017,104.1626147,maize
61,41,17,25.1420613,65.26185135,6.021902237000001,76.68456006,maize
66,53,19,23.09348056,60.11593810000001,6.033550195,65.49730729,maize
74,55,19,18.05033737,62.89366992,6.28886807,84.23613484,maize
77,57,21,24.9321581,73.80435276,6.550563822999999,79.74078719,maize
99,50,15,18.14710054,71.09445342,5.573286437,88.07753741,maize
74,56,22,18.28362235,66.65952796,6.829199275,80.97573281,maize
83,45,21,18.83344471,58.75082029,5.716222912,79.75328959999999,maize
100,48,16,25.71895816,67.22190688,5.54990242,74.51490791,maize
79,51,16,25.33797709,68.49835977,6.586244581,96.46380213,maize
94,39,18,23.89114571,57.48775781,5.893093135,102.8301942,maize
75,49,15,21.53574127,71.50905983,5.918263801,102.4852929,maize
78,48,22,23.08974909,63.10459626,5.588650585,70.43473609,maize
87,54,20,25.61707368,63.4711755,6.576418207000001,108.8303762,maize
87,35,25,21.44526922,63.1621551,6.178056304,65.88951188,maize
63,43,19,18.51816776,55.53128131,6.641906353,90.988051,maize
84,57,25,22.53510514,67.99257471,6.489040367,64.40866039,maize
64,35,23,23.02038334,61.89472002,5.680361037999999,63.03843397,maize
60,46,22,24.89364635,65.61418761,6.625404347999999,87.9298085,maize
98,44,21,25.77175115,74.089114,6.524478032,107.4931917,maize
75,56,18,19.39851734,62.35750641,5.696205468,60.95197486,maize
86,55,21,21.54156232,59.64024162,6.803931519,109.7515385,maize
98,35,18,23.79746068,74.82913698,6.252797547999999,91.76337172,maize
76,57,18,18.9802729,74.52600826,6.092725883,94.26249353,maize
99,56,17,24.10859207,73.13112261,6.234330356,71.07562236,maize
60,44,23,24.7947077,70.04556743,5.722579819,76.72860067,maize
74,48,17,21.63162756,60.27766379,6.430616465,69.21803098,maize
89,60,17,25.37548751,57.21025565,5.983952675,101.7004306,maize
69,51,23,22.21738222,72.85462807,6.80163854,106.6213157,maize
96,46,22,20.58314011,69.00128641,6.499936446,66.29390357,maize
61,60,15,24.87502824,68.74248334,6.265564338,91.26056654,maize
74,58,18,20.03728219,56.35606753,6.727303282,109.024141,maize
74,43,23,25.95263264,61.89082199,6.325235159,99.57981207,maize
63,43,17,19.28889933,65.47050802,6.807487794,71.3195307,maize
99,36,20,20.57981887,65.34583901,6.671085817000001,78.34604471,maize
77,36,23,24.71417533,56.73426469,6.648725327,88.45361858,maize
87,60,23,20.27317074,63.91281869,6.439071996,62.50351892,maize
60,38,17,18.41932981,64.23580251,6.474476516,76.41312437,maize
94,54,17,23.39128187,61.74427165,5.871647806,107.3198135,maize
95,38,22,19.84939404,61.24500053,5.730617109,100.7689246,maize
84,44,21,21.869274,61.91044947,5.850439831,107.2681929,maize
77,58,19,22.8056033,56.50768935,5.791649933,101.5952794,maize
66,44,20,19.0781471,69.02298571,6.740000687999999,80.72515943,maize
63,35,16,22.02720976,65.35549924,6.272417541,83.73280082,maize
79,45,20,23.80546189,59.24537979,5.715208817000001,89.96220140000001,maize
72,60,25,18.52510753,69.0276233,5.773454729,88.10234397,maize
67,51,24,23.50297882,61.32026065,5.584171461,64.77791424,maize
86,36,24,26.54986394,72.89187265,5.787268394,73.33636055,maize
76,48,18,19.29563411,69.63481219,5.77597783,83.21030571,maize
75,53,18,20.68899915,59.4375337,6.864793607,103.651438,maize
81,45,23,19.32666088,68.03449300000001,6.192360002999999,84.22969177,maize
73,45,21,24.60532218,73.58868502,6.636803222999999,96.59195302,maize
71,35,24,22.27373646,59.52193158,5.826426917,67.96704792,maize
96,54,22,25.70196694,61.33450447,6.960358276,83.20711308,maize
99,39,18,19.20129357,68.30578978,6.11275104,87.85092352,maize
62,48,20,21.70181447,60.47470519,6.708446922,95.71388473,maize
86,37,16,20.51716779,59.21235483,5.561510732,67.61013737,maize
94,50,19,23.30355338,73.62548442,5.873242491,97.59081274,maize
76,39,24,24.2547451,55.64709899,6.995843776,64.23845455,maize
77,52,17,24.86374934,65.7420046,5.714799723,75.82270467,maize
74,39,23,22.6265115,65.77472881,6.78073637,88.17251033,maize
81,49,20,18.04185513,60.61494304,5.513697923,104.2321615,maize
63,42,21,23.26237612,72.33125523,5.798423907999999,67.10225139,maize
99,38,21,22.88330922,71.59722446,6.352471866,67.72777298,maize
90,52,25,25.97482359,69.36385721,6.822586546,103.2234212,maize
68,40,19,26.14384005,66.20569924,6.655426355,107.2361366,maize
60,57,24,18.66116213,61.55327249,6.1212940410000005,75.03247667,maize
71,52,18,25.10787449,55.97732754,5.790770202999999,78.16077693,maize
61,59,17,23.33844615,59.24580604,6.47444292,105.0083144,maize
88,38,15,25.08239719,65.92195844,6.455116637000001,62.49190812,maize
65,60,22,25.36768364,72.52054555,6.6069840860000015,107.9124111,maize
78,37,22,25.34217103,63.31801994,6.330554389,74.52082026,maize
78,58,15,25.00933355,67.816568,6.5286312660000005,62.91359494,maize
92,60,23,18.66746724,71.516474,5.721667141,69.93293255,maize
79,59,17,20.37999665,63.73849998,6.644205485,108.5054416,maize
91,55,15,18.09300227,72.61024172,6.376651091,78.96159541,maize
76,51,18,26.16985907,71.96246617,6.247040422,79.84925393,maize
87,48,25,18.65396672,61.37879671,6.656730007999999,93.62039175,maize
71,60,22,26.07470121,59.37147589,6.2048017,85.75692395,maize
90,57,24,18.92851916,72.80086137,6.158860284,82.34162918,maize
67,35,22,23.30546753,63.24648023,6.385684213999999,108.7603001,maize
60,54,19,18.74826712,62.49878458,6.417820493,70.23401597,maize
83,58,23,19.74213321,59.66263104,6.381201909,65.50861389,maize
83,57,19,25.73044432,70.74739256,6.877869005,98.73771338,maize
40,72,77,17.02498456,16.98861173,7.485996067,88.55123143,chickpea
23,72,84,19.02061277,17.13159126,6.920251378,79.92698081,chickpea
39,58,85,17.88776475,15.40589717,5.9969320370000005,68.54932919,chickpea
22,72,85,18.86805647,15.65809214,6.391173589,88.51048983,chickpea
36,67,77,18.36952567,19.56381041,7.152811172000001,79.26357665,chickpea
32,73,81,20.45078582,15.40312102,5.988992796000002,92.68373702,chickpea
58,70,84,20.6543203,16.60820843,6.231049027999999,74.6631118,chickpea
59,70,84,17.3348681,18.74926979,7.550808267000001,82.61734721,chickpea
42,62,75,18.17912258,18.90426935,7.010570541,81.84997529,chickpea
28,74,81,18.01272266,18.30968112,8.753795334,81.98568791,chickpea
58,66,79,20.99373558,19.33470387,8.718192847000001,93.55280105,chickpea
43,66,79,19.46233971,15.22538951,7.976607593,74.58565097,chickpea
58,63,81,19.81344531,14.69765308,6.515499548999999,78.96514709,chickpea
23,62,85,18.97424756,19.5161216,8.490127142,80.7108745,chickpea
27,62,77,18.19737048,14.71070537,6.576415562,70.18185181,chickpea
28,72,84,18.72963144,19.18197264,6.481783042999999,71.58010169,chickpea
50,56,76,20.99502153,19.8601304,7.966605025,73.50734019,chickpea
39,71,84,20.28155898,16.39535215,8.140825437,82.52339655,chickpea
25,78,76,17.48042641,15.7559405,7.228963452,66.96980581,chickpea
31,70,77,20.88818675,14.32313811,6.492546046,90.46228334,chickpea
26,80,83,17.08498521,16.14565756,7.528599957000001,71.31007253,chickpea
25,68,77,20.09340593,15.11279612,7.701446446,85.74904898,chickpea
31,78,76,17.57212145,14.99927489,8.519975748,89.31050665,chickpea
60,68,83,19.12065218,18.43475844,6.620900869,85.52950164,chickpea
59,62,83,18.57665902,19.22008229,8.104396057999999,72.94940441,chickpea
22,67,78,17.16606398,14.42457525,6.204090835,72.32667516,chickpea
36,65,80,18.2872007,16.67921616,6.051091339,74.87445574,chickpea
59,60,84,19.03025305,18.66725565,7.690962337999999,94.70992037,chickpea
54,77,85,17.141861399999996,17.0662427,7.8292111439999985,83.74606679,chickpea
43,68,81,17.47809436,17.93253975,6.761599706,78.92060234,chickpea
28,76,82,20.56601874,14.25803981,6.654425315,83.75937135,chickpea
42,79,85,17.22385224,15.82069268,6.129533877,76.57580954,chickpea
32,60,83,19.69141713,19.44225438,8.829273328,91.76071648,chickpea
22,78,76,17.84851658,19.09172907,8.621662982,76.32470713,chickpea
31,79,75,18.8202251,16.1074793,8.204862075,89.73119396,chickpea
28,58,81,17.47500984,16.54314829,6.18042747,93.35034262,chickpea
57,58,77,18.72649425,17.58406365,7.978996755,81.20176515,chickpea
49,55,78,18.65580107,16.17772668,7.863113671,81.70769297,chickpea
46,76,77,18.2356751,19.68538502,6.967843048,83.74879344,chickpea
54,61,77,18.81198127,15.21618225,6.206582192999999,77.54294240000002,chickpea
38,60,76,18.65054116,17.80852431,8.868741443,77.92798682,chickpea
59,55,79,20.36720401,16.89574311,8.766128654,82.2545577,chickpea
36,76,75,18.38120357,16.63805158,8.736337905,70.52056697,chickpea
57,68,81,17.17012591,17.30457712,8.081095263,72.78624223,chickpea
35,66,81,19.37101121,15.77458129,6.138243973,85.24819851,chickpea
35,64,78,17.92845928,14.27327988,7.496645259,85.37378769,chickpea
52,60,79,19.45339934,18.23490739,8.380185271,75.6317566,chickpea
27,76,83,19.12829388,14.92241479,6.289614016,89.61857826,chickpea
57,60,84,19.1034283,17.26184541,6.586777189,75.49101167,chickpea
52,68,78,17.48504075,16.96070581,6.89655198,86.05078037,chickpea
43,79,79,19.40751744,18.98030507,7.8067476560000015,80.25064637,chickpea
44,74,85,20.18649426,19.63719995,7.150681303,78.26039559,chickpea
24,55,78,17.30287885,15.15405941,6.64919573,75.57790384,chickpea
29,77,75,17.50361137,15.48083156,7.778591617999999,72.9446671,chickpea
20,60,78,18.17234999,14.70085967,6.358740355,90.7760707,chickpea
56,67,78,17.57445618,16.71826572,8.255450758,77.81891424,chickpea
37,66,85,20.93175255,18.91295403,6.456148474,78.06910795,chickpea
49,71,76,19.71098332,17.63879418,6.613072145,85.57925437,chickpea
59,69,80,19.07937684,17.86754927,8.165359297,69.40619137,chickpea
20,79,77,18.54988627,16.02542689,7.64867466,76.32565249,chickpea
24,56,85,18.19903647,17.41333199,6.545888558,80.6405403,chickpea
51,72,75,18.88852533,14.99451145,7.1042247970000005,80.11133840000002,chickpea
57,73,85,18.49311205,14.72115044,7.358099622,91.94595352,chickpea
22,64,82,19.48974337,17.17260319,6.4740245000000005,87.51312796,chickpea
52,73,79,17.25769499,18.74943955,7.840339388999999,94.00287214,chickpea
29,75,75,19.62416326,18.71483156,7.064790365,88.4585692,chickpea
44,59,78,20.67526473,19.85388984,7.599033472,84.78344008,chickpea
41,69,82,20.02381489,16.63294455,6.715587232000001,68.97806542,chickpea
52,56,85,20.118744600000007,14.44228303,6.81712422,88.68168643,chickpea
34,76,80,20.65691793,15.84572566,7.985417393,65.23811143,chickpea
42,74,83,19.2582557,14.2804191,7.545258424,65.78042032,chickpea
34,71,79,17.927806,15.85622899,7.728998197,74.63872762,chickpea
27,73,79,19.16288268,15.83500655,7.354973451,82.69766829,chickpea
30,70,79,20.26942271,19.96978871,7.313122235,69.64449182,chickpea
57,57,75,17.09104223,18.25142068,7.785039076,87.27444866,chickpea
27,79,82,17.06579293,17.54024066,6.307004922999999,70.87150577,chickpea
32,71,85,20.62767492,14.44008871,6.4039823160000005,92.06630306,chickpea
31,76,82,20.8248451,17.85057083,7.599279991,79.20509212,chickpea
33,75,84,19.46210401,18.72831993,7.217018459,68.81405149,chickpea
47,80,77,17.18248372,16.42891834,7.561108006,72.85017344,chickpea
54,62,80,17.48911699,16.39055394,7.489545074,79.45758333,chickpea
47,79,78,17.48395377,14.76014523,6.609696734,65.11365631,chickpea
35,57,83,19.48316794,17.44534641,7.476800943,80.4986291,chickpea
53,73,77,19.71359733,18.09665739,7.325451279,73.64476535,chickpea
45,61,78,19.48649305,16.06240074,6.489389282,81.52842690000001,chickpea
37,78,79,19.95264829,14.82633099,7.786366322,88.6810311,chickpea
30,75,81,19.41789736,16.80472243,6.4084378860000015,68.4951189,chickpea
37,55,82,19.45591848,18.02235902,8.423873703,78.44910564,chickpea
53,65,76,20.19137759,16.41998269,8.719960893,77.33795356,chickpea
22,60,85,18.8392908,14.74071856,7.811997977000001,94.78189594,chickpea
60,61,78,20.71219282,19.83643308,6.317153205,94.03659867,chickpea
42,67,77,18.99424448,15.9362937,7.114405288,78.69707199,chickpea
39,76,76,19.96837462,15.57324389,8.135900726000001,69.15759062,chickpea
35,63,76,17.81564548,17.60756635,7.714153037999999,90.82097601,chickpea
30,65,82,20.71424384,15.27824066,7.103798069,76.77888672,chickpea
57,56,78,17.34150229,18.75626255,8.861479668,67.9545435,chickpea
48,65,78,17.43732714,14.33847406,7.861128148,73.0926704,chickpea
36,56,83,18.89780215,19.76182946,7.4526709,69.09512477,chickpea
40,58,75,18.59190771,14.77959596,7.168096055,89.60982451,chickpea
49,69,82,18.31561493,15.36143547,7.26311855,81.78710463,chickpea
13,60,25,17.13692774,20.59541693,5.68597166,128.256862,kidneybeans
25,70,16,19.63474332,18.90705639,5.759237003,106.3598183,kidneybeans
31,55,22,22.91350245,21.33953114,5.873171894,109.225556,kidneybeans
40,64,16,16.43340342,24.24045875,5.926676985,140.3717815,kidneybeans
2,61,20,22.13974653,23.02251117,5.95561668,76.64128258,kidneybeans
26,65,22,17.84806561,18.77621951,5.9499490810000015,143.09841709999995,kidneybeans
17,57,21,19.88394011,20.31564139,5.789214288999999,60.91974792,kidneybeans
26,80,18,19.32509638,23.3334788,5.581021521,104.7783947,kidneybeans
17,59,17,18.416700100000003,23.42829938,5.689858133,132.9801054,kidneybeans
27,59,22,21.81167649,23.20591245,5.794158503999999,130.0608093,kidneybeans
28,58,24,19.72702528,18.28173015,5.748190462999999,143.7630894,kidneybeans
25,57,19,17.15432954,19.87070659,5.566522896,87.99669731,kidneybeans
28,80,17,19.62207826,18.67170854,5.809419584,144.1567454,kidneybeans
25,60,22,21.63149148,21.17919701,5.887263027,134.3649948,kidneybeans
12,78,23,16.06522754,18.72479695,5.99812453,88.06638775,kidneybeans
6,77,25,20.61162204,24.36314135,5.792744849,69.63833855,kidneybeans
22,79,17,21.42451099,20.39659714,5.912289889,116.5206923,kidneybeans
27,80,15,19.07096165,21.21092266,5.7883869510000014,86.21917578,kidneybeans
10,55,23,21.18853178,19.63438599,5.728233081,137.1948633,kidneybeans
23,65,20,23.0429097,22.42610972,5.833940084,108.3684316,kidneybeans
19,78,16,20.65375833,23.10538637,5.967533236,67.71768947,kidneybeans
19,65,25,18.09551014,18.29318436,5.6250964460000015,144.7902323,kidneybeans
22,70,19,18.23775702,21.07643273,5.515615023,69.44951585,kidneybeans
37,64,22,17.48189735,18.8251973,5.954665349,121.9401369,kidneybeans
11,71,17,19.9191786,21.47324158,5.74644777,82.68554379,kidneybeans
18,79,20,20.27514686,23.2353604,5.877347515,139.7521543,kidneybeans
21,63,17,15.77370214,19.2303162,5.979973965,108.3441414,kidneybeans
24,80,22,16.71170642,19.17651433,5.635993966,96.77285817,kidneybeans
34,60,22,17.66148158,18.15302753,5.635231778,100.6711761,kidneybeans
16,75,21,18.50692825,23.61670065,5.679224346,87.05132890000002,kidneybeans
17,77,23,24.51324787,20.81527638,5.670062975,64.19497947,kidneybeans
37,72,18,18.87614998,24.54038287,5.724242065,105.4120514,kidneybeans
40,73,20,21.59343016,20.31871249,5.811314232000001,61.13872036,kidneybeans
9,77,17,20.12373284,24.45202552,5.783425416,106.158201,kidneybeans
1,62,23,15.43546065,18.37477907,5.607808432000001,139.0302034,kidneybeans
33,59,22,22.64236876,21.59396123,5.946999529,122.3886015,kidneybeans
23,59,19,21.98560799,24.87304788,5.852046999,129.5650601,kidneybeans
6,62,22,20.53052663,18.09224048,5.824090984,120.4509288,kidneybeans
25,63,20,15.78601387,21.14544088,5.502999119,95.17028129,kidneybeans
7,79,23,19.6365349,19.68751084,5.821649914,96.65888933,kidneybeans
8,72,17,20.57341244,19.7520218,5.711439256,87.87869161,kidneybeans
27,64,15,20.16080524,24.84207559,5.514927264,138.2362122,kidneybeans
28,66,23,21.53989176,24.25386207,5.99616119,120.6913038,kidneybeans
32,57,18,15.53834801,23.75560241,5.695422862999999,107.3850593,kidneybeans
27,56,22,19.91853092,20.70099804,5.833010957999999,108.6434544,kidneybeans
17,77,24,20.76952209,18.93146941,5.568456899,109.0193712,kidneybeans
0,65,15,23.46168338,23.22197648,5.645435626,95.84253438,kidneybeans
13,72,21,24.32116642,21.0278674,5.821194486,60.27552528,kidneybeans
34,60,23,20.12574053,24.96969858,5.659254981,100.0497183,kidneybeans
9,80,19,21.80619564,18.57086554,5.945465949,125.0972687,kidneybeans
11,72,20,19.52226241,24.92607153,5.9511774520000005,113.334026,kidneybeans
3,67,24,17.00067625,19.90790546,5.520880013999999,103.2926407,kidneybeans
35,69,23,16.78791503,24.96881755,5.578410206,75.45328039,kidneybeans
3,77,25,24.84906168,22.89464642,5.608165195,62.21292186,kidneybeans
23,62,19,16.51783455,20.4555596,5.609435127999999,98.77794225,kidneybeans
22,71,17,18.15300153,19.38602098,5.509295379,107.6907964,kidneybeans
31,79,25,23.18864385,22.3104551,5.902033406,63.38208822,kidneybeans
34,59,18,23.38002569,21.98879437,5.744117663,87.66898664,kidneybeans
12,63,17,18.358923,19.37703396,5.717143397,138.414764,kidneybeans
27,56,20,19.25975367,20.51346956,5.542690119,94.9533526,kidneybeans
7,63,24,22.95458237,24.03553105,5.858617867,107.7315386,kidneybeans
24,67,22,20.120043,22.89845607,5.618844277000001,104.6252153,kidneybeans
11,71,24,21.14011423,22.7182355,5.6066203460000015,141.6056722,kidneybeans
37,74,15,24.92360104,18.22590825,5.582178402,62.7089169,kidneybeans
25,76,24,15.33042636,24.91506728,5.56503533,135.3315583,kidneybeans
34,66,17,18.81097271,21.27833035,5.889614577000001,125.084915,kidneybeans
20,69,15,23.44260668,22.77255917,5.934136378,107.4137246,kidneybeans
37,65,16,22.8352024,18.97267518,5.683548308,63.59276673,kidneybeans
18,74,15,24.9035819,22.27512704,5.70836603,146.4727237,kidneybeans
4,67,25,23.78709569,24.35679348,5.948164454,119.6404412,kidneybeans
37,56,25,22.05592283,19.60379304,5.774755143999999,126.7265372,kidneybeans
5,59,15,18.87492997,20.18238348,5.97229163,134.1811718,kidneybeans
11,61,21,18.62328774,23.02410338,5.532100554,135.33780330000002,kidneybeans
22,80,20,23.00884744,18.86880997,5.669560726,100.118612,kidneybeans
12,61,19,19.33162606,24.13995025,5.655726817000001,68.51253427,kidneybeans
5,74,21,16.24469193,21.35793891,5.591704013999999,66.97053257,kidneybeans
27,69,22,17.91652287,24.90814655,5.932323085,69.14681022,kidneybeans
31,75,18,15.46789263,21.43780702,5.824208308999999,88.88796102,kidneybeans
36,68,20,17.06104474,23.77201471,5.86442953,81.83420522,kidneybeans
5,65,16,21.32776028,18.48522915,5.866744372,109.1013261,kidneybeans
32,79,15,23.90910104,20.74619325,5.706198621,81.60211243,kidneybeans
11,78,22,23.89756791,22.74378977,5.940546818,112.6616435,kidneybeans
0,55,22,22.98666928,20.57940608,5.916779289,143.85849380000005,kidneybeans
14,59,15,21.35135729,22.91244883,5.779090476,146.4548645,kidneybeans
29,68,23,24.1638445,19.27907819,5.82738029,116.7324324,kidneybeans
32,68,19,24.62835037,18.18325169,5.514234138,149.7441028,kidneybeans
17,64,17,21.02213209,24.93896255,5.662699104,124.6118471,kidneybeans
13,69,19,17.30844532,20.01730914,5.86390397,115.199245,kidneybeans
14,67,22,23.82576704,24.75485098,5.624690247999999,84.64143632,kidneybeans
9,69,20,19.30607278,23.96362799,5.591560999,129.3449326,kidneybeans
20,73,22,16.03768615,22.33195853,5.976312537999999,130.3900798,kidneybeans
40,78,20,19.18572809,20.83398341,5.669236258,80.15293435,kidneybeans
27,72,23,19.92889503,21.79992115,5.961934481,64.02640797,kidneybeans
14,67,15,19.56376468,24.67385131,5.690065688,139.2921004,kidneybeans
7,56,18,18.31357543,24.32991649,5.698371311,76.14153904,kidneybeans
27,65,18,20.10993761,23.22323766,5.59503163,73.36386477,kidneybeans
30,63,16,23.60506572,21.90539577,5.5259045260000015,100.5978728,kidneybeans
37,70,25,19.73136909,24.89487354,5.819403771,84.06354115,kidneybeans
27,63,19,20.93409877,21.1893007,5.562201934,133.1914419,kidneybeans
22,60,24,18.78226261,20.24768314,5.630664753,104.2570723,kidneybeans
3,72,24,36.51268371,57.92887167,6.03160778,122.6539694,pigeonpeas
40,59,23,36.89163721,62.73178224,5.269084669,163.7266551,pigeonpeas
33,73,23,29.23540524,59.38967583,5.985792703,103.3301803,pigeonpeas
27,57,24,27.33534897,43.35795962,6.09186275,142.33036769999995,pigeonpeas
10,79,18,21.0643684,55.46985938,5.624731337999999,184.6226709,pigeonpeas
30,75,25,30.33276599,42.35249879,6.446091759,149.299952,pigeonpeas
40,70,20,31.80130272,45.03186173,5.623490042999999,147.03614419999997,pigeonpeas
38,55,19,33.18184225,38.23184742,5.864623352000001,198.8298806,pigeonpeas
35,58,20,29.38538562,63.47742011,5.761702519,90.05422663,pigeonpeas
38,61,21,30.27374995,67.38680755,4.696518678,127.7767134,pigeonpeas
33,58,24,35.45790488,68.75810535,5.269504214,108.6333046,pigeonpeas
16,56,17,33.80020039,40.03262418,7.445444882999999,176.6165894,pigeonpeas
31,72,17,28.69180475,49.47225353,5.833031707999999,96.36222901,pigeonpeas
16,80,20,31.24021696,56.67369054,7.3393209289999986,122.0146733,pigeonpeas
27,72,17,28.98039357,57.23265151,6.347929353,120.7435664,pigeonpeas
40,62,19,27.32198928,34.13737127,4.697750704,96.51524028,pigeonpeas
18,58,16,21.47607807,38.80023714,4.962661422,180.382234,pigeonpeas
3,68,16,18.31910448,34.69776639,4.964887857,107.4721605,pigeonpeas
26,67,24,36.97794384,37.73992903,5.642813116,161.48129630000005,pigeonpeas
16,70,20,24.80467592,40.1242747,5.6093956,121.5639121,pigeonpeas
24,63,19,19.3479443,55.96805489,4.681576043,194.5921148,pigeonpeas
9,76,25,28.88302142,50.12323801,5.70951224,179.2155874,pigeonpeas
16,55,19,19.54314136,47.19188279,6.413543781,192.4372194,pigeonpeas
28,75,21,24.7741949,50.54621094,6.007508163,114.2821387,pigeonpeas
16,71,24,18.33124824,38.40975482,4.946369874,139.64833169999997,pigeonpeas
24,70,21,19.14729038,45.3733757,5.517208078,132.7748215,pigeonpeas
38,72,21,28.23416057,49.4421345,5.902103172,186.5008581,pigeonpeas
9,66,21,30.11812084,34.13307843,5.719889876,157.0858232,pigeonpeas
34,56,17,33.4126864,35.42910045,4.548202098,139.6702541,pigeonpeas
1,76,19,24.18553163,46.68746847,6.6695294160000005,177.3377996,pigeonpeas
6,69,19,26.88630675,41.69617915,4.7509292180000005,94.46748008,pigeonpeas
26,73,21,31.33170829,57.97429171,4.946263888,161.7820226,pigeonpeas
27,61,18,33.30711818,67.07780816,5.266227032,108.5090168,pigeonpeas
27,71,23,23.45379018,46.48714759,7.10959773,150.87122019999995,pigeonpeas
36,61,21,34.53823889,39.04468913,5.617008201,168.5948318,pigeonpeas
17,73,18,19.50112224,34.51086611,5.632353113,197.3752649,pigeonpeas
26,72,22,28.76794904,37.57792132,4.674941549,91.72084869,pigeonpeas
17,64,16,30.97758716,32.24914235,7.161797643,180.716828,pigeonpeas
14,74,19,18.39759147,36.82639309,6.624966131,93.12330644,pigeonpeas
39,60,15,35.09357419,30.98685456,5.004074623999999,116.9106908,pigeonpeas
6,66,15,34.93174223,30.40046769,6.3458060110000005,159.2649827,pigeonpeas
8,59,18,29.50523036,35.72032498,6.216814453,187.8961851,pigeonpeas
2,67,18,34.51934775,47.52980027,5.921666758,129.0064612,pigeonpeas
1,76,17,28.43430726,52.10010827,6.012719118,147.0414824,pigeonpeas
16,73,19,18.41645629,34.80541039,4.684079249,163.27474730000003,pigeonpeas
23,75,25,31.07508973,47.19847683,7.077170002000001,91.31256412,pigeonpeas
32,70,20,20.89342749,46.24856523,6.208843215,195.5697875,pigeonpeas
28,59,22,30.90607799,52.79913039,7.05181629,170.99198280000005,pigeonpeas
5,62,23,27.9348279,66.45457122,4.722222454,145.3728801,pigeonpeas
36,67,25,35.95176642,36.52780776,6.418062652000001,136.0456753,pigeonpeas
1,66,23,19.54317155,56.92831399,4.803564468,173.1686574,pigeonpeas
24,73,20,19.63736208,32.31528909,4.608695247,176.4134092,pigeonpeas
17,67,18,31.2192752,56.46868874,5.611510977000001,129.20286529999998,pigeonpeas
5,55,18,33.50876355,45.70976142,7.322097972000001,126.6738117,pigeonpeas
5,56,24,24.80710166,45.01110015,5.023115055,188.4928637,pigeonpeas
37,77,17,36.20970524,31.94550613,5.617122801,191.0658531,pigeonpeas
13,73,20,30.50420876,35.48885969,5.391560417999999,162.59277230000004,pigeonpeas
6,63,23,26.01630259,49.94704718,5.906596905,160.33374469999995,pigeonpeas
16,77,22,31.48469278,35.6395615,6.574209678,100.546816,pigeonpeas
25,64,20,33.15122581,32.45974539,4.807776748999999,105.03802749999998,pigeonpeas
34,75,24,23.50222822,51.29019509,4.760038038999999,192.3023991,pigeonpeas
20,77,23,34.87248659,38.83786012,5.180271502,148.25027859999997,pigeonpeas
35,80,25,28.09269012,44.93322042,4.895927306,197.1144011,pigeonpeas
14,75,24,24.54757829,57.3414485,6.436160044,118.3606557,pigeonpeas
36,80,21,33.64769646,48.41490082,7.066087261,100.4673278,pigeonpeas
7,77,18,20.5591255,60.54880693,6.655918077999999,191.0895109,pigeonpeas
29,78,25,19.95991719,59.33157782,5.982854522999999,195.787103,pigeonpeas
30,60,21,28.87667593,62.4901206,5.457871272999999,182.2688175,pigeonpeas
20,74,16,36.04353699,43.61444121,4.759490199,159.8938645,pigeonpeas
19,57,23,23.6734328,47.2879691,7.342409555,141.12507219999995,pigeonpeas
3,60,19,25.74679443,40.7192594,4.820788186000001,100.7791633,pigeonpeas
5,77,19,31.08564994,66.68832981,6.242052013,175.9303271,pigeonpeas
5,68,20,18.72987676,61.33186249,5.001038726,139.8710041,pigeonpeas
37,73,21,29.50304807,63.46513414,5.560224582999999,189.5208915,pigeonpeas
9,59,24,20.43517772,39.37252634,4.747352458,137.22796619999997,pigeonpeas
20,72,15,36.00415838,56.01334416,7.313517308,134.8596466,pigeonpeas
31,56,23,31.46846241,35.39454002,5.661826398,174.5723999,pigeonpeas
0,70,21,36.30049702,56.03021253,4.672437054,101.6073988,pigeonpeas
21,74,15,29.49096726,67.10604388,6.471862118,153.2504506,pigeonpeas
13,67,18,30.5753044,34.75591197,5.384762927000001,177.5764304,pigeonpeas
27,74,20,24.69487673,59.96669215,5.8598134160000015,91.95792434,pigeonpeas
29,72,24,23.17409556,36.67847052,6.962386495,162.5931264,pigeonpeas
5,68,20,19.04380471,33.10695144,6.12166671,155.3705624,pigeonpeas
39,57,19,29.32379604,45.93248374,6.421748487,165.4113371,pigeonpeas
22,62,16,34.6455408,54.32342534,4.828936119,180.9009998,pigeonpeas
18,55,23,21.9989826,56.31006755,6.98571967,136.82743119999998,pigeonpeas
39,77,21,22.99774444,60.24218572,4.603563116,159.689339,pigeonpeas
13,75,20,30.55992394,35.29006485,6.979540061,178.8998611,pigeonpeas
27,71,24,31.46417866,48.17631461,7.064973419,165.40535400000005,pigeonpeas
26,64,22,25.95058595,40.58227261,5.16516459,109.1821183,pigeonpeas
23,55,16,21.01142393,69.69141302,5.111488821,185.2039114,pigeonpeas
4,69,19,19.25100056,47.70351758,5.374358869,149.063196,pigeonpeas
20,67,19,19.24462755,50.54495302,5.671419084,180.6465282,pigeonpeas
7,74,17,22.47253208,62.56532471,5.667419697000001,96.74706956,pigeonpeas
17,64,18,36.75087487,58.25799145,6.07938452,124.6028153,pigeonpeas
35,71,17,29.89286629,66.35375127,6.931924962999999,198.1403003,pigeonpeas
11,72,22,29.37735586,44.82294584,6.842744374,172.40168,pigeonpeas
20,60,22,29.65052947,42.89833235,6.876572502999999,186.9226052,pigeonpeas
10,71,18,19.54284889,66.34777265,6.151029296,173.11069819999997,pigeonpeas
33,61,24,20.04611791,48.93905624,4.567446499,122.4564203,pigeonpeas
3,49,18,27.91095209,64.70930606,3.692863601,32.67891866,mothbeans
22,59,23,27.32220619,51.27868781,4.371745575,36.5037914,mothbeans
36,58,25,28.66024187,59.3189118,8.399135957999999,36.92629678,mothbeans
4,43,18,29.02955344,61.09387478,8.840656256,72.98016599,mothbeans
29,54,16,27.78031515,54.65030015,8.153022903,32.05025323,mothbeans
32,43,22,31.99928579,54.1077461,5.270749441,71.6266696,mothbeans
14,55,15,27.33580911,55.27755933,8.050304395,73.44775287,mothbeans
5,35,20,28.92952635,53.57014709,9.679240873,66.35634104,mothbeans
25,57,24,27.65472156,58.59986279,6.974978386,36.94255012,mothbeans
11,53,24,28.52396666,55.77264351,7.39389918,61.32935611,mothbeans
40,49,17,31.02215872,45.89239456,6.68727523,53.56783314,mothbeans
38,56,25,25.74095321,45.38497051,7.88118645,67.43488235,mothbeans
27,43,23,31.70447482,56.85420099,5.875333778,44.94317432,mothbeans
24,38,22,24.47876451,58.51663927,8.202706015,34.96933295,mothbeans
23,45,21,31.46511256,51.79939437,8.985348193,74.44330654,mothbeans
29,57,20,25.60973447,50.7330069,5.87707519,53.39249517,mothbeans
31,35,23,30.30260453,47.18283631,7.707595055,68.04039813,mothbeans
0,55,25,28.17489437,43.6672299,4.524171562,45.78172762,mothbeans
7,45,22,25.50634557,44.8302551,9.926212291,74.32635105,mothbeans
17,58,25,31.12896766,43.58788762,6.455592696,32.76742894,mothbeans
11,44,17,26.34043268,55.59160391,8.016210782,35.1051197,mothbeans
22,49,22,28.23494706,61.5620517,3.71105919,72.66666443,mothbeans
9,51,19,27.04453473,49.32609633,5.49091063,48.25207759,mothbeans
28,48,15,25.16125354,55.25435777,9.254089438,40.89732789,mothbeans
26,50,19,27.3179125,51.66921088,6.005242945,32.55919573,mothbeans
36,56,20,25.4123765,49.66474269,7.437078236,31.87416982,mothbeans
8,60,18,31.21629982,46.01868196,3.808429173,53.1205277,mothbeans
24,37,21,30.573999,58.22686794,5.818219385,62.74803826,mothbeans
22,43,24,25.42517036,53.22082660000001,4.52363558,46.19374559,mothbeans
36,43,24,27.09400578,43.65305437,3.510404312,41.53749535,mothbeans
22,44,24,24.30935081,56.32938343,6.030447288,58.99536268,mothbeans
17,43,22,30.06142622,45.90067655,5.498340807999999,41.0550915,mothbeans
8,45,15,28.09568993,60.98353839999999,4.61136408,33.84110759,mothbeans
7,56,23,26.33908791,40.00933429,5.545219232000001,55.50429227,mothbeans
36,57,16,28.61409059,57.14218792,8.292875733999999,57.02891698,mothbeans
11,45,19,28.70012137,44.359648,3.828031463,44.11622138,mothbeans
6,36,22,24.21610338,59.79236306,8.869532817,42.24783476,mothbeans
17,57,20,28.50677929,45.20094476,3.793575185,66.1761456,mothbeans
4,47,20,25.97948991,64.95585424,4.193189124,72.19245835,mothbeans
9,49,16,30.88482722,41.36561835,7.661537347999999,55.053805,mothbeans
25,51,24,25.5042419,61.66852372,9.392694614,65.07981523,mothbeans
36,44,21,25.12528913,51.33189406,4.516154055,38.48678973,mothbeans
21,38,20,27.10508014,63.56791363,5.794289715,62.20279647,mothbeans
37,57,20,31.1006247,44.82069159,7.354286985,70.79934452,mothbeans
32,48,18,26.45707778,56.40226277,5.993513566,64.16167699,mothbeans
29,44,20,30.04132304,63.56222995,8.620107545,31.83192392,mothbeans
25,51,18,27.77799528,54.82130787,9.45949344,50.28438729,mothbeans
10,44,24,30.99256944,43.02151392,8.0344125,58.27600682,mothbeans
23,35,18,26.4908332,47.36534833,5.414492777,36.99362831,mothbeans
9,60,23,31.96987867,57.17377029,6.2760043360000015,64.25520357,mothbeans
3,58,21,25.36140526,46.82652785,9.160691747,55.60523179,mothbeans
22,42,22,25.54249137,56.96640758,7.887658711,48.46797044,mothbeans
12,39,21,28.99319096,62.85948245,8.183844843,70.4713043,mothbeans
39,36,22,29.34317422,60.50320928,9.072011412,34.03335472,mothbeans
32,41,16,28.63618921,61.39451307,7.702287236,68.54877876,mothbeans
30,41,15,24.83206631,44.17085032,5.88509677,52.0810886,mothbeans
19,36,22,25.44689075,58.55363573,6.16496284,57.04826619,mothbeans
4,46,15,31.01274943,62.40392519,3.504752314,63.77192383,mothbeans
21,39,20,27.06179658,52.3003173,7.388007482999999,60.74583498,mothbeans
35,57,25,27.0956288,42.26206161,8.340398059,71.12710390000002,mothbeans
22,55,24,28.56800579,57.30636014,8.66077954,64.53027638,mothbeans
35,51,17,28.79929247,49.84213387,3.558822825,40.85534718,mothbeans
17,56,17,27.94293692,45.41393636,5.9565851,69.66289997,mothbeans
28,57,17,30.47757686,61.58245338,9.416003106,61.86633917,mothbeans
22,36,16,30.58139475,50.77148138,8.18422855,64.58559639,mothbeans
11,41,19,26.85911286,41.81420849,5.131779302,44.13827124,mothbeans
38,38,18,26.31051759,61.18749126,6.294130312999999,35.73403813,mothbeans
23,37,24,28.77833449,44.2252605,7.991902443,33.95825723,mothbeans
25,35,20,28.90245417,43.35365671,8.923095695,71.90018566,mothbeans
40,45,20,29.37687468,57.69622912,6.878498176,38.34303462,mothbeans
23,58,19,24.17093241,58.25204566,5.243634848999999,59.18953429,mothbeans
2,56,23,26.65333029,59.79023382,7.550090941,36.91852635,mothbeans
3,56,17,28.19912143,53.50567601,8.709291687999999,52.13580529,mothbeans
26,51,25,28.76488954,52.62741529,7.792508067999999,55.21606732,mothbeans
39,42,20,29.3499706,61.25353851,8.055908857999999,40.82840673,mothbeans
27,59,20,28.00937423,52.60950014,4.397698806,36.01203025,mothbeans
24,45,19,26.85851927,48.8246387,5.9523849570000005,34.7426459,mothbeans
7,40,17,31.2123945,40.92604945,8.532078732999999,53.78769958,mothbeans
15,45,23,24.20422636,61.43378674,7.224193642,46.0203959,mothbeans
26,52,23,29.98835437,49.60384796,4.931890506,52.92929636,mothbeans
20,45,16,29.93964907,54.61813464,4.626212446,45.43669946,mothbeans
34,54,24,31.2119298,41.55934359,5.026003659,68.80141783,mothbeans
19,51,25,26.80474415,48.23991436,3.5253661,43.87801983,mothbeans
29,41,21,31.49398069,62.84916863,8.86979671,64.56807592,mothbeans
20,50,22,30.99694676,46.42693735,9.406887533,38.31597852,mothbeans
11,40,23,29.61253065,63.04749127,5.80428611,50.1978269,mothbeans
15,54,15,29.97604322,57.03184356,8.35495812,44.86052932,mothbeans
35,55,22,30.88883074,52.62696801,8.634929739,55.51932414,mothbeans
9,59,25,30.39321309,60.16299493,7.699200949,35.37493212,mothbeans
40,45,18,30.43683729,55.20522037,5.261285926,30.92014047,mothbeans
35,38,19,25.32688786,63.18180319,9.112771682,32.71129281,mothbeans
14,58,17,30.53684308,59.96664731,4.605700542,33.48919022,mothbeans
40,55,18,30.38257873,40.5926071,7.115994051,47.95406479,mothbeans
18,36,23,24.01825377,53.76623369,7.214078621,35.03404425,mothbeans
35,52,15,28.69841277,61.14754363,9.93509073,65.67591794,mothbeans
4,59,22,29.33743412,49.00323081,8.914074888,42.44054315,mothbeans
22,51,16,27.96583691,61.34900107,8.639586199,70.10472076,mothbeans
33,47,17,24.86803974,48.27531965,8.621514073,63.9187654,mothbeans
2,51,17,25.87682261,45.96341933,5.838508699,38.53254678,mothbeans
16,51,21,31.01963639,49.97675220000001,3.532008668,32.81296548,mothbeans
19,55,20,27.43329405,87.80507732,7.18530147,54.73367631,mungbean
8,54,20,28.3340432,80.77275974,7.034214276,38.7976407,mungbean
36,55,20,27.01470397,84.34262707,6.635968697999999,55.296354,mungbean
10,56,16,28.17432665,81.04554836,6.828187498999998,36.35720652,mungbean
22,56,17,29.87888063,87.32761241,6.89077995,44.75215854,mungbean
9,57,24,29.89232778,89.71503316,7.165121108999998,42.99498978,mungbean
34,59,23,28.56212158,83.24855855,6.935804256,56.48265193,mungbean
31,51,25,27.53592929,85.57019009999998,7.196774236,53.01899249,mungbean
0,49,18,29.68361658,87.93598094,6.990095452,41.82490236,mungbean
21,39,20,28.14448546,82.1193047,7.064782137999999,46.75690086,mungbean
28,35,22,29.53037621,86.73346018,7.156563094,59.87232071,mungbean
17,52,17,27.88352946,86.45147631,6.364967184,44.64407105,mungbean
24,42,23,28.22471276,82.35916228,6.428054409,44.01206619,mungbean
28,46,16,29.008124,84.96089355,6.664187809,45.91011391,mungbean
21,38,21,29.75538903,86.45193297,6.637677489,37.54602719,mungbean
34,60,25,29.78416743,85.16906976,6.79385576,40.77872823,mungbean
19,53,22,27.8640132,80.4513142,6.852884642999999,42.83053902,mungbean
31,58,15,27.11026483,84.96771717,7.121571293,51.52617423,mungbean
19,35,24,27.11030369,83.64274107,6.883308033,49.11964582,mungbean
24,53,17,28.95451232,89.07866095,6.421271178,57.65901369,mungbean
13,47,20,29.21780035,87.93724219,6.54450214,43.1386631,mungbean
31,53,16,28.7420098,85.81675947,6.452006451,48.54598575,mungbean
28,45,23,29.65021184,80.29868321,6.489259136,56.76278363,mungbean
31,37,21,27.23924995,86.404241,6.713410626,37.31236904,mungbean
33,60,15,28.95172351,81.67085323,6.510840928,56.51103293,mungbean
34,45,21,28.18837136,82.60629652,6.2873801170000005,37.01110438,mungbean
13,57,25,28.30041493,86.20681554,6.86308576,50.47333854,mungbean
33,57,17,27.89636126,88.71782287,6.78415271,57.79863368,mungbean
32,57,22,28.6899851,87.50436797,6.769415887999999,44.56598352,mungbean
23,59,25,27.826262300000003,88.73100226,6.320768488,56.68833819,mungbean
35,41,18,28.70562673,81.59200689,6.705008503999999,59.87065439,mungbean
6,48,24,28.6362812,84.61431076,6.790736339,48.48319335,mungbean
29,36,25,28.28511547,88.4393979,7.130278657000001,48.56690235,mungbean
4,36,22,27.60887393,86.13316408,7.012740397000001,43.80041104,mungbean
10,59,22,28.60901145,86.99495766,7.1556850160000005,36.94616965,mungbean
14,48,21,29.24598976,84.80084105,6.991242362,53.43228915,mungbean
8,50,21,28.62911222,89.11480590000002,6.218923893,50.49913241,mungbean
20,40,15,29.57329479,88.07505524,7.199495367999999,45.04467075,mungbean
36,43,22,27.82684262,87.16679147,6.3898821660000005,58.37249772,mungbean
14,57,15,29.8757015,83.14796296,6.623438282,40.12044158,mungbean
11,60,23,27.33684386,88.50229102,7.033012777000001,51.09802625,mungbean
10,59,15,29.83040388,89.30428305,6.32400451,58.86687093,mungbean
7,60,25,28.2753171,82.76020821,6.397636709,56.04995423,mungbean
2,47,15,29.86860065,85.99127934,6.401455706,58.41394143,mungbean
20,45,22,29.5888162,89.9939693,6.904587016,54.96121262,mungbean
2,39,15,28.07219563,82.9116472,6.478557136,49.61865305,mungbean
27,40,24,27.84026517,89.99615558,7.063022095,52.84626009,mungbean
35,48,15,27.10818093,87.45126690000002,6.981758362000001,55.03723979,mungbean
4,59,25,27.68515114,81.94268594,6.227134139,54.62243308,mungbean
1,48,24,29.34594634,85.60472562,6.232836962,59.03629954,mungbean
36,43,21,28.36319404,84.8593608,7.140437859,52.93031105,mungbean
11,46,24,27.65280218,89.80650642,6.459252023,56.52558045,mungbean
34,47,19,27.31372793,85.44815232,6.568795403999999,53.15223123,mungbean
21,44,18,27.06909959,86.89934108,7.12851089,50.46746116,mungbean
17,58,20,28.06642822,85.91625451,6.42937879,39.23831035,mungbean
25,40,21,27.73329078,81.13903037,6.248900919,44.17580911,mungbean
2,38,18,27.53632932,89.92908171,6.619891497999999,45.48591922,mungbean
9,48,20,29.66461594,84.28187572,6.377568542000001,56.09542002,mungbean
37,49,25,29.914544300000006,85.85384444,6.415459592,41.39081525,mungbean
36,38,15,28.36363858,87.59810657,6.3206620120000006,57.99524359,mungbean
40,58,15,29.46416042,87.60890009,6.978400282000001,43.15411472,mungbean
30,44,16,29.73013036,82.89166381,6.442335592999999,50.91511275,mungbean
1,59,23,27.46852989,87.17649,7.184398832,43.78420984,mungbean
9,48,22,27.77076285,87.09979549,6.402926221,49.50812624,mungbean
14,41,17,29.12939524,88.48312598,7.085982325,36.45012824,mungbean
35,52,19,27.10606808,89.89593328,6.698574085,37.45680611,mungbean
31,48,17,28.88078945,86.94206817,6.594739424,53.79732545,mungbean
4,41,20,28.14720892,83.8001509,6.647965508,37.44800463,mungbean
30,37,25,29.89129144,80.14487166,7.120032489,54.7960127,mungbean
9,35,20,27.41503453,80.98004661,6.91380932,40.53173216,mungbean
20,41,20,29.27308605,89.4875022,7.073048264,50.9246554,mungbean
37,50,23,29.65296893,88.48587386,6.5304707,56.01913159,mungbean
34,35,21,28.44524991,82.67639542,6.684381357,58.18713162,mungbean
14,37,15,27.96235681,83.97586797,6.581351374,48.9366954,mungbean
23,39,22,29.25649321,81.97952224,6.86483915,42.02483277,mungbean
5,45,21,28.36291385,88.00989267,6.487124217000001,43.05130077,mungbean
22,37,20,27.62749466,86.49366929,6.605733067999999,39.26137642,mungbean
40,51,17,28.66086349,86.12194568,6.860602782000001,50.01534317,mungbean
27,56,20,29.2114218,87.11497805,6.41874299,51.53848218,mungbean
31,40,22,29.40889385,86.16063492,6.365513634,53.35486977,mungbean
38,36,21,28.02952623,84.8845732,6.5563729660000005,36.12042927,mungbean
6,37,17,28.08657178,80.35005927,6.760694227999999,38.14476781,mungbean
6,47,18,29.16174608,80.28038146,6.715276662999999,40.16545979,mungbean
24,44,17,29.8596912,80.03499648,6.666380512000001,50.66487502,mungbean
25,59,19,29.06631494,83.6869203,6.626629798,43.95183726,mungbean
32,56,21,27.38538997,88.66663953,6.702772465,58.29933073,mungbean
8,45,18,27.93034941,85.42058715,7.011030515,43.25095608,mungbean
19,39,17,29.2808618,81.8009244,6.890156495,44.47427436,mungbean
39,37,15,28.9973145,83.78911515,6.821747052,59.84499208,mungbean
33,37,19,27.92678579,86.5543196,7.183189922,43.4826194,mungbean
26,54,17,28.5474135,88.9570454,6.27258822,49.4897245,mungbean
21,51,15,29.36488409,89.1886954,6.679127482,48.30159325,mungbean
22,54,20,28.56149805,83.63802195,6.689825155,41.013132,mungbean
29,45,16,28.43683487,87.91332682,6.583381939,43.12063289,mungbean
4,40,21,28.79728147,80.45744422,6.725551062,44.30070517,mungbean
10,37,22,28.7275267,89.12760359,7.069747813999999,58.52974279,mungbean
4,44,19,27.95639663,83.52706038,6.921993877999999,43.25726752,mungbean
20,45,17,28.17458662,83.69659318,6.770955317,37.2464655,mungbean
23,45,23,28.77653519,86.69133979,6.983130466,56.12443206,mungbean
25,48,21,28.438097,83.48991368,6.267684328,52.55469976,mungbean
56,79,15,29.48439992,63.19915325,7.454532137,71.89090748,blackgram
25,62,21,26.73433965,68.13999721,7.040056094,67.15096376,blackgram
42,61,22,26.27274407,62.28814857,7.418650668,70.23207557,blackgram
42,73,25,34.03679184,67.21113844,6.501869314,73.23573601,blackgram
44,58,18,28.03644051,65.06601664,6.814410927999999,72.49507741,blackgram
50,55,16,28.81460716,65.33538112,7.581442888,62.26242533,blackgram
35,72,21,34.03619494,64.28791388,7.741418772,66.85510868,blackgram
30,64,20,33.8642935,61.57072498,6.573531614,68.02199825,blackgram
27,64,21,32.84213012,68.68401492,7.543804222999999,73.67166182,blackgram
50,74,17,27.10053268,63.36085585,6.5408208,73.84949872,blackgram
39,73,24,25.65842532,61.18235808,7.22405917,69.28607828,blackgram
57,67,25,32.34744009,66.61452812,7.551364319,64.55882254,blackgram
52,63,19,29.58949031,68.32176769,6.928898659,67.53021213,blackgram
55,66,22,30.91219459,68.79427388,7.747775262999999,66.63830637,blackgram
51,56,18,28.12787838,64.2097765,6.706505915,70.86340755,blackgram
36,66,15,30.08545364,69.34811988,6.668238556,67.1367443,blackgram
59,55,19,31.74379487,62.51007687,7.332375138,68.97097538,blackgram
50,58,23,27.81326852,62.50460464,7.596802025,69.75555541,blackgram
30,65,25,32.88733849,64.59457409,7.70650895,71.50569456,blackgram
20,62,18,29.36358721,64.98742947,7.366542647,61.91208707,blackgram
58,71,15,27.82592799,67.58618829999999,6.919243702,74.01229707,blackgram
25,71,24,28.49538735,60.44848407,7.187721817999999,74.91559514,blackgram
52,71,16,27.74274761,68.53997144,7.0758864720000005,71.78615328,blackgram
40,63,18,30.41588462,67.66323804,6.74441168,63.02473185,blackgram
20,60,25,27.3254209,69.09047809,6.726469087999999,61.19250859,blackgram
48,61,21,30.28496619,61.69295127,6.628264883,65.62859526,blackgram
49,68,22,28.56840626,61.53278622,7.127064207,63.49726331,blackgram
48,62,15,25.36586097,66.6379724,7.538631462000001,65.81655892,blackgram
32,66,17,34.9466155,65.26774011,7.162357641,70.1415139,blackgram
21,63,22,25.09737391,67.72837887,6.859409487000001,74.61649888,blackgram
20,72,19,32.47648301,64.34848735,7.397190844,65.82045699999999,blackgram
25,65,21,33.86351172,68.59232289,6.880245789,69.24464096,blackgram
41,78,21,25.19857725,60.37332688,6.581313137,70.88787207,blackgram
53,67,17,31.77681682,69.01852894,7.296972161,61.46892873,blackgram
39,60,21,34.89814946,63.59948557,6.97297656,64.72797143,blackgram
25,76,17,31.74105409,68.63525428,7.241148507,62.3061735,blackgram
21,78,19,27.16159076,66.76017239,6.92009048,69.85112265,blackgram
57,60,17,26.23773129,67.88521396,7.504608385,73.58663968,blackgram
56,75,15,30.20157245,60.06534859,7.152272256,66.37171179,blackgram
49,72,15,31.55846339,67.83563765,7.137004749,74.86960831,blackgram
24,80,19,29.67892453,69.0854554,6.8080417220000005,65.66436565,blackgram
49,76,18,27.05365239,67.7017527,7.393631868,60.4693835,blackgram
28,68,19,34.63880966,61.38597868,7.69950698,72.43169115,blackgram
55,78,21,33.39438752,62.93692886,6.602888248999999,63.57445989,blackgram
50,64,25,28.84079155,63.37230676,6.734447425,70.25496749,blackgram
34,80,19,31.49338309,63.0563645,6.521217963,71.48327008,blackgram
20,68,23,25.54960633,63.95425534,7.707332484,63.1830529,blackgram
55,67,16,34.37329112,69.69366426,6.596719015,70.27184748,blackgram
23,70,15,34.600824700000004,63.11296779,7.403623355,60.41790253,blackgram
53,74,15,29.43463808,64.94329356,7.517097,72.17818157,blackgram
26,67,16,29.10713092,67.90577375,7.17620823,67.83345933,blackgram
33,80,22,28.57006111,65.71765781,6.593961761,70.0866434,blackgram
37,79,19,27.54384835,69.3478631,7.143942758,69.40878198,blackgram
33,75,21,33.04687968,68.93875631,6.690655045,62.30278274,blackgram
22,55,20,33.95309131,69.96100028,7.423530351,61.16350463,blackgram
20,68,17,30.11873003,60.11680815,6.578714842999999,71.72980375,blackgram
43,68,20,29.57812712,66.17587668,7.497469256,69.43895491,blackgram
44,76,22,27.26458947,68.01232937,7.775306272000001,68.91754359,blackgram
34,60,16,31.35730791,64.24992106,7.322555222999999,63.85668948,blackgram
21,72,17,31.52104732,66.55723677,7.580527339,61.71111448,blackgram
25,68,19,29.39982732,64.25510719,7.1084501210000015,67.47677295,blackgram
41,62,15,29.38400259,64.14928485,7.358974541,65.24194361,blackgram
28,65,23,28.38686534,61.88871127,7.405176138,74.24459122,blackgram
35,64,15,28.47442276,63.53604453,6.500144962,69.5274407,blackgram
52,58,16,30.64095781,61.14508627,7.167435834,71.36947525,blackgram
58,75,25,25.25596239,61.36669662,7.261791753,68.64685069,blackgram
34,66,19,32.97030511,60.18122078,7.586642101,73.44678678,blackgram
52,70,16,33.66855394,66.60416867,7.534811832999999,67.32520551,blackgram
23,57,19,32.83963757,67.99803573,7.251000789,73.40452716,blackgram
42,58,25,27.45853567,62.90020977,6.513620917999999,69.46020927,blackgram
37,62,17,25.68576704,69.84354028,7.121254928,74.62068748,blackgram
44,75,22,30.0328403,64.14800537,7.574561547,71.21006868,blackgram
21,80,20,28.20667264,68.27085245,7.350869792,64.32887142,blackgram
56,76,16,28.27265858,61.18956161,7.5131510760000015,63.29900785,blackgram
29,76,15,28.541723600000005,64.2020154,7.0256077060000015,69.68862306,blackgram
43,61,20,26.87187036,61.61367264,6.804253866,63.51822045,blackgram
55,60,15,32.79766751,68.77994074,7.163043872,64.11411069,blackgram
44,63,15,26.42333018,64.51136845,7.338929556,63.46546487,blackgram
29,67,21,29.79181107,63.38789228,6.621323612,63.02169909,blackgram
47,63,16,27.44003279,67.10464369,6.661870999,72.50669768,blackgram
40,68,17,34.1262979,65.14877461,7.733149554,70.40795007,blackgram
58,61,15,30.94908189,64.23364112,7.402891666,62.78730907,blackgram
41,74,18,28.75751783,61.02701476,6.599147297999999,73.37686831,blackgram
58,79,17,27.24766491,66.10123083,7.04174124,62.31842057,blackgram
27,62,24,28.63005477,66.770943,7.353876754,62.2737345,blackgram
27,60,17,26.41768321,63.64698302,7.026795358999999,64.42177127,blackgram
52,65,20,32.81705216,66.15665137,6.814301033,68.83924882,blackgram
44,55,25,29.6321052,65.91359954,7.42160832,71.16331975,blackgram
21,62,24,33.49077065,62.73317204,6.8473828910000005,65.45328463,blackgram
60,59,22,31.86847286,66.74217464,7.191522601,74.22238583,blackgram
33,77,21,30.32992227,65.62971858,7.01285529,71.64631281,blackgram
59,58,17,28.546224,66.31394098,7.368318809,62.83469851,blackgram
29,63,17,30.02629908,67.88811637,7.26154329,66.47264636,blackgram
59,63,18,31.65531175,60.13263713,6.52669158,66.69096751,blackgram
29,70,15,30.33499674,63.54718862,6.872594461,74.16699119,blackgram
58,73,16,33.36984395,65.67718163,6.874142175,64.89517488,blackgram
55,77,22,31.4345059,62.99303471,7.76061831,64.77651469,blackgram
42,79,23,27.71678273,63.29103387,6.781841984,68.56507978,blackgram
44,77,21,32.63918668,61.3009051,7.326980454,61.83876146,blackgram
38,62,25,32.7477393,67.77954584,7.453975408,63.37784443,blackgram
32,76,15,28.05153602,63.49802189,7.604110177000001,43.35795377,lentil
13,61,22,19.44084326,63.27771461,7.728832424,46.83130119,lentil
38,60,20,29.84823072,60.63872613,7.491217102,46.80452595,lentil
11,74,17,21.36383757,69.92375891,6.633864582,46.6352865,lentil
37,71,16,26.28663931,68.51966729,7.324863481,46.13833007,lentil
29,71,18,22.17499963,62.13873825,6.410441476,53.46622584,lentil
2,72,18,26.57597546,60.97876599,7.836719564,50.89110726,lentil
6,59,21,26.58972517,66.14007674,6.139215944,50.90994463,lentil
13,64,20,19.1345771,62.57526895,6.590571088,36.46946971,lentil
8,58,17,28.75273118,69.15640149,7.286049977999999,35.15426171,lentil
6,77,20,25.78746268,60.2816298,6.058306161,49.14337177,lentil
2,75,22,23.89271875,61.78779413,6.658605362,52.55730112,lentil
3,69,23,28.67408774,63.18832976,7.299360767,42.96018627,lentil
27,80,24,28.42062847,61.77336343,7.815210661,49.02366803,lentil
39,78,15,21.35499456,62.60136323,5.925391795,41.78219834,lentil
40,79,17,21.12695586,63.18738532,6.403683619,38.71834464,lentil
37,62,22,24.02037872,61.62313345,7.397546271,49.78102578,lentil
31,60,24,25.40474421,65.8567539,7.722335992,51.92057267,lentil
22,67,22,29.03017561,64.49166566,7.475926645,54.93937710000001,lentil
3,78,18,20.21368219,68.65257685,6.887130053,50.89732989,lentil
4,80,16,29.19585548,68.01965728,7.441976825,44.93261911,lentil
13,61,24,18.29783597,69.6897615,7.629910252999999,49.39111479,lentil
12,66,20,27.41434987,63.41785982,7.336117221,44.43177543,lentil
4,61,21,24.84063998,60.09116626,6.75020529,48.77790371,lentil
9,60,21,29.94413861,67.31323084,7.52178027,40.37113729,lentil
18,66,22,25.87990287,67.55109024,6.347379185,47.89645224,lentil
32,56,18,20.0467711,65.84395319,7.135251532000001,46.05333124,lentil
6,72,15,22.99451999,66.70897237,7.670178119,54.49044154,lentil
15,77,20,25.13163619,66.92642362,7.399749291,49.04015558,lentil
0,65,24,28.49584395,62.44616219,7.841496029,53.14531023,lentil
30,79,22,18.28766124,69.48515056,6.254216611,48.60449438,lentil
3,63,16,24.38041875,61.18458224,6.868881707999999,53.13946695,lentil
2,78,23,21.31852148,66.43934593,7.320514721,45.42616802,lentil
10,78,18,18.54141834,62.70637578,6.296976913,44.07819743,lentil
14,67,25,25.28710601,60.85993533,7.241151936,49.37369982,lentil
39,65,23,25.43459777,69.12613376,7.685959305,41.02682925,lentil
19,72,15,28.83600962,69.76112921,6.890760124,44.08562546,lentil
18,57,21,27.37659643,63.93927841,6.155915975,49.47371773,lentil
31,58,15,28.31886863,60.19461399,6.167855382000001,45.36521251,lentil
28,58,25,27.4818649,62.04814951,6.861640036,37.81123974,lentil
5,65,19,18.28072173,68.10365387,6.978361689,48.80253285,lentil
16,65,19,27.61204997,69.29786244,7.043160241,42.72374404,lentil
34,65,19,23.43974653,63.22011726,5.94239222,45.40277297,lentil
14,69,19,20.95628486,63.68128841,7.239455147,52.39881209,lentil
22,55,16,23.7937153,68.03209183,6.516317561,49.73922097,lentil
24,61,17,22.6371424,65.44544859,6.233269045,38.30411077,lentil
2,79,15,21.53577883,65.47227704,7.505283615,35.75107592,lentil
26,63,17,29.87854588,65.73085206,6.950300686,44.95654782,lentil
27,61,15,25.2653291,67.10004577,6.958054839,48.33941188,lentil
24,70,16,25.17885316,68.93307305,6.54803469,35.03484812,lentil
13,74,25,24.12192608,61.09533545,6.461618577,44.23629285,lentil
6,64,23,23.33565221,67.40460704,7.065264073,36.18678721,lentil
12,58,23,21.74600081,63.39503184,6.765091462000001,50.43306085,lentil
32,79,22,27.60195453,63.46170674,5.91645379,54.37814199,lentil
6,68,18,24.388717,62.50453062,6.711341147000001,47.26052494,lentil
10,79,20,24.98287462,66.895409,6.379881442,38.21370568,lentil
38,77,22,28.234829,69.3159965,6.313284267999999,35.36831423,lentil
17,74,17,26.03026959,69.55863145,7.393210848,37.11395801,lentil
26,68,24,28.04849594,64.07691942,7.504930973,37.15824966,lentil
23,75,17,24.87425505,64.00213929,7.198076286,48.28137482,lentil
32,78,22,23.97081395,62.35557553,7.007037515,53.40906048,lentil
19,79,19,20.06003985,67.76252583,6.677262562,42.89509057,lentil
22,60,18,19.59221047,61.28633405,6.74398035,41.7704893,lentil
28,69,16,29.77013109,66.29327012,6.547361617999999,35.69674138,lentil
1,67,21,27.52135365,60.53657684,6.551577598,48.06491307,lentil
12,67,23,25.62896213,63.14909763,6.585020302999999,45.49683991,lentil
36,67,20,20.39078312,60.47528931,6.924042372000001,53.31508572,lentil
28,70,21,25.39038396,60.4989659,7.437373666,39.18374505,lentil
12,71,19,24.91079638,60.71367427,7.142611056000002,42.19740397,lentil
22,68,16,27.70496805,63.20915034,7.74672376,37.46160727,lentil
26,66,22,18.06486101,65.1034354,6.300479414,51.54922825,lentil
16,65,16,18.13027797,62.45851612,6.078724107,50.6128521,lentil
14,59,22,23.82723528,67.89815262,6.76660668,46.90725077,lentil
33,59,19,23.19305333,62.74710773,7.641024177,49.55213308,lentil
21,63,17,25.08966129,68.17543102,6.559681838,41.45486619,lentil
0,69,21,25.86928193,61.88321072,7.072923306,36.68284038,lentil
10,75,17,18.43966037,68.05394959,7.732194787999999,39.00992137,lentil
30,61,18,27.14911056,67.02664337,6.157782589,52.50812701,lentil
0,74,17,23.33375853,64.50515776,7.240988401,47.01510708,lentil
35,74,22,26.7230014,62.96841833,6.898905799,42.87274897,lentil
7,63,24,19.55750776,64.45268309,6.818681086000002,53.04669416,lentil
9,56,17,26.13708256,66.7729209,6.261937875,46.48280681,lentil
14,74,15,27.99990346,65.57653373,6.493036868,49.94043064,lentil
14,76,20,29.05941162,62.10652364,7.042474679,36.5011366,lentil
36,65,16,25.71269843,64.1123333,7.692013657,50.17067771,lentil
28,67,21,21.79792649,63.73086065,6.250994222999999,46.62370222,lentil
28,79,16,24.70626432,60.26854183,6.0521848810000005,53.12442925,lentil
40,61,22,20.94981756,65.8108757,7.002216044,44.23913012,lentil
10,70,19,24.84918386,68.98088448,7.272427638,41.61080544,lentil
12,80,19,21.91041045,65.21662467,5.962001484,36.10211371,lentil
37,77,20,25.93381964,68.70533022,7.080506001,51.02372773,lentil
0,67,22,29.82112112,69.4073209,6.5937983870000005,51.56461082,lentil
7,73,25,27.52185591,63.13215259,7.28805662,45.20841071,lentil
10,56,18,27.99627907,68.6428593,7.32710972,46.10585191,lentil
39,70,15,20.76774783,63.90164154,6.366355781,47.9271552,lentil
26,56,22,23.05276444,60.424786,7.011121216,52.60285259,lentil
9,77,17,21.65845777,63.58337146,6.280725549,38.07659414,lentil
4,59,19,26.25070298,67.62779652,7.621494566,40.8106299,lentil
34,73,15,20.97195263,63.83179889,7.630424082999999,53.10207889,lentil
33,77,15,23.89736406,66.32102048,7.802212437,40.74536757,lentil
2,24,38,24.55981624,91.63536236,5.922935513,111.9684622,pomegranate
6,18,37,19.65690085,89.93701023,5.937649577999999,108.0458926,pomegranate
8,26,36,18.78359608,87.4024767,6.804781106,102.5184759,pomegranate
37,18,39,24.1469628,94.5110662,6.424670614,110.2316633,pomegranate
0,27,38,22.44581266,89.90147027,6.7380162210000005,109.3905998,pomegranate
31,25,38,24.96273236,92.40501423,6.4973666770000005,109.4169192,pomegranate
21,21,38,22.5526059,89.32594859999998,6.327673765,104.8955643,pomegranate
6,30,40,22.77035608,91.45498527,6.36137446,106.9659201,pomegranate
25,27,41,19.20090378,94.27659596,6.9235093710000015,108.0423555,pomegranate
15,11,38,23.12808226,92.68328358,6.630646082999999,109.3930157,pomegranate
14,5,36,24.92639065,85.19098079,5.832525853,104.7693804,pomegranate
16,10,41,24.77464458,85.63608688,6.738993954,105.7595811,pomegranate
36,7,37,19.8671184,86.35590206,5.782435567,108.3168858,pomegranate
4,20,41,24.26601316,93.7974061,6.537042717,104.5375109,pomegranate
29,22,40,23.62600218,89.73266695,6.145104401,107.6836871,pomegranate
16,15,42,19.67832052,89.08935702,6.890784045,108.5468633,pomegranate
18,27,41,22.36509395,92.30882391,7.175344328,104.8216333,pomegranate
11,18,42,21.57936934,94.88267728,5.938528744,102.8593382,pomegranate
5,15,38,18.26233221,88.16779129,5.709380472,108.0756727,pomegranate
18,23,44,23.71028128,89.61794165,6.184400085,105.64999070000002,pomegranate
9,8,40,22.48720144,89.9224883,6.553509673,111.6631582,pomegranate
40,27,45,21.66024980000001,94.79397419,5.885638185,112.4349689,pomegranate
22,23,44,20.13037175,89.31505137,6.1438746910000015,107.3416913,pomegranate
9,16,39,18.41164435,91.11927248,6.101198974,105.1834976,pomegranate
12,29,40,19.68291173,89.75272999,6.594037135,111.2818551,pomegranate
0,17,42,23.20242586,91.19442671,6.8598408210000015,109.0946323,pomegranate
2,21,44,18.92157197,87.31290342,6.56893406,102.8013275,pomegranate
28,6,40,22.10621387,91.34039616,6.769855664,106.8704803,pomegranate
8,23,44,18.47412402,89.68919664,7.130837931,108.4758509,pomegranate
29,16,36,19.81069447,88.92944254,5.7403380020000006,102.860084,pomegranate
17,18,43,24.4880844,90.83687246,5.843005428,103.1969341,pomegranate
34,21,42,18.75927679,89.93457597,6.648687273999999,111.0196744,pomegranate
21,23,42,19.54128063,90.29751796,6.902751061,104.3739878,pomegranate
25,17,40,18.91251245,87.74938524,6.608023872,111.28005159999998,pomegranate
8,25,36,19.91330523,94.95031368,6.828522375,104.0277061,pomegranate
26,18,42,19.72620525,89.64934166,6.910374919,108.22872759999998,pomegranate
4,19,42,23.83185873,87.84034604,6.306605528,111.2232716,pomegranate
36,24,41,24.94467632,94.25702672,7.009180374,103.8799347,pomegranate
5,24,40,24.692258,93.87030088,6.297907578999999,104.6735454,pomegranate
19,17,39,24.72485577,85.56083187,6.728599215,111.2787584,pomegranate
39,30,38,20.12644921,87.59629625,6.965156737999999,108.065579,pomegranate
5,29,44,21.02432943,93.0569505,5.578095745,104.7847006,pomegranate
4,24,43,22.40423537,88.1508343,7.199504273,109.8695196,pomegranate
38,21,35,20.33691147,89.38003827,5.841367187,110.9653137,pomegranate
37,11,36,24.24779615,85.56033312,6.710143266,106.9216033,pomegranate
9,25,41,24.81530144,91.90842992,5.972714857000001,109.2853418,pomegranate
29,22,43,19.66329768,87.95158129,5.561851831,106.0380805,pomegranate
5,21,38,22.43377991,90.3396556,6.107054807999999,112.459697,pomegranate
22,26,38,22.92052307,85.12912161,6.988035315,110.2437841,pomegranate
4,18,37,22.91843172,85.40695044,7.13147457,106.2817706,pomegranate
21,6,41,24.88244467,89.39686219,7.086947687,107.1951707,pomegranate
29,21,45,23.40981539,93.13277,6.749260456,105.2240743,pomegranate
23,5,44,21.20725375,94.26304717,7.16300467,107.5660804,pomegranate
13,7,43,18.20230419,91.12282162,7.013481515,109.66239740000002,pomegranate
5,13,37,22.34375696,89.7870345,5.648243648999999,103.3183074,pomegranate
27,24,41,24.32770134,90.88292835,6.610251186,110.4606459,pomegranate
7,23,35,19.75088482,88.71691157,7.054313822999999,102.5538035,pomegranate
12,20,39,19.86173586,86.19740917,6.026999326,111.0217929,pomegranate
4,19,43,18.07132963,93.14554876,5.7794274020000005,106.3602023,pomegranate
3,9,45,23.89162561,89.61850203,6.535244251,104.617522,pomegranate
1,27,36,23.98598756,93.34236582,5.684995235,104.991282,pomegranate
23,30,44,20.93892916,85.42912869,6.12476108,103.0295938,pomegranate
24,21,42,20.82210727,87.22815682,6.999014379,109.4429934,pomegranate
13,30,37,20.86474944,91.61793636,6.277148771,106.8685636,pomegranate
40,11,44,24.45840036,86.10874614,6.322396027000001,111.3779693,pomegranate
21,9,40,24.51147697,90.64498715,5.956401828,105.6209954,pomegranate
3,27,44,24.56811204,92.03009222,6.591302797000001,110.9633894,pomegranate
40,29,42,24.63228709,89.01574455,7.104094929,110.6956184,pomegranate
14,25,40,20.07386547,90.97819712,6.407872061,103.7084055,pomegranate
38,14,37,21.80523051,94.63612858,6.658402594,102.6488846,pomegranate
34,9,36,22.8122645,86.34233767,6.276038961,110.4432293,pomegranate
32,14,37,22.73031253,88.48567856,6.825256236,104.6843243,pomegranate
18,21,35,23.2801227,94.94330457,6.368560522,111.1382096,pomegranate
8,23,38,19.30106297,87.1775172,7.005410734,105.4766591,pomegranate
15,6,41,19.0087067,88.83768149,6.8973684770000006,108.6793978,pomegranate
0,5,36,24.35193812,90.88612388,6.152906502,105.529185,pomegranate
22,9,44,24.72235539,88.87651295,5.744361602000001,112.1926517,pomegranate
14,8,43,21.92513945,94.46485312,7.051654924,111.71620159999998,pomegranate
31,11,45,24.83954414,86.88738076,6.034612928,107.6435771,pomegranate
39,17,45,18.09691127,90.42177379,6.9244907310000015,104.88188999999998,pomegranate
10,5,42,20.24104904,91.08706822,6.887005997,109.2537734,pomegranate
8,28,38,23.22594,94.42971362,6.8444019,105.6917856,pomegranate
32,13,42,23.50128217,92.97527546,5.786058032000001,106.61905,pomegranate
18,9,40,19.44623085,89.02127045,5.627186257000001,106.1606833,pomegranate
20,27,41,20.51343484,92.51675903,5.700088663,110.5764023,pomegranate
39,25,36,18.90223032,94.99897537,5.567805185,107.6103211,pomegranate
20,7,45,18.90592319,89.24126808,6.077886012,112.4750941,pomegranate
11,10,45,22.63045168,88.45577158,6.397995609,109.0357597,pomegranate
40,18,43,19.38603815,86.79058496,5.767372539,109.91309840000002,pomegranate
3,26,39,24.38318965,91.19431555,7.079973241,103.6012114,pomegranate
9,16,36,23.77989026,92.93386903,5.893332377999999,106.977723,pomegranate
30,20,38,22.59890174,93.16343942,7.058222596,110.0932899,pomegranate
40,9,41,24.37766782,85.4017118,5.78270695,106.128338,pomegranate
40,30,35,20.89273273,91.07776977,6.269663962999999,104.4407083,pomegranate
32,25,35,18.09903225,85.70786282,5.892913826,107.0050976,pomegranate
33,23,45,20.00218987,85.83618191,7.116538883,112.337046,pomegranate
4,14,41,19.85139326,89.80732335,6.430163481,102.8186358,pomegranate
13,17,45,21.25433607,92.65058936,7.159520979,106.2784673,pomegranate
39,24,39,23.65374106,93.32657504,6.431265737,109.8076178,pomegranate
8,28,37,23.88404783,86.20613842,6.082571701,108.3121789,pomegranate
91,94,46,29.36792366,76.24900101,6.149934034,92.82840911,banana
105,95,50,27.33368994,83.67675197,5.849076099,101.0494791,banana
108,92,53,27.40053601,82.96221306,6.276800323,104.9378,banana
86,76,54,29.3159075,80.11585705,5.926824754,90.10978128,banana
80,77,49,26.05433004,79.39654531,5.519088423,113.2297373,banana
93,94,53,25.86632408,84.42379269,6.079178787999999,114.5357503,banana
90,92,55,27.00932084,80.18546798,6.13465588,97.32531705,banana
108,89,53,29.55054817,78.06762846,5.808497603999999,99.34482238,banana
108,88,55,26.28845991,83.390039,5.891458107,113.8729798,banana
105,77,52,29.16226551,76.16151562,5.816622478999999,100.0075679,banana
118,88,52,28.65003945,82.68752542,5.8431631610000005,98.75084366,banana
101,87,54,29.07311132,76.50045221,6.376756632999999,100.1692639,banana
95,75,50,28.08166093,75.26429821,5.623615687000001,118.2761894,banana
106,85,53,27.1994597,78.80860679999998,5.91505509,99.72430835,banana
86,95,49,28.05484146,78.04602887,6.458714879,108.3957179,banana
83,79,55,25.14748006,83.34688193,5.565028635,98.66679427,banana
85,95,47,25.94019018,78.3422098,6.211833161,119.84797,banana
109,79,45,27.66752761,79.68542782,6.490074429,108.66464,banana
100,76,45,25.56703012,75.94067692,5.590236025,102.7867717,banana
117,86,48,28.6956201,82.54195839,6.225225238999999,116.1616839,banana
114,94,53,26.33544853,76.8532006,6.190757458999999,118.6858263,banana
110,78,50,25.93730186,78.89864446,5.915568968,98.21747528,banana
94,70,48,25.13686519,84.88394407,6.195152442,91.46442491,banana
80,71,47,27.50527651,80.79783998,6.156373499,105.0776992,banana
114,79,51,26.21009246,82.34429458,6.313197204,112.0700033,banana
88,78,45,29.10403455,79.19588629,6.324270089,92.07835761,banana
112,73,48,29.244063800000006,77.32017166,5.7074889870000005,90.66727868,banana
117,76,47,25.56202173,77.38229006,6.119216009,93.10247183,banana
111,87,48,26.3985515,81.36028902,5.571401169,98.16752001,banana
89,83,47,28.09577643,77.79586769,5.63127166,109.5408614,banana
93,91,47,27.84767901,83.31110751,6.101241579,117.2878912,banana
92,81,52,27.39341554,81.4654833,6.438137278999998,94.31102057,banana
105,74,45,25.14517635,81.38204104,6.098369122,119.218154,banana
102,71,48,28.65456263,79.28693687,5.695267822000001,102.4633775,banana
94,91,51,29.16093424,76.67484233,5.6180944460000015,109.575944,banana
116,71,47,27.57278064,82.0638878,6.435785799,91.34276507,banana
117,79,49,25.40909896,82.36208097,6.176644228,112.9794804,banana
119,72,55,25.99069521,83.33983116,6.220643671,112.0777152,banana
99,73,53,26.29039046,81.06003778,5.8717022110000014,118.6730366,banana
91,84,52,29.14827211,78.71024836,6.390741836,117.536781,banana
80,90,47,26.59743595,79.35898915,6.21084479,107.3944717,banana
101,70,48,25.36059237,75.03193255,6.012696655,116.5531455,banana
108,89,53,29.12036889,80.18080728,5.908770059,112.3982055,banana
100,80,52,27.53911354,77.25629897,6.049801781,110.3262123,banana
109,91,53,29.66727337,83.51014178,6.010095852999999,110.2511102,banana
82,78,46,25.05802193,84.97323747,5.738678895,110.4408803,banana
106,70,55,25.86824781,78.52399914,5.74055541,116.3019555,banana
90,86,52,25.85036988,81.95580471,5.793260262,119.08561709999998,banana
83,95,50,26.51682337,77.79913575,5.50947065,108.8547508,banana
119,90,48,28.66725136,79.59242542,5.986442306,118.2583441,banana
107,72,45,28.14938935,81.54448882,5.790768046,91.40508414,banana
116,81,55,26.42313317,83.69950440000002,5.915546415,95.12322062,banana
101,75,50,26.59386409,81.40740301,6.242528277999999,109.9825551,banana
93,81,50,27.71822477,76.57853189,6.0360792660000016,102.2099836,banana
95,75,45,28.98333432,82.95958244,5.829898502000001,109.022564,banana
107,71,55,29.42017919,83.96754496,6.088064451,117.229079,banana
83,94,47,27.39872329,81.10523402,6.469370954,112.1355384,banana
102,73,54,26.4020227,84.41007614,5.720726906,111.0162259,banana
86,79,45,27.81251452,82.69285419,5.80766417,99.20961514,banana
117,86,53,25.19640218,83.55829874,5.703381727999999,115.8586081,banana
111,79,53,28.31193338,75.77363772,6.165001277999999,119.695765,banana
95,74,50,25.90113128,80.47152737,6.002481605,110.10323,banana
91,75,55,27.48612983,76.11239849,6.212369363,109.2768851,banana
93,83,46,29.38254012,83.50423735,5.765308943,109.2486647,banana
92,85,51,29.22118628,81.08183635,5.740764682000001,108.8616474,banana
104,80,54,27.09062164,81.33506906,5.879119455,110.1331182,banana
103,72,51,26.12643374,81.81365007,6.099478745,104.4812858,banana
92,75,45,29.01207743,77.95192527,5.674403358999999,90.43495443,banana
93,85,49,27.96799119,79.28625709,5.694243847,119.4765557,banana
120,87,52,28.0764455,76.05522115,5.905494703,118.99235729999998,banana
108,72,46,25.16278237,84.97849241,6.110844721,90.94554618,banana
105,88,54,25.78749808,84.51194224,6.020445317,114.2005455,banana
98,79,50,25.34119774,84.47321314,6.435917308,91.06493353,banana
111,88,55,29.44795403,78.34971537,5.505393832999999,96.45042585,banana
97,74,45,26.47522633,78.51833782,5.677719902000001,113.1161095,banana
95,82,48,27.39489579,83.31172003,5.719014989,92.78133617,banana
89,91,55,25.08347445,80.26173100000003,6.275572297999999,94.32961456,banana
89,85,55,26.671983500000003,76.48541655,6.275384607,91.73358569,banana
118,88,51,25.44926208,79.49221962,6.201911642000001,100.6619171,banana
101,92,45,28.22776705,80.64303840000002,5.758054257,98.00403016,banana
99,92,47,28.127950899999995,77.48247073,6.3239336470000005,103.5045395,banana
82,77,46,28.9470467,82.1888998,5.901100841,95.83016448,banana
90,86,55,27.96236771,84.15403614,5.644486582000001,97.55986676,banana
95,88,52,28.00316034,78.90085998,6.235461772000001,94.68180316,banana
104,73,46,29.1400919,80.1190228,6.28236237,90.45142867,banana
102,73,52,27.9122104,83.36307683,6.356090905,90.24211529,banana
100,74,52,25.43480512,81.53977797,5.837258235,96.47800391,banana
94,89,48,28.55980972,84.51602322,5.653437902,111.0843029,banana
99,70,46,26.59580783,82.99556744,5.727469947,100.5123341,banana
112,87,48,27.19711623,77.39706290000002,6.200111067999999,99.46950465,banana
117,82,45,25.29391516,79.29122198,5.614471478,105.4220251,banana
96,86,51,29.90888522,76.98740841,6.257369799,91.99964712,banana
113,85,45,27.94972463,76.63713353,6.037430836,109.0921631,banana
105,93,46,25.01018457,78.76260938,5.760457558,108.3690513,banana
85,89,51,29.21144871,84.70189923,6.1581644220000005,108.5501443,banana
108,94,47,27.35911627,84.54625006,6.387431382999999,90.81250457,banana
92,81,52,28.0106804,76.52808057,5.891413895,103.7040783,banana
110,71,54,28.67208915,82.20793613,5.725418961,94.37987496,banana
82,75,55,27.34585147,78.48738349999998,6.281069505,92.15524332,banana
117,81,53,29.50704598,78.20585613,5.507641777999999,98.12565829,banana
2,40,27,29.73770045,47.54885174,5.954626604,90.09586854,mango
39,24,31,33.55695561,53.72979826,4.757114897,98.67527561,mango
21,26,27,27.00315545,47.67525434,5.6995869720000005,95.85118326,mango
25,22,25,33.56150184,45.53556603,5.977413802999999,95.70525913,mango
0,21,32,35.89855625,54.25964196,6.430139436,92.19721736,mango
20,19,35,34.17719782,50.62161586,6.113935087000001,98.00687989,mango
19,21,34,30.01592643,53.19212381,5.074272692,97.72843182,mango
18,17,31,31.74592134,45.16127859,5.667507706,93.75441586,mango
11,36,33,35.99009679,52.22780489,5.978634285,95.3713484,mango
30,28,30,31.86641378,52.19331595,5.064613314,98.46768642,mango
18,19,27,27.75518664,52.34605806,4.772385986000001,94.11213345,mango
23,23,27,34.72413192,51.4271781,5.161148592,97.31258083,mango
37,30,34,27.53907547,53.63549533,6.797779227,99.35408185,mango
11,27,30,27.69637763,48.56224879999999,6.39474303,89.85646496,mango
12,19,31,27.25373364,52.66319725,5.566704378,91.87312479,mango
3,28,33,30.33723921,48.88704844,5.755049971,94.42850522,mango
37,38,32,31.85744939,45.53106268,5.417340525,91.55845821,mango
26,37,30,35.39986338,49.45962621,6.166173833999999,97.41054011,mango
14,18,30,29.80747243,52.13797867,5.191265116,95.74606104,mango
40,16,35,34.16438906,54.16482251,4.954739564,98.33351125,mango
4,20,25,28.93270187,47.94053996,5.664587011,99.9834242,mango
36,25,33,27.98392787,53.33018851,5.548584852,99.61465679,mango
30,17,31,31.20478173,54.49960506,6.804437106,94.62954663,mango
28,37,28,32.13409675,50.52559148,6.097869767000001,98.63333684,mango
38,15,30,28.91862016,48.13974548,5.075504537,97.01331604,mango
12,37,30,31.09779147,47.41196659,4.546466109,90.28624348,mango
38,19,31,34.73823882,49.08864345,5.855119267999999,90.65022183,mango
8,33,29,29.98080499,49.48613279,6.442393461,91.82271568,mango
15,27,28,33.80398664,46.12866113,4.507523551,90.82549241,mango
34,16,25,30.07202564,50.96040505,6.10729559,92.09609766,mango
11,36,31,27.92063282,51.77965917,6.47544932,100.2585673,mango
33,29,34,31.40948821,49.21729127,6.832979508999999,92.99739415,mango
12,31,26,35.7877738,51.94190321,5.395275719,100.2160615,mango
12,34,28,33.36140093,45.02236377,6.13526938,98.81596545,mango
5,16,31,35.96054636,48.69677802,4.555688532,98.00644238,mango
1,30,29,28.33333307,51.39586505,6.4341977560000005,91.67241761,mango
16,35,31,32.27652024,50.19368841,5.316875978000001,95.99487068,mango
35,18,26,31.99490489,50.84881347,5.279388967,97.38741498,mango
4,40,26,27.58258929,48.56916221,6.720041791,95.8445641,mango
9,29,34,29.38471637,45.88744691,5.72742254,100.8124659,mango
2,38,33,32.38697531,53.2328243,4.691396195,90.21633216,mango
26,32,32,30.91471455,49.92963856,6.810186079,90.14047759,mango
34,38,31,35.37775595,45.58110023,6.454045329,97.41586402,mango
5,32,33,32.32362177,52.58967710000001,5.842763773,93.36718816,mango
31,29,26,28.22373428,47.40519056,5.024124683999999,97.76832322,mango
34,34,35,27.27433181,47.16808054,6.422710539,95.257992,mango
36,19,32,27.10710832,50.70880979,4.94295037,92.37238878,mango
7,17,26,34.89226666,48.75613373,6.414526606,91.63074547,mango
38,15,27,33.7462686,48.50387598,6.777788126,92.26439205,mango
5,19,25,27.351105600000004,54.43945147,6.441328044,96.27792547,mango
37,36,26,32.89300162,52.61323969,4.650536197,94.49161372,mango
21,31,32,35.38598705,51.42664176,5.254532213,90.29643888,mango
37,36,27,27.552973600000005,47.90859131,5.910634533,90.40332704,mango
23,23,30,32.82141065,47.45553843,4.755273631000001,90.89173106,mango
36,26,26,30.17294105,51.0845903,6.814630246,95.23444287,mango
24,33,35,29.26382931,54.82257868,5.342866119,100.7586226,mango
26,18,30,32.06097197,51.08494181,6.336234623999999,96.59816497,mango
22,17,26,28.69818144,47.71875722,4.754435025,99.642454,mango
11,34,32,29.14305008,49.40983294,6.831706773,97.55155537,mango
29,35,28,28.347161100000005,53.53903102,6.9674177660000005,90.40260445,mango
22,28,26,27.67256197,45.41692012,4.947683034,92.84991507,mango
23,24,32,28.1218093,46.16888595,5.630619901,93.30247448,mango
1,35,34,30.79375683,46.69536813,6.27339822,92.21318555,mango
2,24,34,28.89409382,54.80750249,6.472774648,94.76322976,mango
39,37,25,33.33024826,45.61143594,6.953246506,98.28583013,mango
15,36,27,27.78912455,53.96886679,5.6437102160000014,91.01152997,mango
3,18,31,31.65333432,48.20662669,6.392313972999999,91.09745581,mango
8,38,32,29.75150773,46.73723302,4.981816523,91.405983,mango
33,31,34,31.32995611,50.22287593,5.421265282999999,89.78216168,mango
14,29,32,35.63627319,48.97047762,6.942520105,97.51952041,mango
18,20,26,31.66524687,51.98594645,5.435840509,89.98024312,mango
9,21,32,32.26935342,53.56092806,5.870116071,95.94035356,mango
20,30,27,27.81005614,51.59445462,4.74910393,95.89898581,mango
9,38,25,34.58561471,50.34035336,5.497946899,100.3060719,mango
26,24,34,31.27180992,52.23810152,6.811291098,89.74409017,mango
31,36,29,33.93679864,52.72170281,6.460542749,97.4611918,mango
14,18,35,31.09154239,47.02058367,4.791146778,91.46664318,mango
40,16,35,31.89356292,49.02450149,6.4841522000000005,89.59371481,mango
28,27,34,32.45465292,50.69693751,6.526654345,95.04871605,mango
0,17,30,35.47478322,47.97230503,6.279133738,97.79072474,mango
1,29,29,27.32961444,49.30347234,6.052026047000001,93.53197359,mango
2,36,31,30.90225239,49.95955487,5.73171945,91.77522598,mango
12,27,26,29.09382275,45.5661059,5.32307197,96.23520043,mango
7,28,35,30.02086169,46.78393776,4.66910839,96.63721027,mango
0,36,26,34.13072188,51.25786185,5.101206389,96.38808001,mango
26,35,31,33.44619894,53.05980465,5.339556562,98.05089394,mango
27,21,30,35.3915464,52.48823147,5.061081874,91.22881052,mango
22,38,31,31.53356352,53.06009323,5.8211060360000015,98.57025046,mango
22,18,31,30.764551500000003,47.93791463,5.956027059,90.38503469,mango
28,23,28,30.01821337,50.09831810000001,5.676032581,96.08745082,mango
7,31,27,31.32863689,47.59319575,6.524114355,94.67344737,mango
29,34,26,33.88004781,54.39416048,6.2739536760000005,89.29147581,mango
8,37,33,28.07802689,54.9640534,6.128167757000001,97.45373619,mango
39,16,27,35.53845018,52.94641947,4.934964765,91.54560427,mango
40,24,25,28.70595247,50.44030129,5.445008416,95.8946444,mango
19,38,26,31.48451729,48.77926304,4.525722333,93.17221967,mango
21,21,30,27.69819273,51.41593238,5.403908327999999,100.7720705,mango
22,18,33,30.41235793,52.48100602,6.621623545,93.92375879,mango
31,20,30,32.17752026,54.01352682,6.207495815,91.88766069,mango
18,26,31,32.611261400000004,47.74916499,5.418475257000001,91.10190759,mango
24,130,195,29.99677232,81.54156612,6.112305667,67.12534492,grapes
13,144,204,30.7280404,82.42614055,6.092241627000001,68.38135469,grapes
22,123,205,32.44577836,83.88504863,5.896343436,68.73932528,grapes
36,125,196,37.46566825,80.65968681,6.15526103,66.83872293,grapes
24,131,196,22.03296178,83.74372787,5.732453638,65.34440794,grapes
2,123,198,39.64851881,82.21079946,6.253034534,70.39906054,grapes
35,140,197,16.77557314,82.75241875,6.106190557000001,66.76285469,grapes
11,122,195,12.14190714,83.56812483,5.647202395,69.63122027,grapes
6,123,203,12.7567962,81.62497448,6.130310493,66.77844567,grapes
17,134,204,39.04071989,80.18393287,6.499604931,73.88467027,grapes
25,130,197,39.70772192,82.68593454,5.554831977,74.91506217,grapes
27,145,205,9.467960445,82.29335466,5.800242694,66.02765219,grapes
9,122,201,29.58748357,80.91934392,5.570290539,68.06417307,grapes
16,139,203,17.82803682,80.96093443,6.27564088,65.84748763,grapes
32,141,204,8.825674745,82.89753705,5.536645599,67.235765,grapes
22,138,195,27.83487131,83.51444973,6.208196881,73.02882766,grapes
31,144,202,11.02105378,80.55557235,5.870600622,68.23963161,grapes
3,136,205,17.5862944,80.84806564,6.334771461,71.40654520000002,grapes
28,122,197,19.89363946,82.73366439,5.856575335,69.66256816,grapes
4,136,204,29.93707596,81.77713468,5.898944282,65.52279323,grapes
39,145,201,36.73126647,80.58931938,5.775600435,72.24230804,grapes
38,132,197,20.42094753,81.54185044,5.931101816,66.93065667,grapes
36,133,198,25.51939719,83.98351748,6.2286454,69.17281221,grapes
25,121,201,30.50734778,82.71775569,5.594240602999999,70.08200379,grapes
15,125,199,18.426993600000007,80.55625868,5.569230319,69.75734306,grapes
24,140,205,12.087022,83.59398734,5.93202852,68.66813363,grapes
13,132,203,23.60115364,82.48336987,6.423216506,73.23901752,grapes
5,126,197,12.80000387,81.20876367,6.417500829,67.10439401,grapes
30,120,200,38.06099482,82.24729637,6.234904253,65.70148216,grapes
23,142,197,39.06555518,82.03812973,6.000573725,69.30772897,grapes
26,135,203,33.78372897,81.16314317,5.6851027689999984,74.53557341,grapes
7,126,203,16.76201707,82.00335557,5.662140095,73.28712806,grapes
32,139,198,35.89307536,82.66850729,6.358186848,66.53946559,grapes
9,141,202,21.01245395,81.17931863,6.119495295,66.38448261,grapes
20,142,196,10.89875873,80.01639435,6.207600782999999,68.69420397,grapes
32,129,201,16.36251869,83.00471609,6.48754639,71.55665483,grapes
3,134,199,20.28370163,81.32235739,5.81717753,71.06611222,grapes
38,138,204,25.11108456,83.25447587,6.325480034,73.01026829,grapes
14,131,198,33.4641162,83.86742974,5.562790949,67.92204319,grapes
20,122,204,11.7976469,80.86325389,6.487369687,65.06962486,grapes
40,126,201,11.36300891,80.03100049,6.116982944,71.18289431,grapes
36,128,204,25.23542319,80.68700527,5.695792761,67.03840888,grapes
11,132,197,15.99050693,81.23966573,5.7343170070000005,74.40198861,grapes
0,137,195,22.4359017,80.18612085,6.329499832000001,65.3973168,grapes
19,123,200,34.76086052,81.03544763,6.167013532,65.70430027,grapes
31,136,197,31.11047251,83.34010951,5.653776057999999,71.43001582,grapes
4,134,200,28.57828803,80.95628959,5.840256272,73.34232097,grapes
39,139,201,41.18664903,81.01783402,5.5399808120000005,68.68895899,grapes
8,127,196,27.02766138,83.17093908,5.833302165,70.95666003,grapes
39,138,203,21.19339319,82.33098331,6.399433771,74.62834921,grapes
32,120,204,10.38004759,83.44518113,6.138958698,67.39173790000001,grapes
12,142,203,31.3115978,82.56407013,5.972850837999999,65.01095312,grapes
8,133,195,20.46657776,80.97598029,6.456079585,71.29813872,grapes
8,139,199,29.36947679,81.53996362,6.3364266670000005,66.13442813,grapes
21,134,202,10.72302459,80.02130636,6.425419926,65.29821120000001,grapes
40,140,195,14.97846952,80.49979873,6.2943956760000015,71.63437433,grapes
39,127,202,15.3246651,81.67215994,6.477768039,71.60102999,grapes
19,120,195,18.73932187,81.12109244,5.931538447,73.55807954,grapes
21,139,201,19.3642553,83.36094029,5.980598579,67.15094741,grapes
17,136,195,41.20733624,81.61051026,6.389783283,65.90227462,grapes
33,139,203,33.34214482,82.51034633,5.693287415,70.68098614,grapes
22,133,201,23.81995682,80.12211649,6.00299607,67.27398640000001,grapes
32,130,196,40.66012294,81.24995984,6.372959542,74.03030056,grapes
37,135,205,11.82768186,80.2827185,5.510924848999999,74.10225057,grapes
15,140,195,13.28504331,83.54193816,5.69945282,65.80006004,grapes
39,132,196,35.83089092,83.32560104,5.778594403,73.67984885,grapes
40,121,199,26.18159716,81.03886263,6.315586313,66.05911698,grapes
40,132,202,24.57558351,80.70695797,5.9718130060000005,69.706113,grapes
29,142,203,29.67229086,83.71498986,5.891195653,66.48490371,grapes
32,121,199,39.37102553,81.25353895,6.129812716,74.08101744,grapes
6,140,205,17.66558428,82.92903419,6.313085601,69.8671263,grapes
8,120,196,24.06679352,82.66396666,6.053662544,69.81855775,grapes
34,133,202,15.31413469,80.09711412,5.804799142,74.82144653,grapes
35,135,199,21.77466746,80.54942557,6.400719746,69.39630398,grapes
16,145,199,26.91624843,80.76838926,5.953966361,69.30927185,grapes
8,136,201,41.65602996,82.22118237,5.6092559920000005,74.19664838,grapes
25,129,195,17.98667801,81.17712085,5.777271492000001,72.37127689,grapes
16,130,201,29.12033769,82.79092939,5.682395429,68.8503047,grapes
39,129,203,34.38922481,83.18392806,5.863996687,71.03001556,grapes
38,135,203,41.36106301,82.79782954,6.444373116,69.92107482,grapes
33,120,205,35.12158265,82.26890793,5.550832177999999,69.71518491,grapes
35,125,204,19.6491772,80.15215777,6.107741787999999,73.69529586,grapes
1,132,200,16.27852801,82.94270065,5.620745638,66.57462809,grapes
39,140,203,21.11903604,80.63399198,6.349875906,69.27779761,grapes
28,145,202,19.2077707,82.90428409999998,6.484323189,66.83113717,grapes
6,128,200,25.96308415,82.57813624,5.838748311,70.31782647,grapes
6,139,199,25.67385024,81.6212135,6.29099842,74.10919422,grapes
29,122,196,41.94865736,81.15595212,5.638328481,73.06862952,grapes
37,144,197,11.18994268,80.8084305,6.415555956,66.34234944,grapes
38,120,197,17.5438296,82.94703302,6.323722572,73.77063744,grapes
38,141,198,13.05809741,80.28297993,5.757009965,70.75633584,grapes
14,121,203,9.724457611,83.74765639,6.1586894060000015,74.46411148,grapes
6,125,204,27.92004934,82.93262435,5.7335398070000005,69.92092839,grapes
32,138,197,9.535585543,80.73112694,5.908724337000001,69.44115171,grapes
11,124,204,13.42988625,80.06633966,6.361141107000001,71.40043037,grapes
23,138,200,9.851242629,80.22631717,5.96537863,68.42802444,grapes
40,143,201,24.97256132,82.72828653,6.476757723,66.70016285,grapes
6,142,202,27.23708304,82.94573346,6.224542938,70.42508897,grapes
37,124,195,18.70679077,83.4795292,6.209928251,66.5964488,grapes
35,134,204,9.949929082,82.55138983,5.841138354,66.00817551,grapes
119,25,51,26.47330219,80.92254421,6.283818329,53.65742581,watermelon
119,19,55,25.18780042,83.44621709,6.818261382999999,46.87420883,watermelon
105,30,50,25.29954705,81.77527562,6.37620108,57.04147057,watermelon
114,8,50,24.74631269,88.30866319,6.581587932000001,57.95826144,watermelon
93,22,52,26.58740671,81.32563243,6.932739726,41.87540028,watermelon
80,26,55,24.53442564,88.989272,6.140099215,49.11618732,watermelon
85,27,45,26.0713757,88.7285657,6.467095849,57.79652846,watermelon
85,22,53,25.96534238,89.77076659,6.849471704,59.46338556,watermelon
82,22,45,26.22338015,85.34866045,6.512196212,54.60159289,watermelon
118,13,54,24.41311871,89.81574032,6.039584629,44.07843475,watermelon
83,25,53,26.49195283,80.04678201,6.057697106,57.72799157,watermelon
86,15,47,24.04355803,84.18406764,6.423898762,53.78929956,watermelon
101,10,47,25.5421695,83.31883376,6.936997681,57.57343233,watermelon
119,9,50,26.74550678,83.9195902,6.251286661,40.794305,watermelon
104,17,46,25.7131428,80.22972777,6.190015912000001,43.08961827,watermelon
95,12,51,25.76484262,84.17269959999999,6.681606702000001,44.22066914,watermelon
102,14,52,26.79489868,89.64815231,6.51075991,57.74091817,watermelon
109,21,55,24.9004602,89.73524177,6.770278088,57.44942094,watermelon
81,18,50,26.80750629,88.22874955,6.429788072999999,58.79889057,watermelon
103,17,51,25.11189154,80.02621335,6.209888345,44.20656987,watermelon
105,14,50,26.2148837,87.68839820000002,6.419052193,59.65590798,watermelon
97,8,52,24.9103226,86.97190046,6.237861736,49.48575692,watermelon
120,19,49,25.79448878,84.26830701,6.762471628999998,56.45229202,watermelon
95,16,55,25.26931156,87.55055105,6.612847999,40.12650421,watermelon
83,29,52,25.76402693,87.5931128,6.704688865,46.05122728,watermelon
83,9,45,25.85483596,89.13163965,6.049609892,46.85176955,watermelon
91,21,50,24.33528185,81.44030363,6.762030215,48.32113628,watermelon
116,5,54,25.37601283,80.99313508,6.65398725,57.23028471,watermelon
112,28,54,24.86094646,85.05318563,6.738030547,55.29563514,watermelon
88,29,51,24.71885473,88.94568335,6.095689937,48.45978627,watermelon
118,15,45,24.21495706,84.20576992,6.538006356,48.01138482,watermelon
92,21,48,25.81692236,82.043255,6.377427122,54.82963379,watermelon
106,14,45,24.47018505,84.16390229,6.417011754,57.26773002,watermelon
99,5,47,24.13078816,84.84494575,6.649086972,51.19470197,watermelon
98,8,51,26.1793464,86.52258079,6.25933595,49.43050977,watermelon
108,22,46,26.17668721,86.72952049999998,6.121168559,53.33484977,watermelon
119,7,55,26.03867719,84.6378378,6.031424482,44.3993381,watermelon
117,27,48,26.53259325,82.39053979,6.835268183999999,54.30660782,watermelon
109,10,53,26.81938687,87.8274604,6.5517503060000015,46.06193778,watermelon
80,16,46,25.50405534,81.40297428,6.940236218,48.47833278,watermelon
100,18,52,26.20234499,80.38266489,6.87606733,56.47941847,watermelon
91,7,53,25.13735887,89.28272716,6.457216535,43.52897517,watermelon
86,6,53,25.92030221,83.47202566,6.921847887999999,42.10681516,watermelon
107,5,52,26.6634609,89.98405233,6.8814257460000015,57.40847165,watermelon
103,16,49,24.06731461,81.64075303,6.915717008,51.75212401,watermelon
101,20,48,24.6774157,82.75411437,6.206247493999999,57.05709413,watermelon
85,25,47,26.11440416,87.64081095,6.29542477,58.48160844,watermelon
84,7,51,26.81530456,87.65694462,6.399669044,55.74073582,watermelon
102,28,54,25.15623099,80.27525115,6.862157042000001,55.49541453,watermelon
98,25,52,25.2801372,83.15393658,6.224066378,49.29456609,watermelon
97,25,50,26.22005978,80.90127035,6.093814669,49.08553937,watermelon
90,16,45,24.92093261,80.61750795,6.291540277999999,50.55710813,watermelon
95,12,46,26.21667586,81.01009354,6.32281728,54.65423596,watermelon
82,23,49,26.81383586,87.21986949,6.873283991,51.70497792,watermelon
82,25,51,24.31334971,87.47409052,6.074209622000001,48.11248366,watermelon
110,28,46,24.29105004,88.04541346,6.49889585,51.26046418,watermelon
118,21,51,24.42998931,86.33904774,6.678805092,48.58241822,watermelon
120,20,45,25.66576039,88.6984228,6.114128685,54.22722466,watermelon
91,7,52,25.07803672,83.46230461,6.405054243,56.39962921,watermelon
81,6,55,24.88910524,85.87059083,6.110142735,51.70699144,watermelon
101,13,54,25.42900869,82.91481799,6.828982708,56.34144589,watermelon
101,17,55,24.37118217,87.1269128,6.451499763999999,44.63907691,watermelon
111,6,53,26.493064500000006,88.59143088,6.313512998999999,46.06382209,watermelon
107,10,49,25.83202912,89.00481725,6.755192025,45.24690619,watermelon
115,11,46,24.41592661,89.39655519,6.623167177000001,40.32161859,watermelon
84,25,52,24.37190239,81.2514818,6.12532356,44.20899581,watermelon
120,7,47,24.24782473,83.03687902,6.653867608,54.76576239999999,watermelon
91,12,46,24.64458469,85.49938185,6.343942518,48.31219031,watermelon
89,22,52,24.89681131,86.10782926,6.217300786,53.14626213,watermelon
113,19,46,25.41864024,81.12122989,6.286387658,49.52320689,watermelon
97,22,50,26.26028739,86.14585891,6.769893799999998,58.97878791,watermelon
117,30,50,24.90123934,87.20772913,6.744966312000001,46.59207341,watermelon
90,14,52,24.84740848,89.20454622,6.391858432,59.67927244,watermelon
104,23,47,26.98212846,86.70068316,6.770434148,42.91292205,watermelon
81,16,45,26.90435747,86.25426228,6.727468157000001,59.75980023,watermelon
88,5,47,25.86475496,86.67468041,6.662244646,41.16554802,watermelon
92,7,45,26.70607759,81.14149505,6.944640222,51.51033554,watermelon
81,18,50,26.44019475,80.91934337,6.507110986,47.81847573,watermelon
111,5,55,26.283443,84.42478917,6.520663422,50.78669728,watermelon
108,23,51,26.84366082,83.85039964,6.106500787000001,40.228644,watermelon
113,30,50,26.03967219,83.9862443,6.277484042999999,43.87712348,watermelon
83,10,53,24.92994759,85.00802358,6.195142279,48.75859458,watermelon
101,11,51,25.50736962,84.24340241,6.792035575,44.2068997,watermelon
114,21,55,25.4438391,87.93923120000002,6.472756256,57.51549686,watermelon
99,6,45,26.12588914,86.5507939,6.000975617000001,40.71210074,watermelon
92,20,55,25.10474753,87.52676159999999,6.5877912620000005,59.26519444,watermelon
92,7,48,26.27520631,86.63249555,6.956508826,54.38748495,watermelon
91,24,55,26.27061608,83.09194521,6.259086582999999,46.76837499,watermelon
110,21,54,26.73690828,87.82430156,6.747537642,47.46447019,watermelon
112,25,51,25.04746944,85.5667282,6.932537231,56.72496677,watermelon
89,25,54,24.69368934,85.56967628,6.353107392999999,48.99390828,watermelon
100,10,53,24.54356968,84.60808277,6.211748957,42.00660251,watermelon
83,22,54,25.89762315,81.96664832,6.277245253999999,54.49960057,watermelon
95,14,50,26.6333118,84.31756844,6.560443519,56.31866159,watermelon
119,30,49,25.35794749,80.45846265,6.903020221,47.72078245,watermelon
97,12,47,25.28784623,89.63667876,6.765094963999998,58.28697664,watermelon
110,7,45,26.63838589,84.69546874,6.189213927000001,48.32428609,watermelon
96,18,50,25.3310446,84.30533791,6.904241707000001,41.53218699,watermelon
83,23,55,26.89750174,83.89241484,6.463271076,43.97193745,watermelon
120,24,47,26.98603693,89.4138489,6.260838965,58.54876687,watermelon
115,17,55,27.57826922,94.11878202,6.776533055,28.08253201,muskmelon
114,27,48,27.82054812,93.03555162,6.528404377999999,26.32405487,muskmelon
101,25,52,29.09910406,94.22237826,6.750145572,22.52497327,muskmelon
118,18,52,28.04943594,90.83130708,6.562832807,20.76223014,muskmelon
95,26,45,29.91690582,94.55695552,6.117530021,28.16057247,muskmelon
81,25,49,29.86895762,93.25103208,6.076459669,26.26243014,muskmelon
117,24,53,29.17220859,92.21405224,6.293486295,21.30290472,muskmelon
114,30,51,29.24908541,90.06998135,6.069171847000001,25.93496537,muskmelon
113,6,52,27.76317235,90.35567642,6.740983646,25.21609113,muskmelon
108,26,52,28.82629037,94.26765349,6.201797639,26.23838511,muskmelon
81,30,48,28.52379742,92.09688432,6.041027474,29.86681385,muskmelon
115,9,52,29.06785065,90.97685539,6.019372459,29.1194739,muskmelon
83,7,45,29.08417927,90.73891887,6.704104127000001,25.33014238,muskmelon
84,21,55,28.47090661,94.79453182,6.494251024,21.08484101,muskmelon
109,26,45,28.27973674,90.38971208,6.224535448999998,21.58992507,muskmelon
95,27,55,28.47212559,91.21322065,6.160414414,20.88620369,muskmelon
119,5,55,29.68846716,94.30111601,6.168757984,26.83924845,muskmelon
110,14,51,27.02415146,91.66737633,6.085444691,21.26034986,muskmelon
82,18,48,29.09588297,94.16748386,6.1590508160000015,26.70581328,muskmelon
87,14,48,29.69238699,92.58862544,6.606033244,29.1102594,muskmelon
85,9,53,28.20619412,92.86798698,6.447662945,28.78654515,muskmelon
100,6,53,29.05248036,93.92217834,6.105909623,23.66620626,muskmelon
107,12,46,29.57240298,93.61870344,6.559763394,27.56918621,muskmelon
91,13,47,29.10968327,92.43510994,6.14410903,27.95602304,muskmelon
102,25,50,28.20480805,92.91440379,6.099662369,20.36001144,muskmelon
117,25,53,29.11858526,92.12543021,6.413927319,24.52020164,muskmelon
85,21,52,29.62800691,90.10051615,6.0751441160000015,23.69586761,muskmelon
104,25,55,29.81196601,90.36881284,6.123802502,22.68766503,muskmelon
102,24,54,27.72338349,90.93897939,6.698468621,22.81863447,muskmelon
116,25,50,29.26092798,92.92367701,6.088885814,28.70627683,muskmelon
100,17,48,29.72791119,94.29753295,6.367800632000001,26.52364146,muskmelon
110,25,54,28.91105641,90.78413842,6.425930938,23.44398467,muskmelon
104,25,51,28.96361426,93.88482153,6.469983276000002,23.56130173,muskmelon
107,11,54,28.59052369,91.33617236,6.094016337999999,29.44008034,muskmelon
98,26,52,27.33897716,90.69759008,6.150090898999999,28.69113835,muskmelon
88,17,52,29.90415889,90.75284363,6.646962425,25.37828397,muskmelon
87,25,46,27.42711692,90.02696201,6.379690748,21.7508774,muskmelon
120,8,46,29.55657523,90.70937262,6.732834334,28.36535596,muskmelon
95,13,46,29.84070774,93.76312893,6.126019932,23.28207838,muskmelon
108,22,47,28.53545677,91.72742702,6.161123579,25.1290048,muskmelon
82,13,52,27.11535046,94.86907886,6.442810053,26.51924782,muskmelon
120,23,55,27.84492803,91.60666594,6.732049075,26.47844429,muskmelon
110,22,47,29.03157242,91.82172592,6.243673725,24.93861254,muskmelon
95,23,45,27.82424457,90.56698742,6.266208727,21.19014526,muskmelon
106,10,49,27.72653142,92.00687531,6.350623739,20.21126747,muskmelon
99,12,52,28.69708334,94.30759855,6.002927293,22.21807088,muskmelon
106,20,51,29.73019662,90.97015715,6.342573112,20.49035619,muskmelon
83,11,53,29.54097171,92.91778307,6.163921247999999,21.9653077,muskmelon
117,19,55,28.80311922,91.78336933,6.121745389,25.16359891,muskmelon
98,26,49,27.29035669,90.53330091,6.130160472999999,23.49535234,muskmelon
113,20,48,27.46583649,94.87679041,6.440584681,27.27899847,muskmelon
101,17,47,29.49401389,94.72981338,6.185053234,26.30820876,muskmelon
98,7,45,27.79161808,92.51054946,6.157724816,26.85422624,muskmelon
93,22,48,29.12533739,91.52291141,6.776987974,21.90440445,muskmelon
95,21,47,27.93114233,93.56161439,6.431970877,20.66127836,muskmelon
109,12,48,29.45771748,92.12534736,6.708743843,20.76212031,muskmelon
118,12,47,27.96872279,92.17444796,6.010739645,28.94766949,muskmelon
100,14,49,29.48882958,91.07574233,6.365956657999999,26.01909355,muskmelon
89,9,47,29.47156259,90.77069618,6.6683827660000015,28.75226067,muskmelon
95,16,46,27.076726500000003,90.14362622,6.74669542,24.4514648,muskmelon
95,7,45,27.30008597,90.80015308,6.031665834,25.09484511,muskmelon
87,6,45,29.82729394,90.79007335,6.40077205,22.84203589,muskmelon
93,20,50,29.93061247,93.22980899,6.448792688999999,24.34814338,muskmelon
84,29,49,29.94349168,93.90741192,6.251420275,20.39020503,muskmelon
111,5,47,28.03306461,91.47355778,6.2744528110000015,21.17924769,muskmelon
111,5,52,29.8843055,94.0371147,6.135996372,21.0000988,muskmelon
111,15,54,27.7058373,92.91185695,6.194090172,22.06207161,muskmelon
89,11,47,29.78714005,94.65343534,6.327822962000001,27.8659442,muskmelon
110,15,48,28.57819995,92.86597437,6.2125672110000005,27.598717800000006,muskmelon
95,30,52,29.48069921,90.33698678,6.640470862999999,26.0365768,muskmelon
115,12,52,27.51492243,94.96218673,6.685553129,21.01796432,muskmelon
120,25,50,28.05457761,94.81637388,6.327210469,21.84869328,muskmelon
102,11,45,29.03167341,93.12603235,6.35544263,24.15591199,muskmelon
94,5,55,28.5854649,91.89216849,6.085682343999999,26.88372572,muskmelon
84,18,46,27.08808014,93.42402083,6.781050372999999,25.32159689,muskmelon
107,22,54,27.99611732,90.84660317,6.630301421,21.61893763,muskmelon
80,18,52,27.87317436,91.14849627,6.484799661,24.05207925,muskmelon
86,18,45,28.96586565,90.71832938,6.566759102000001,22.25838137,muskmelon
113,28,48,28.87726019,92.48839665,6.170520517999999,24.44267592,muskmelon
115,18,53,29.17052093,94.19790371,6.0124803510000016,22.06994464,muskmelon
82,20,54,29.34033587,90.01506395,6.541150335,21.44532907,muskmelon
98,22,47,29.07265321,91.91533173,6.341400922,28.83568362,muskmelon
117,25,54,28.68275966,92.50969311,6.150686363999999,29.11187663,muskmelon
83,15,49,28.92705913,91.39356832,6.438008152999999,23.20076686,muskmelon
120,16,51,27.99901833,91.64193051,6.547041902999999,23.28618248,muskmelon
111,5,50,27.59350075,91.79742953,6.399891457000001,24.84266123,muskmelon
85,21,47,29.87331077,90.60932469,6.186770318,24.69720481,muskmelon
90,23,54,28.55852465,90.45773041,6.159020864,27.26588346,muskmelon
99,29,55,29.19378695,91.46241065,6.660954816,26.48240255,muskmelon
102,11,47,27.98780984,92.78226196,6.504906978999999,27.14509034,muskmelon
80,18,51,28.05380704,91.81758779,6.706053225,20.76582087,muskmelon
87,21,52,27.350629600000005,94.29119509999998,6.067665497999999,27.21244021,muskmelon
114,8,52,29.34081108,94.5513539,6.419083092,28.22908103,muskmelon
99,6,46,28.61475136,94.22253035,6.39637861,28.98574189,muskmelon
89,25,50,27.04863538,91.34685096,6.375923383,25.08146686,muskmelon
96,13,55,29.5275305,94.57459443,6.700337732,21.13545688,muskmelon
82,26,47,28.50416396,93.46806467,6.565312652999999,24.20007242,muskmelon
106,21,52,28.89578588,94.78993038,6.286515359,23.0362503,muskmelon
90,15,52,27.04927452,91.3821731,6.448061578,23.65747461,muskmelon
106,16,54,28.96017885,91.69532178,6.585872508,24.7458198,muskmelon
24,128,196,22.75088787,90.69489172,5.521466996,110.4317855,apple
7,144,197,23.8494014,94.34814995,6.133220586,114.0512495,apple
14,128,205,22.60800988,94.58900601,6.226289556,116.0396587,apple
8,120,201,21.18667419,91.13435689,6.321152192,122.233323,apple
20,129,201,23.41044706,91.69913296,5.587905967,116.07779309999998,apple
32,137,204,22.86006627,93.12859895,5.824151692999999,117.7296726,apple
27,139,205,22.48403042,93.40819246,5.7721799460000005,105.5473627,apple
0,123,205,22.02775403,92.96129462,5.790993052,121.1349176,apple
22,144,196,21.91191314,91.68748063,6.4992268210000015,117.0761277,apple
1,124,199,23.71059131,93.27392415,5.658473817000001,112.66765890000002,apple
30,122,197,21.37784654,92.72043743,5.573241391,106.1417017,apple
29,121,196,22.84852833,94.32130209,6.079497202000001,123.5977843,apple
13,126,204,23.1094265,92.79630809,6.3831802710000005,108.183792,apple
9,139,199,23.25230817,94.54128292,5.867420996,105.3558408,apple
0,133,200,23.67287749,90.4935574,5.708418722,104.2298028,apple
30,143,199,23.76881552,90.59810302,5.7983508000000015,102.2648546,apple
36,140,198,23.34386401,91.47684705,6.28188384,104.4267991,apple
37,137,199,22.63946441,90.18451645,5.697945522,108.3405879,apple
33,121,203,22.45696744,94.76285385,5.6059340870000005,114.8407725,apple
7,144,195,22.96388477,93.58065995,5.85648105,104.64729859999998,apple
35,128,205,21.07273439,93.56585985,6.041053829,107.8737015,apple
29,128,198,22.44075021,92.70785115,5.685062404,121.4977331,apple
2,143,196,22.71271308,90.45261746,5.669489065,109.8852597,apple
34,140,198,21.70416965,93.44006288,5.751707342,115.1781396,apple
29,144,204,22.43324518,92.48667725,5.800448951,119.1025189,apple
32,141,203,21.25941052,92.84416234,5.821347769,109.06584709999998,apple
13,144,197,22.9215706,94.89613443,6.28022267,105.6941544,apple
25,143,198,22.81212536,91.51861705,6.027314401,107.855225,apple
9,137,200,21.12152071,90.6878768,5.636687393,102.8017203,apple
6,144,198,21.11478672,90.31528693,5.559363609,104.5086618,apple
37,126,196,23.59997268,90.97597665,5.596449493,107.17281909999998,apple
2,120,203,23.12652652,94.71203306,5.893492998999999,108.62118329999998,apple
11,143,197,22.98458907,93.3204487,5.875718516,122.1952483,apple
10,141,201,22.12659387,90.97818277,6.386021424,104.5412275,apple
24,142,202,22.53779727,91.48135786,5.710819862,101.8474768,apple
23,138,195,22.49095104,91.70292746,5.7959857160000015,124.3915101,apple
18,125,204,22.35548159,94.47811755,6.046673619,116.7366261,apple
13,121,196,22.20700989,93.50574163,6.443382913,120.1593771,apple
26,122,202,22.44516988,94.73763514,5.617227184,107.1843273,apple
28,123,202,22.76643029,92.12438519,6.442289294,120.4359949,apple
26,121,201,22.19109412,90.02575116,6.162034371,112.3126628,apple
21,137,196,23.6119202,91.70293849,5.812781806,123.5900822,apple
21,135,198,23.86087054,94.92048112,5.7650151260000015,105.0241329,apple
5,144,205,21.42177231,92.62665309,6.184922574,102.8045658,apple
2,123,205,22.36629253,90.78572467,5.739652177000001,124.9831618,apple
15,133,199,23.99686172,91.61001707,5.8247786360000005,117.6102915,apple
31,130,198,21.80129837,92.73446667,5.554823557000001,120.05866709999998,apple
25,143,200,23.80436344,92.80441624,6.024248787,100.6192543,apple
16,143,204,23.71475278,91.53331177,5.631333387000001,121.8961665,apple
19,122,202,23.34467359,90.37981478,5.811975094,112.8954016,apple
10,125,196,22.31253665,90.03577124,5.730557448,113.0688155,apple
20,139,202,23.50201428,92.21083961,5.66999105,107.9868949,apple
28,123,198,23.46260321,91.45665004,5.682751473,111.7763395,apple
28,136,200,23.06204373,92.39544055,6.245858905,114.7399101,apple
2,131,199,22.47420512,91.22759742,6.017370134,124.2179699,apple
2,140,197,22.69780133,92.82223419,5.53456749,105.0508234,apple
27,138,201,23.66682067,93.90191078,5.952367662,105.4004751,apple
30,127,204,22.50050273,92.45878335,6.126436584,100.9343903,apple
32,145,203,23.83053666,90.84422164,6.406818518,109.5966791,apple
29,139,205,23.64142354,93.74461474,6.155939452999999,116.6912176,apple
26,126,195,21.41363812,92.99124545,5.878568981,118.3979065,apple
40,136,202,22.85267372,94.57645809999998,5.935336307999999,117.53140259999998,apple
6,124,200,22.98208095,93.84505029,5.971332179,109.5852253,apple
35,138,200,21.19909519,90.80819418,5.67130617,103.6838922,apple
17,136,196,23.87192332,90.49939035,5.882155987999999,103.0548094,apple
33,134,205,21.0365275,94.33919546,6.08551916,114.7412734,apple
16,143,197,22.61711614,93.51978375,5.90402645,116.9256766,apple
27,120,200,21.45278675,90.74531921,6.1102188260000005,116.7036582,apple
29,145,205,22.81227579,92.12992101,6.212302608,109.3383552,apple
3,141,197,21.98141856,91.12719303,6.142803397000001,115.4789148,apple
15,123,204,22.52709326,92.54780429,6.365972687999999,115.3830068,apple
5,136,195,22.35628673,91.92360477,6.264202804,107.7697413,apple
10,136,204,21.19852186,92.15595143,6.276198595,105.8554351,apple
7,141,195,23.8812458,93.45067555,5.514253142,104.9116663,apple
2,129,201,22.78234161,94.36803516,5.682343744,122.1449949,apple
29,138,197,22.19055385,92.43764169,5.830892252000001,121.6622761,apple
30,137,200,22.91430043,90.70475565,5.603413172000001,118.6044645,apple
29,132,204,23.08950736,90.22507299,6.0967531,108.2166601,apple
14,139,197,21.72484506,92.83975602,6.056529526,121.6961761,apple
18,125,203,22.44307715,91.59234006,6.160267496,102.5565807,apple
33,143,204,21.1316077,91.95769858,5.814434775,122.5391946,apple
40,144,196,22.71750705,92.25479855,5.987262638,107.0289866,apple
9,143,197,23.75033085,92.88160462,5.570020684,117.6602827,apple
38,135,203,23.76121837,93.661643,5.9655513110000005,100.825956,apple
28,130,196,22.13450646,94.67695747,6.062356467000001,112.9203223,apple
35,142,203,21.17089176,90.23730166,5.895319002000001,123.6495149,apple
12,129,205,22.36238282,91.15761594,6.119432215,118.68327250000002,apple
1,135,203,22.77856513,92.70124029,5.624203283,113.7759219,apple
0,145,205,21.22503442,90.09877774,5.52078314,113.9760462,apple
31,121,201,23.15791104,90.34396882,5.731535257999999,110.712841,apple
35,131,203,22.42776057,93.91722423,5.893490899,102.7230739,apple
29,140,195,23.64082979,90.95257927,5.560521058,116.7431319,apple
33,138,198,22.29423493,90.69033986,6.222390797999999,122.7418744,apple
14,140,197,23.35225078,90.90054697,6.071255131,113.0381382,apple
35,145,195,22.03911546,94.58075845,6.231950009,110.9804014,apple
40,120,197,23.80593812,92.48879468,5.889480679,119.6335548,apple
25,132,198,22.31944084,90.85174383,5.732757516,100.1173443,apple
31,137,196,22.14464104,93.82567435,6.400321212000001,120.6310784,apple
36,144,196,23.65167552,94.50528753,6.496934492,115.3611268,apple
10,140,197,22.16939473,90.27185592,6.229498836,124.4683112,apple
22,30,12,15.78144173,92.51077745,6.354006743999999,119.035002,orange
37,6,13,26.03097313,91.50819306,7.511755067999999,101.2847738,orange
27,13,6,13.36050601,91.35608208,7.335158382,111.2266885,orange
7,16,9,18.87957654,92.04304496,7.813916602999999,114.6659511,orange
20,7,9,29.47741671,91.57802915,7.1291369410000005,111.1727497,orange
26,27,10,28.06903173,92.91487288,6.079998496,114.1339416,orange
5,23,15,25.66901098,92.04670813,7.408939392000001,112.5424199,orange
0,18,14,29.77149434,92.00719952,7.207991261,114.41617859999998,orange
39,24,14,30.55472573,90.90343769,7.189259647,106.0711985,orange
13,23,6,23.96147583,90.26408017,7.365338111,102.6958703,orange
21,17,15,23.98289638,91.5473145,7.455991072000001,118.4901697,orange
33,12,8,25.26052689,90.31153735,6.822282114,117.36952959999998,orange
6,9,12,31.08368929,90.14362642,7.028746406000002,109.6894658,orange
19,7,10,14.78003032,91.22062116,6.118430299,100.1961762,orange
24,18,6,26.56608303,94.45239715,6.285312759,116.3796525,orange
9,11,8,24.85903405,94.39000473,6.559236744,111.78037340000002,orange
31,8,7,34.51465139,93.63812684,7.163245982,103.5684926,orange
22,17,5,24.12188673,90.72351622,6.945562889,102.835632,orange
13,5,8,23.85340379,90.10522549,7.474710503,103.923226,orange
16,8,9,24.60297538,91.28408653,7.601189842999999,111.2948115,orange
4,13,6,15.63211033,94.25966183,7.5611432239999985,101.4705704,orange
0,25,14,19.33516809,91.97978938,6.361671475,116.450422,orange
8,7,10,28.2620488,91.98317355,6.929216014,105.2132259,orange
4,23,5,22.67594476,93.36348717,7.477935216,110.3332655,orange
33,14,8,21.03200078,92.9641969,7.684420446,110.6823944,orange
30,7,15,33.23453301,91.06053924,7.825531916,115.7659902,orange
21,29,12,22.30318989,92.15987039,6.438668989,117.3688104,orange
11,14,5,11.50322938,94.8933184,6.946354724,115.56837759999998,orange
9,8,15,14.34320488,94.35734702,7.994465371,110.22231229999998,orange
5,18,14,33.105698100000005,93.48447453,7.434118807000001,119.1709113,orange
29,25,14,30.49183837,90.4582865,7.781988584,113.3302105,orange
33,12,15,30.25578031,92.03272799,6.052318465,116.7173125,orange
8,16,6,12.22816189,90.26457428,7.106650373,108.4161706,orange
15,14,8,10.01081312,90.22399223,6.22094286,119.3941064,orange
16,7,8,22.79196751,90.60901895,6.420457311,116.5084074,orange
0,12,7,20.18432263,90.65458473,6.969249676,116.8130969,orange
5,25,6,30.72119881,94.01331956,6.0113021810000005,106.8118019,orange
6,8,11,24.35590861,92.39651663,6.600948787999999,119.6946577,orange
10,5,5,21.21306973,91.35349216,7.817846496,112.9834361,orange
1,17,6,10.78689755,91.38411917,6.8198271,117.5293447,orange
1,30,10,11.89925671,91.34663797,7.291405641,103.5771468,orange
0,23,15,22.56664172,93.37488907,7.598729065,109.8585753,orange
24,27,9,18.86883219,93.24688124,6.157135092000001,119.3936976,orange
36,11,13,17.34083741,93.04897191,7.1917274,112.7194284,orange
40,21,8,34.90665289,92.87820148,7.418761774,102.1906333,orange
40,22,6,24.53610067,91.90997228,6.488221135,115.9787989,orange
32,18,13,13.8377282,91.74780462,6.044167236,107.9873218,orange
9,10,10,22.3551049,93.52211892,6.010391864,101.5164589,orange
13,16,8,34.74004942,93.12316972,6.949838549,100.1967854,orange
15,9,11,11.54785707,94.14861001,7.907956251,108.82891709999998,orange
29,11,5,23.13338811,91.94670335,7.639788459,104.4224145,orange
1,15,9,29.98364695,94.55239717,7.53350946,115.3560318,orange
18,5,11,20.87947369,90.93756231,6.251586885,102.4550786,orange
14,22,9,17.24944623,91.13772765,6.543191814,112.50905159999998,orange
33,15,7,15.83388699,91.68293851,7.651225301,109.7571416,orange
4,6,7,23.01014302,91.11764246,6.708889665,112.6738296,orange
17,16,14,16.39624284,92.18151927,6.625538653,102.944161,orange
12,20,10,24.45132792,93.10527686,6.528354932,109.4711098,orange
34,29,8,31.87859192,91.15248149,6.450640306,105.3437825,orange
39,28,10,31.34920143,91.48247612,7.181907673,109.1549823,orange
31,25,12,18.05142392,90.03969587,7.016482298,111.7793889,orange
12,6,8,30.84835031,92.86773675,6.388617138,107.4142681,orange
12,29,13,22.45616931,91.52781832,7.57125447,118.0069295,orange
26,11,11,13.70319166,90.95589386,7.609348255,106.2944879,orange
19,24,15,20.48954522,93.72485075,7.137136973,111.83919509999998,orange
39,21,9,13.20844373,94.02769434,6.354022554,106.2696156,orange
16,29,13,32.31944397,93.67804556,6.196907944,117.6236473,orange
36,29,13,20.68185224,90.91510525,7.829507245,109.7513927,orange
37,23,12,31.52675982,90.50621806,6.395258356,113.1169398,orange
39,9,15,25.35467646,91.81183218,7.992041984,116.7555937,orange
31,5,14,17.66545409,91.69865887,6.583411671,110.6857506,orange
18,12,8,12.59093977,91.81668769,6.206053072,119.39167179999998,orange
20,20,10,11.86631922,93.68394562,6.976997772000001,106.060149,orange
5,8,5,11.03367937,92.22706805,6.562594972,112.7715925,orange
20,8,12,25.2990432,94.96419851,7.260416405,117.9733424,orange
25,21,11,32.23797837,90.15406807,6.460044777999999,104.7052254,orange
14,19,14,17.68408797,94.35815354,6.699164936,108.0638166,orange
37,18,12,10.2708877,90.19147747,7.401121811,106.69552040000002,orange
26,15,6,17.22034507,94.78797376,6.912033409,108.0054343,orange
13,22,5,19.667056,90.50096668,7.764040111,100.1737964,orange
32,25,9,10.35609594,93.75652041,7.796034006,101.1456947,orange
19,7,9,27.255435,91.71369387,6.969883482999999,101.139435,orange
28,7,9,34.591784600000004,92.13229786,6.730757538,115.5650287,orange
24,30,11,32.39523995,94.51768464,6.601395755,113.25373,orange
7,17,10,10.16431299,91.22320999,6.465913274,106.362551,orange
18,23,8,21.49118657,93.43949693,6.41354791,101.4819888,orange
7,20,12,16.53460397,94.76759975,6.475275337,110.0447896,orange
20,23,11,31.852069399999998,90.12220323,6.407715561,109.9455062,orange
18,14,11,28.04799508,90.00621688,6.550814117000001,117.1311498,orange
34,11,10,31.75048899,94.59551226,7.36220835,115.1989301,orange
20,29,10,29.07412717,93.27189064,7.36549204,100.7896871,orange
37,24,13,19.14381903,90.71037456,7.8546243,108.0230792,orange
12,8,10,16.14820285,91.4448027,7.995848977,107.4287664,orange
34,10,14,34.05296914,92.05811721,6.725600855,116.8020848,orange
6,13,9,34.51423957,90.56151463,7.786725333,118.32719679999998,orange
27,30,5,32.71748548,90.54608254,7.656978112000001,113.328978,orange
13,8,12,25.16296632,92.54736032,7.105904818,114.3117197,orange
6,7,7,27.68167318,94.47316879,7.199106204,113.9995146,orange
40,17,15,21.35093384,90.9492967,7.871063004,107.0862095,orange
31,26,9,11.69894639,93.25638873,7.566165721,103.2005992,orange
61,68,50,35.21462816,91.49725058,6.7932454170000005,243.0745066,papaya
58,46,45,42.39413392,90.79028064,6.576261427,88.46607497,papaya
45,47,55,38.4191628,91.14220381,6.751452932,119.2653877,papaya
39,65,53,35.33294932,92.11508608,6.560743092999999,235.6133585,papaya
31,68,45,42.92325255,90.07600528,6.938313356,196.2408242,papaya
70,68,45,33.83508569,92.85470152,6.991626158,203.4044028,papaya
68,62,50,33.20258348,92.76437927,6.977700268,197.5282582,papaya
34,65,47,23.48546973,93.71043692,6.833768535,191.7760562,papaya
38,68,54,29.33710543,90.81781439,6.739170045,202.0572747,papaya
69,64,47,40.21199348,94.50766912,6.993473247000001,186.6762324,papaya
58,51,47,42.13473976,91.70445386,6.757470637000001,197.402901,papaya
59,47,53,32.86316618,91.4618874,6.8506632320000005,47.271547,papaya
44,64,54,29.80744318,91.38048469,6.74274935,232.7046126,papaya
56,57,48,31.56213762,93.0484859,6.506120752,63.62250788,papaya
69,60,54,36.32268069,93.06134398,6.98992719,141.1736926,papaya
56,58,49,37.13165026,94.60761797,6.69215564,172.47880619999995,papaya
49,55,53,38.4418717,93.63739039,6.544029776,77.71566883,papaya
38,51,52,32.66160599,90.78931681,6.927803911,78.85085502,papaya
54,65,47,27.92765919,91.55594211,6.721835879,149.91075569999995,papaya
57,57,51,39.01793345,91.48815629,6.99223441,105.8841531,papaya
39,52,53,32.51247398,94.65904123,6.704204398,51.07048113,papaya
58,67,45,38.72382798,91.72514851,6.702424548,62.62377075,papaya
61,64,52,43.30204933,92.83405443,6.641098708,110.562229,papaya
34,62,55,27.58548913,90.72526502,6.585346229,238.5008779,papaya
31,48,45,40.78881819,92.90951393,6.563134737,132.7923586,papaya
47,46,52,23.19451074,91.40301608,6.502289472999999,206.3999208,papaya
32,68,52,32.68067385,92.61715632,6.800321319,248.8592986,papaya
36,59,46,34.28879307,93.61082872,6.721130542999999,127.2509777,papaya
61,51,51,39.30050027,94.16193416,6.574677594,120.9512466,papaya
70,54,46,39.73149053,91.12220596,6.919342407,122.7628653,papaya
44,56,49,39.23342464,91.25589286,6.519779582999999,64.4478499,papaya
34,68,51,27.34734861,94.17756725,6.687088097999999,40.35153141,papaya
50,59,47,40.76998685,92.09278584,6.747975732,209.8678411,papaya
39,70,52,26.26559543,90.79668055,6.65149129,59.49373381,papaya
34,61,49,28.12971499,93.3210737,6.502675132,117.8201907,papaya
44,60,55,34.2804607,90.55561637,6.825371185,98.54047745,papaya
31,62,52,33.7960155,93.00754254,6.99104104,182.026807,papaya
65,62,51,31.53243779,90.87394933,6.5116248410000015,207.0735119,papaya
44,57,53,42.30495821,90.51431779,6.93172108,74.876786,papaya
50,47,48,24.63676897,90.61964344,6.712772332999999,218.2299187,papaya
43,50,48,28.28222883,91.37059792,6.63016515,179.27208069999998,papaya
60,46,53,24.48620746,92.98254537,6.761953186,183.49095,papaya
70,68,55,42.84609252,94.63548176,6.691202286,78.80996390000001,papaya
59,62,52,43.67549305,93.10887229,6.608667683999999,103.8235658,papaya
60,58,51,42.07213781,92.92203105,6.840802254,165.7412972,papaya
42,60,47,33.46873719,92.12746225,6.834808347999999,136.8277041,papaya
35,66,47,31.7018373,91.66232213,6.953439161,48.83810592,papaya
34,65,48,41.41968393,90.03863107,6.665024507999999,199.3096432,papaya
36,54,46,42.54744013,94.94482086,6.662875839,214.41038480000003,papaya
39,64,52,28.91842453,94.63676767,6.678695788,63.68794608,papaya
37,52,47,43.08022702,93.90305729,6.54277684,211.8529059,papaya
33,47,46,29.20300896,93.96834049,6.839443833,209.4083305,papaya
34,48,48,41.04224355,91.37258067,6.805277038,181.527598,papaya
49,54,50,25.62446619,93.18240298,6.762522087000001,97.26336657,papaya
40,65,49,35.32876402,91.06138506,6.678449317999999,163.9069365,papaya
68,52,49,24.42561272,92.27749066,6.577192175,63.35298768,papaya
50,46,52,31.18298415,90.21646909,6.734005647999999,54.01872359,papaya
65,63,50,31.88342554,91.3256535,6.524459342,79.27201575,papaya
40,49,47,42.93368602,91.1756748,6.501521192,246.36132680000003,papaya
42,53,48,23.11407669,94.31994776,6.758479569,231.5153161,papaya
49,55,51,24.87212063,93.90560147,6.676578778,135.16945249999998,papaya
59,62,49,43.36051537,93.35191636,6.941496806,114.778071,papaya
63,58,47,26.83054058,90.75379971,6.864143752,144.66564440000005,papaya
70,65,52,30.42012134,93.12659793,6.583528529,75.95295,papaya
63,50,52,28.64555584,93.22642604,6.751747609,115.8163936,papaya
40,64,47,32.50037548,93.47888842,6.893509446,71.73759526,papaya
63,58,50,43.03714283,94.6428898,6.720744449,41.5856585,papaya
45,58,49,30.10773379,90.34546355,6.827812549,75.24521981,papaya
66,69,47,23.69212243,93.61055571,6.912299695,87.53393983,papaya
54,67,52,35.67667332,93.30641944,6.586107335,141.3381168,papaya
69,67,52,27.71948962,94.43877142,6.827305908,82.83061083,papaya
67,68,49,35.26824831,92.38282957,6.821774589,149.8488208,papaya
45,57,47,23.16855863,90.78821158,6.656458831,161.68920930000004,papaya
56,50,52,33.08706051,92.25197542,6.770384816,88.1300769,papaya
70,50,53,37.4620912,90.44967809,6.933809742999999,172.3458448,papaya
44,47,45,38.73218907,94.73613484,6.579441304,218.142147,papaya
50,60,47,32.57720726,92.74889453,6.92791761,93.7942847,papaya
52,51,53,38.38231475,93.10378595,6.985804083,210.2735346,papaya
35,68,45,42.93605359,90.09448142,6.612429546,234.8466111,papaya
68,69,52,25.65492304,92.74501561,6.813383387000001,52.95477913,papaya
32,55,52,37.58899717,91.99740365,6.967759599999999,159.6577388,papaya
32,55,51,29.60718808,93.15642801,6.57398033,62.68710535,papaya
48,62,47,25.34756111,93.02871078,6.803094965,174.40123369999995,papaya
39,69,53,25.9300384,93.02357765,6.964955435,241.8202079,papaya
49,61,45,32.76795887,94.57377401,6.764213299,240.4795923,papaya
48,57,54,29.02328049,90.20396783,6.617703177999999,126.8069869,papaya
69,66,49,40.00439101,90.17015833,6.52711001,92.11877372,papaya
53,55,55,33.32315744,91.25271223,6.709668804,234.496633,papaya
38,61,52,31.22790131,94.94021378,6.620729882000001,46.44279118,papaya
57,64,55,26.68386496,92.9585411,6.583760498999999,62.50689682,papaya
51,57,55,24.70528368,90.14732171,6.6764073370000006,108.4103158,papaya
56,65,45,38.2016825,93.97379963,6.751298936,218.09088140000003,papaya
54,66,52,36.56769731,93.79503425,6.867554147000001,104.4218596,papaya
58,55,47,26.05375792,93.69111672,6.7424900270000006,240.6863901,papaya
68,70,54,31.29986342,92.76039164,6.986228647000001,54.77830202,papaya
42,59,55,40.10207731,94.35110201,6.979102243,149.1199989,papaya
43,64,47,38.58954491,91.58076549,6.8256647820000005,102.2708231,papaya
35,67,49,41.31330062,91.1508798,6.617066674,239.7427554,papaya
56,59,55,37.03551903,91.79430166,6.551892637999999,188.5181422,papaya
39,64,53,23.012401800000006,91.07355541,6.598860305,208.3357976,papaya
18,30,29,26.762749300000007,92.86056895,6.4200187170000005,224.5903664,coconut
37,23,28,25.61294367,94.3138837,5.7400545670000005,224.3206759,coconut
13,28,33,28.130115000000004,95.64807631,5.686972967000001,151.0761899,coconut
2,21,35,25.02887163,91.53720922,6.293662362999999,179.8248944,coconut
10,18,35,27.79797651,99.64573002,6.381975465,181.6942283,coconut
7,11,32,29.25902906,95.11294697,5.542169138999999,184.7624496,coconut
39,5,31,27.10134661,93.69979946,5.551963184,150.9502632,coconut
34,6,27,25.84726298,90.92669463,5.8607404810000014,147.8888994,coconut
31,30,29,26.58580443,90.98617591,5.558807063,178.8116076,coconut
25,7,35,28.38503882,99.18843684,5.55771171,189.67113490000003,coconut
16,18,26,28.43647052,91.81320717,5.568365926,145.54144130000003,coconut
26,10,33,28.27298134,96.93649473,6.07071786,198.8234862,coconut
27,8,32,27.00648436,96.46168931,5.627860548999998,144.3331315,coconut
37,18,30,27.63551259,99.34854917,6.38488418,157.91715369999997,coconut
19,15,34,26.29644905,99.65809151,5.6858890660000005,215.9195049,coconut
0,19,33,27.1326009,95.23797989,6.234458417000001,204.7206567,coconut
31,20,26,25.56567803,97.61361544,6.443168642000001,199.7936345,coconut
9,17,32,25.94951662,93.40548703,5.842317989,172.0540491,coconut
22,11,29,28.03380598,95.01630593,5.955742971,218.0055713,coconut
31,6,26,29.12859129,91.30924833,5.741367375,157.2388553,coconut
34,6,30,27.0828252,97.00155491,5.948342571,171.7575545,coconut
24,6,32,28.11321494,90.01734526,6.387067562,172.48136409999995,coconut
1,8,26,27.5136304,94.18955816,5.562911913,156.6732553,coconut
31,13,33,27.63834933,95.48763389,5.85971872,205.5463111,coconut
10,9,28,29.01256899,94.01014388,6.282955072999999,150.05003119999995,coconut
36,27,26,26.58413917,95.78923137,6.25449571,171.6262299,coconut
38,24,33,28.28905147,97.00396405,5.973853124,142.9403233,coconut
11,6,25,28.69164799,96.65248672,6.081568052000001,178.9635457,coconut
16,14,30,29.70931288,96.30484325,6.37466756,209.84539930000005,coconut
33,14,35,27.14865285,96.66355213,6.027707171,149.2433497,coconut
16,6,29,29.28725038,91.95614918,5.868285082000001,132.1491176,coconut
32,11,31,25.06871967,93.31410447,6.205931637999999,134.84190690000003,coconut
38,14,30,26.92449525,91.20106019,5.5707453860000005,194.9022136,coconut
8,6,33,28.27804288,93.64761266,6.095261012999999,171.9457959,coconut
23,6,33,29.18032562,92.73041222,6.025789594,204.9603677,coconut
29,25,35,28.3575072,91.64509299,5.542873799,160.73069909999995,coconut
24,14,33,29.38072512,93.27565685,6.366219551,218.5241851,coconut
32,12,30,25.39241091,98.08951196,5.579845008,218.080385,coconut
30,25,31,26.31270635,98.62048026,5.804965067,208.1181381,coconut
14,21,35,29.52501367,91.91185319,6.121005506,194.3100272,coconut
27,22,29,28.83214859,92.17170353,6.000248647,145.41723869999996,coconut
40,5,29,28.48444906,97.76865458,5.820978791,160.389421,coconut
17,11,32,28.74013335,93.39676499,5.620733794,156.76508230000005,coconut
30,30,35,25.00872392,95.59224018,6.001936419,165.8092179,coconut
28,10,30,29.8690834,91.14723422,6.305740522000001,192.7678575,coconut
39,7,29,27.54273211,94.59086121,6.362544111,150.2012138,coconut
32,20,35,26.52166434,98.38227669,5.588655387,144.6261698,coconut
7,15,32,25.03512351,95.89739958,6.182232762000001,174.796583,coconut
29,17,29,29.20394909,95.66997327,5.959493188,211.2506267,coconut
34,15,34,27.05826457,91.10510371,5.677282677999999,224.70069530000004,coconut
14,23,25,26.18552389,96.96637916,5.6121227970000005,135.4186222,coconut
18,19,29,27.59376845,92.48519606,6.206077742000001,162.8432736,coconut
7,21,35,25.76011662,94.65830608,5.764812076,131.24514140000002,coconut
24,27,34,28.87862994,95.11320315,6.203376525,145.0583117,coconut
39,29,29,26.50908611,94.48414544,6.143662699,199.8778403,coconut
29,8,28,26.87037587,91.72546257,6.100429497,214.4128874,coconut
10,24,27,27.57283516,94.90485697,5.7084096010000005,145.9298935,coconut
0,29,32,28.05912437,98.3670985,5.868255858,171.65163959999995,coconut
32,11,31,29.51611558,92.56492864,6.461225827000001,131.2116167,coconut
37,10,32,28.96318258,95.16333673,6.165084855,222.803013,coconut
20,29,27,25.09897688,92.36099489,6.047044342,157.7592626,coconut
31,29,35,27.1872282,92.19906776,6.137102505,141.3220576,coconut
17,30,27,29.03065024,90.79093862,5.894027065,205.5720367,coconut
1,12,30,27.754298,95.94643831,5.56222383,131.09000759999998,coconut
6,13,29,27.31155708,99.96906006,5.832608027999999,201.8258633,coconut
15,28,32,28.84270971,99.64328526,6.2185718739999984,224.4016682,coconut
27,24,29,26.61423461,96.97300803,6.142010637,191.006688,coconut
3,23,30,29.70143197,95.65754365,6.078807239,215.1968037,coconut
8,26,26,25.54759871,91.64194826,5.702484758,212.867626,coconut
20,28,26,26.37978453,91.49882979,5.547594847,167.0470997,coconut
26,18,27,27.45907759,92.90736493,5.836075368,142.1430003,coconut
1,6,35,27.02269204,95.71935435,6.231662767,147.16824590000004,coconut
27,30,31,28.98545306,90.73966792,5.718120393,148.8398374,coconut
23,7,34,26.1055118,91.52421214,5.852038202,134.1279669,coconut
0,26,31,25.0707247,95.02156793,5.547933273,192.9036306,coconut
38,6,25,25.54963273,96.92786777,6.156259104,191.2996157,coconut
25,12,26,28.56973521,95.67906668,6.436314406,134.83703480000003,coconut
40,5,32,26.07010807,96.7036223,5.981169595,143.533473,coconut
0,19,31,25.51791333,94.38420565,6.271952832999999,178.7297725,coconut
26,9,32,25.9490364,94.73860514,6.470465614,144.15711090000005,coconut
35,30,34,28.2974764,95.41122824,6.141502001,182.4482352,coconut
19,30,30,29.56549169,91.40896307,5.826381164,224.83157290000003,coconut
31,13,33,29.69952329,95.21224392,6.342463714,148.30036919999995,coconut
17,29,26,26.14162144,93.28415295,6.071897347,195.4115025,coconut
2,30,30,26.00175125,94.79998418,6.331051715,209.540094,coconut
30,13,25,27.15116142,91.48889469,6.413184638,164.9182225,coconut
8,15,33,28.97318719,98.09861043,5.50158009,213.9011021,coconut
18,12,35,26.13958446,96.38580769,6.338720873,131.3387935,coconut
8,28,30,25.51618488,94.33465411,6.015672239,135.1272491,coconut
40,22,29,27.55821802,99.98187601,5.735364307,174.62564809999995,coconut
27,10,33,27.81132822,97.48410555,6.465906333,154.06212209999995,coconut
21,20,31,25.60033702,99.7240104,5.855457599,165.82487319999996,coconut
3,9,35,26.91641934,99.84671638,6.318552972999999,225.6323656,coconut
22,16,27,29.1797902,90.27214288,6.006784979,188.9252083,coconut
27,8,30,26.44600063,98.29937782,6.008386282999999,221.2258168,coconut
22,8,33,28.43572863,95.8840407,5.665785202,203.9283708,coconut
28,27,32,28.94099669,93.00109012,5.764615485,191.7723087,coconut
23,21,26,26.45488737,93.45042636,5.901495543999999,149.2220255,coconut
37,5,34,25.79490531,93.84150618,5.779032666,152.42387119999995,coconut
19,26,29,26.93141945,98.80313612,5.67154928,166.5712879,coconut
133,47,24,24.40228894,79.19732001,7.231324765,90.8022356,cotton
136,36,20,23.09595631,84.86275707,6.925412377000001,71.29581071,cotton
104,47,18,23.9656349,76.97696717,7.633437412,90.75616738,cotton
133,47,23,24.88738107,75.62137159,6.827354668,89.76050416,cotton
126,38,23,25.36243778,83.63276077,6.176716425,88.43618918,cotton
126,50,19,24.69457084,81.7358876,6.6287228360000015,78.58494391,cotton
113,41,20,25.0017188,80.53965818,7.256877571,96.32600992,cotton
121,45,22,22.45942937,81.30681027,6.443785385,64.23026638,cotton
121,47,16,23.60564038,79.29573149,7.7232401510000015,72.49800885,cotton
129,60,22,24.58453146,79.12404171,5.947448589,71.94608134,cotton
107,45,25,23.0865933,83.55546146,7.2277455160000015,71.84080724,cotton
122,59,18,23.5000992,83.63488952,6.219469084,79.81328183,cotton
140,38,15,24.1472953,75.88298598,6.021439523,69.91563467,cotton
102,49,21,24.69315538,84.84422454,6.253343655,89.799462,cotton
111,40,25,24.48469200000001,84.44932014,6.187455798999999,90.94342484,cotton
131,35,18,24.49112609,82.24415809,7.0576933660000005,64.02949379,cotton
135,43,16,23.47986888,81.73049149,6.720449769,86.76287924,cotton
100,46,18,24.18586246,76.04203958,6.4316895060000006,69.08056728,cotton
123,39,24,25.00755095,78.17952126,7.453106264,86.06411872,cotton
117,56,15,25.99237426,77.0543546,7.368258226,89.1188212,cotton
121,36,24,23.66457347,81.69105088,7.352401887,99.36898373,cotton
101,58,18,25.66891439,81.38103349,6.652143699,78.59595817,cotton
107,42,24,22.04612876,84.62978302,6.144631795,86.00758678,cotton
100,41,22,22.4204752,84.55794703,7.318802162000001,93.46595573,cotton
125,39,21,25.03149561,82.21276599,7.954629324,95.0191318,cotton
105,60,23,23.53371386,77.21705554,6.207652157,87.54004943,cotton
102,46,19,22.77076388,82.5993307,6.631005298,81.49543437,cotton
131,49,22,25.49848236,79.9751579,7.306918817000001,67.05961949,cotton
139,35,15,25.248679,83.4630147,5.898293044,86.55517751,cotton
108,36,19,22.78249615,77.51235009,7.238566893,64.61444234,cotton
118,45,23,23.37044424,77.43198948,7.977651226,71.67870701,cotton
107,51,22,24.86560781,78.22080815,5.983075895,79.56866268,cotton
125,60,17,24.14386157,84.51591287,6.785723961,80.36146974,cotton
113,37,20,25.03300222,79.04368718,7.393441155,97.10087029,cotton
131,52,16,23.65724079,84.47601498,6.486068274,88.54479121,cotton
115,48,16,25.54359718,84.09229796,7.175934962,88.94245493,cotton
113,38,25,22.00085141,79.47270984,7.388265887999999,90.42224164,cotton
111,41,18,23.64328417,78.1258666,6.10539819,80.96157332,cotton
111,53,19,23.96436009,78.02763149,6.419536555,84.63148859,cotton
122,48,16,24.65425757,75.6350708,6.307585854,61.82980133,cotton
108,46,17,24.3017998,84.87668973,6.93221485,65.0247867,cotton
132,41,22,24.29144926,81.02453404,7.810865753,90.41694635,cotton
103,42,17,24.29470232,84.61527627,6.527541661,81.05902285,cotton
133,50,25,25.72180042,81.19666206,7.569454601,99.93100821,cotton
127,37,18,24.87663664,76.30050373,7.041065585,91.9223468,cotton
110,39,25,22.60612115,77.34264002,7.208795456,75.13617229,cotton
131,38,19,23.86814008,75.68339729,6.814341946,90.4547185,cotton
108,38,24,23.41022496,76.43836957,7.442217061,78.82199603,cotton
122,40,17,24.96440768,81.31677618,6.854558957,80.03995829,cotton
111,50,15,25.16820129,80.30351815,7.884550475,84.62419032,cotton
140,40,17,22.72767171,77.07598065,6.006085786,77.55176318,cotton
100,40,20,22.45145981,76.25674874,7.432043735,86.84998693,cotton
123,50,16,23.04920461,75.53835214,6.498052108,70.65644296,cotton
107,36,21,25.29250148,75.66653335,6.205263534,62.64174227,cotton
118,50,19,22.95604064,82.33733678,6.360812227,66.48339303,cotton
103,51,20,22.80213132,84.14668447,7.0466074339999984,91.6389565,cotton
133,57,19,23.54234715,75.98203329,7.947011366,84.12536744,cotton
129,47,20,24.41212325,80.80343786,6.281913857999999,98.60457373,cotton
116,52,19,22.94276687,75.37170612,6.114525877,67.08022574,cotton
114,40,23,25.53676123,81.13668716,6.7539780610000015,95.4262599,cotton
131,60,17,25.32023717,81.79475917,7.4250413160000015,83.46532547,cotton
107,43,18,22.426733,81.53480799,6.745104394,65.54475812,cotton
123,44,21,25.78544484,75.00539324,7.6411165689999985,91.39578861,cotton
112,49,25,25.68959532,77.90621048,6.470135478,66.19426787,cotton
119,44,15,22.14593688,82.85975490000001,7.091992365,60.65381719,cotton
130,59,19,25.07278712,82.50257909,6.520403794,93.51042684,cotton
127,53,24,22.21506982,76.17851932,6.127939627999999,70.40557612,cotton
134,52,18,23.9643129,76.59175937,7.994679507000001,76.13090645,cotton
109,36,18,25.40059227,76.53237965,7.524707577,62.51388670000001,cotton
100,48,17,23.7805123,83.03878838,7.827877817999999,66.26555904,cotton
132,52,19,24.16402322,76.7433897,6.436691764,61.94626051,cotton
102,37,25,25.31468463,77.91757121,5.907930899,72.82902109,cotton
111,39,22,22.60361557,80.35090459999998,6.135025006,88.57395505,cotton
117,51,15,22.9535715,78.71555832,6.044556594,99.75336197,cotton
136,36,24,22.74446976,80.41198458,7.59781958,90.07326633,cotton
134,56,18,23.80834611,83.91902605,6.691268104,70.97358303,cotton
112,54,15,25.46228792,81.56641891,6.1754923060000015,76.88582484,cotton
105,56,15,25.96779712,81.97904282,7.272316208999999,74.14169043,cotton
140,45,15,25.5308271,80.04662756,5.801047545,99.39557151,cotton
126,46,25,24.43847399,81.69801729,6.757457943,60.79645852,cotton
106,49,24,23.03887865,76.47039772,6.983395572999999,90.64770699,cotton
121,53,19,23.51308653,76.72621429,7.976889497999999,80.11272117,cotton
108,60,17,22.75805656,76.75768356,6.558902588,97.76600619,cotton
116,56,17,24.71252544,77.7293114,7.979090365,85.24963302,cotton
100,52,19,23.45969093,82.44777468,7.903528672999999,93.50153555,cotton
129,43,16,25.5503704,77.85055621,6.73210948,78.58488484,cotton
118,44,23,22.08458267,82.82904143,6.6916904760000016,67.06459777,cotton
117,43,25,24.68854799,78.51206972,7.839849298,69.31153566,cotton
126,37,21,25.84997269,84.16855231,6.61448588,77.03421249,cotton
120,48,16,22.46054478,75.40989245,7.456971816,71.85436078,cotton
102,45,16,23.65629976,77.52425987,7.2942193,74.8984994,cotton
131,56,20,22.00817088,81.83896111,7.762647875,92.23645249,cotton
114,40,17,24.32630461,80.13456404,6.363406102000001,69.45072055,cotton
101,37,18,22.92360984,82.68738535,7.63737841,92.91915074,cotton
106,46,20,23.43821725,78.63388824,6.2006719760000015,81.15072105,cotton
113,38,20,22.10718988,78.58320116,6.364729934,74.94136567,cotton
102,53,21,23.03814028,76.11021529,6.913678684,91.49697481,cotton
110,39,18,24.54795322,75.39752705,7.766259768999999,63.88079866,cotton
107,58,15,23.73868041,75.77503808,7.55606399,76.63669195,cotton
120,60,15,22.31871914,83.86129998,7.288377241,65.35747011,cotton
89,47,38,25.52468965,72.24850829,6.002524871,151.8869972,jute
60,37,39,26.59104992,82.94164078,6.033485257000001,161.2469997,jute
63,41,45,25.29781791,86.88705350000002,7.121933578999999,196.6249511,jute
86,40,39,25.72100868,88.16513579,6.207459637,175.60866969999995,jute
96,41,40,23.58419277,72.00460848,6.090060478,190.4242157,jute
100,35,36,25.31042337,72.01364411,6.346715209,190.5577618,jute
63,37,43,23.41798979,85.08640476,6.661957897000001,185.7446728,jute
70,43,40,24.35564134,88.80391021,6.176860192,169.11680280000004,jute
67,55,44,26.284017,75.14640198,7.251847296,182.2685447,jute
74,40,40,25.13842773,83.12053888,6.386259977999999,169.33884650000005,jute
89,53,44,24.88692811,71.91711523,7.319735475,150.2498675,jute
74,46,45,25.75734909,88.36668522,6.025028997000001,189.4263485,jute
89,41,38,23.12844351,74.68322732,6.344751947000001,199.83629130000003,jute
60,55,40,24.9949957,88.95692783,7.02777956,151.4935635,jute
67,43,38,25.21622704,70.88259632,7.299304715,195.8645552,jute
70,38,35,24.39736241,79.26861738,7.014063944,164.2697011,jute
74,49,38,23.31410442,71.4509053,7.4880144039999985,164.49703730000004,jute
90,40,39,25.72668885,81.86171563,6.626503893,191.9649389,jute
82,35,44,26.96656378,78.21047693,6.239011,169.8391177,jute
73,45,37,23.70467146,74.63745355,6.742688094,181.2783964,jute
85,53,38,24.90075709,73.84186449,6.588017308,153.8990984,jute
81,56,36,23.39605743,72.60512854,7.097586415,174.78764109999997,jute
84,55,38,26.8748389,79.78725152,6.956682742999999,173.1017097,jute
80,45,42,23.1426498,74.99739774,7.380396262,151.9035477,jute
76,54,45,24.29496635,77.62976013,6.176618831,184.9800516,jute
76,56,39,24.39459498,89.89106506,6.551130445,197.1220049,jute
81,40,45,25.7629429,80.76238215,6.427726565,174.5071843,jute
76,44,45,25.4879684,84.48235878,6.740947635,168.7848886,jute
69,47,40,25.37122686,76.2403666,6.130136384,183.8270791,jute
82,40,45,26.21312799,81.70476368,6.667633355,180.1237765,jute
69,57,35,24.30748599,78.54340987,6.1868143920000005,186.2337571,jute
81,36,38,23.76554749,87.98329901,6.334837865,150.31661519999997,jute
67,60,38,24.79853023,78.53037059,7.16214284,162.2847429,jute
72,51,40,23.20683504,74.09956958,7.422318499,199.4766779,jute
65,39,45,23.66805429,70.89000744,6.768001309,184.4633281,jute
78,50,43,25.12417673,85.72530641,6.348441469,159.5718087,jute
77,52,41,23.89069041,83.46409075,6.097294061,167.72306319999996,jute
89,52,42,23.09433785,81.45139295,6.14132902,196.6587013,jute
62,49,37,24.21744605,82.85284045,7.479248124,166.13658859999995,jute
90,48,45,24.06475727,71.31342851,6.509174788999999,153.63902119999997,jute
66,47,36,24.85441411,74.44070479999998,6.57256106,175.572958,jute
80,52,39,26.41915161,76.85691248,7.165696848,197.2101782,jute
89,52,45,24.89326318,77.01222585,7.207457207999999,196.469984,jute
77,51,44,23.25583402,82.7015932,7.124333547000001,166.2160846,jute
94,37,41,24.7634518,87.06071115,6.4635387070000005,179.1630865,jute
75,41,35,24.97042599,78.62697699,6.856833064,166.6415254,jute
60,55,36,26.12797248,80.49172597,7.132389299,150.6326874,jute
62,56,35,25.97825807,81.65769588,6.235357637999999,163.3488091,jute
84,40,42,26.2830571,73.35763537,6.704273839,186.6898282,jute
100,56,40,26.38905406,83.31240346,7.433313409,176.1516409,jute
75,56,44,25.2746335,73.7459581,6.109478059,168.0432282,jute
78,46,42,23.09499564,78.45959697,7.095413294,155.3851533,jute
82,48,36,25.79351957,81.76904006,6.352076782999999,193.2418382,jute
100,58,41,23.17403323,87.88255345,6.6587699910000016,160.6217342,jute
88,50,40,25.63215038,79.95150917,7.0518224720000005,182.2582277,jute
67,41,40,25.84879500000001,87.81661683,7.333143205,152.6194403,jute
72,42,43,26.56767277,80.90424543,6.352771037,181.2915605,jute
89,40,43,26.24532085,72.97198375,7.124050134,189.9711184,jute
89,57,43,26.91515043,73.19897535,6.998787171,177.22330480000005,jute
61,41,44,24.36972377,82.11319791,6.537914957999999,159.92109340000005,jute
79,45,43,25.71901283,79.15532398,7.171054239,187.1735424,jute
84,40,43,25.01157559,88.33130229999998,7.228268227999999,169.4168014,jute
98,43,35,25.40785911,76.44048625,7.319952206,188.6372826,jute
75,36,44,23.28081,74.27607475,6.613341342999999,153.7447398,jute
89,58,35,23.98651719,82.09053379,6.096838784,167.0576456,jute
91,41,37,24.48556447,83.20630007,6.132570522999999,192.2316221,jute
77,48,36,25.86705009,84.09985284,7.36008498,154.83908469999997,jute
66,58,35,23.5643831,79.46283115,7.321619041,185.25947,jute
62,59,41,24.2248758,74.89465426,7.175170657000001,192.4931257,jute
82,35,35,25.49386782,86.97061481,7.299076163,176.5268267,jute
61,41,35,24.97178693,79.47557931,6.842966478999998,195.7571622,jute
99,57,38,24.80624984,82.09281674,6.356295567999999,156.3616174,jute
70,42,43,23.16814977,76.66724969,6.508342839,157.1215052,jute
90,59,35,24.25133493,89.86454053,7.098227926,175.1742112,jute
73,43,42,26.58361011,78.00774772,6.310699968,154.8238864,jute
67,46,44,26.82489244,78.20392774,7.093328631,153.91998069999997,jute
84,37,42,25.49674786,81.13449097,6.691074249,169.92882340000003,jute
72,41,36,24.09874353,80.57226761,6.187746776,176.8604109,jute
71,56,37,23.18866654,86.20899734,6.491506245,176.103677,jute
64,53,38,26.24347471,78.51063754,6.855362875,183.4065252,jute
65,54,39,23.75091572,71.14782585,7.124571593,160.0889553,jute
60,58,37,26.13871511,79.1188943,6.067302109,171.4892533,jute
86,39,43,26.14576648,71.23690851,6.432051512,193.1007598,jute
90,50,44,26.91643698,73.48655995,6.253408852000001,171.4716375,jute
91,38,36,26.5232969,77.17331847,7.287318722999999,157.8548562,jute
87,48,38,23.81579631,80.94023552,7.161865733,190.312216,jute
72,41,36,26.50838667,86.84264005,6.065898282999999,152.9801697,jute
71,54,35,26.63952463,70.95705996,7.311077075,199.3355744,jute
82,46,41,23.325013100000003,79.79609448,6.581693772,187.3096148,jute
71,52,43,26.47549543,73.96164569,6.732826127,180.2513601,jute
80,43,43,23.78756036,74.36794079,6.014572075,172.64426540000005,jute
77,55,43,25.49941707,75.99987588,6.663559451,193.71418280000003,jute
95,57,41,23.24925555,73.65346838,6.434610995,184.7674863,jute
63,47,35,26.98582182,89.05587886,7.432768147000001,193.8778713,jute
93,43,38,23.61475336,86.14290267,6.987332927000001,150.2355238,jute
87,44,43,23.87484465,86.79261344,6.718725189,177.5147313,jute
88,52,39,23.92887902,88.07112278,6.880204617,154.6608736,jute
90,39,37,24.81441246,81.68688879,6.86106911,190.7886386,jute
90,39,43,24.44743944,82.286484,6.7693455,190.9684885,jute
84,38,43,26.57421679,73.81994896,7.26158085,159.3223075,jute
91,21,26,26.33377983,57.36469955,7.261313694,191.6549412,coffee
107,21,26,26.45288458,55.32222678,7.235070264,144.68613359999995,coffee
83,38,35,25.70822684,52.88667115,7.18915558,136.73250919999998,coffee
108,24,31,24.12832546,56.18107663,6.431899747999999,147.27578180000003,coffee
116,28,34,23.44372334,60.39523266,6.42321105,122.2103248,coffee
116,23,25,23.4123707,52.26994674,6.869720196,139.3670753,coffee
109,31,27,23.05951896,50.40609436,6.973839707000001,164.4971875,coffee
89,25,34,23.07895447,63.65861483,7.184801627000001,129.8765443,coffee
118,18,32,27.6496114,51.11044023,6.351823783,122.8392822,coffee
111,32,34,25.46743689,69.35161206,6.392048018,171.37644619999998,coffee
84,36,28,26.7350622,55.55164819,6.119892347,140.63052130000003,coffee
85,33,25,26.20811417,52.50987966,6.910823945,189.0944824,coffee
99,15,27,27.0424167,57.27927475,6.501157208,165.6872119,coffee
81,30,31,24.65090184,51.93952357,7.027585558999999,135.1386537,coffee
95,39,29,27.35152643,55.99375012,7.13411409,148.98125249999995,coffee
81,34,30,25.17787724,62.26244581,6.6477659970000005,135.0119649,coffee
80,15,28,23.11438731,68.00096043,6.703270635,161.8944624,coffee
104,20,26,27.22783677,52.95261751,7.493191968,175.7260273,coffee
109,29,28,23.26316991,60.51600210000001,6.724688502999999,194.1755471,coffee
100,32,26,25.234661,57.53161469,6.043485685,124.2261737,coffee
100,24,28,25.59535262,57.72920846,7.101661011,195.7733251,coffee
83,21,28,25.5674832,60.49244602,7.466900682999999,190.2257843,coffee
120,23,28,25.67324193,51.29043632,6.877799264,196.2736367,coffee
104,26,30,24.40726724,62.65692638,6.410992833,148.6977358,coffee
108,33,31,23.69287069,66.76090123,7.393825704,144.6576424,coffee
91,25,26,24.53460016,66.99765375,7.482414225,180.5059257,coffee
86,26,27,27.13140403,52.89368299,6.081172981,192.4280381,coffee
98,18,27,27.56088634,68.49299897,6.516312148,167.43580749999995,coffee
111,27,31,23.59302313,55.27564977,6.0433309510000015,191.3980675,coffee
84,39,35,23.17714381,52.13864034,6.959404135,117.3113562,coffee
98,27,27,24.71384065,51.29142534,7.238109556,197.6439711,coffee
118,21,34,24.38534644,64.72543073,7.234258375,119.6324109,coffee
103,27,31,27.15998538,51.59100753,6.691541233,126.1752206,coffee
82,24,33,26.53543168,67.09608099,6.809593554,120.6494434,coffee
86,31,35,27.01207284,60.76645256,6.485761419,191.4508931,coffee
88,35,35,27.55906475,58.45742907,6.784460602,117.9389993,coffee
84,27,29,23.32293161,53.00366334,7.167092586,168.26442869999997,coffee
120,40,33,24.23850608,54.30329632,6.73410539,115.1564012,coffee
106,40,30,23.42611644,64.10651528,6.779984384,122.6847408,coffee
113,21,33,26.02241444,55.83288958,7.277422737999999,176.90209240000004,coffee
117,34,25,24.83846178,56.7685316,7.21270048,124.4135035,coffee
80,30,25,26.24092174,65.64381357,7.487266991,148.37712019999995,coffee
88,21,27,24.43011925,66.02411187,7.231166546,181.6368274,coffee
113,33,34,26.00373964,62.144510200000006,6.559817161000002,153.477776,coffee
87,23,28,26.22367404,62.26594559,6.979590627,193.7461968,coffee
113,15,29,27.09617155,63.55324262,6.779230041,190.2440566,coffee
98,29,30,25.64004392,61.03273481,6.217974349,199.4735636,coffee
97,29,27,27.74576987,54.36976075,7.205078785,139.8619431,coffee
85,35,32,26.24928198,54.28617819,6.854011265,133.1120232,coffee
82,29,35,26.67377159,52.24226285,6.246872394,156.15438980000005,coffee
103,33,25,27.10210397,55.74973320000001,6.911066044,139.5013171,coffee
112,17,28,27.62975458,61.26002598,6.777417989,196.6492664,coffee
99,19,33,27.536454700000004,55.51673151,6.273741983,130.6377143,coffee
120,20,34,23.56960509,50.56339727,6.906124587000001,130.3797119,coffee
114,27,28,24.99451759,57.93250202,7.162802357,192.8736822,coffee
100,40,35,27.56441788,54.41094079,6.9557873510000015,177.816092,coffee
108,35,25,23.98143338,61.10935084,6.971963169,161.5279095,coffee
115,31,30,24.22984659,67.37768353,6.840927967000001,122.4073418,coffee
87,28,30,25.60153969,68.66257977,6.536676653,168.8383605,coffee
82,24,26,24.31274458,53.57285558,6.089443602999999,184.4103931,coffee
94,26,27,26.36629861,52.25738495,7.456460375,177.31761609999995,coffee
87,28,35,26.5602777,57.1621814,6.759211911,152.0616227,coffee
118,40,35,26.35034208,58.50650238,7.460174812000001,121.5586297,coffee
87,38,29,25.20406808,57.88370456,6.652642579,156.1457255,coffee
92,40,30,23.35723208,55.18792166,6.026287448,171.6976946,coffee
97,22,26,23.60567546,59.68849145,6.074190142000001,185.1568059,coffee
99,40,32,24.18471151,69.94807345,7.0455430560000005,163.27087319999995,coffee
89,28,33,26.44414097,53.83876189,6.9932360010000005,175.3723314,coffee
112,39,29,26.12492233,63.37479229,6.726528895,147.8035305,coffee
111,28,26,27.77363343,64.47858698,6.937352845,192.7121236,coffee
114,20,26,25.55656667,62.67087838,7.27905689,193.5866233,coffee
117,26,30,27.92374437,67.96910852,7.079850922,115.2325531,coffee
111,29,31,26.05968403,52.31098539,6.136286518,161.3432535,coffee
119,30,28,26.35770906,64.57578034,6.5052036960000015,163.62694960000005,coffee
116,40,33,24.91370487,54.15319242,7.042089492000001,129.5481144,coffee
95,37,35,27.31317116,68.42333909999999,6.348337518999998,192.4288139,coffee
86,40,33,26.1387869,52.26311691,7.432322234,136.3027766,coffee
117,37,32,23.1069385,67.06230539,6.787658922,162.57696059999995,coffee
105,18,35,23.52648086,68.44030686,6.743417121,171.8839938,coffee
109,23,25,25.11711046,68.48030408,7.00733163,194.8773479,coffee
80,18,31,24.02952505,58.84880599,7.303033217,134.6803969,coffee
101,31,26,26.70897548,69.71184111,6.861235184,158.86088869999998,coffee
103,33,33,26.71717393,50.50148528,7.131435858,126.8073984,coffee
93,26,27,24.59245684,56.46829641,7.288211994,137.70440469999997,coffee
104,35,28,27.51006055,50.66687215,6.983732393,143.9955548,coffee
116,36,25,27.57847581,58.52534263,6.172090205,156.6810374,coffee
107,38,29,26.65069302,57.56695719,6.35118177,145.105065,coffee
101,33,33,26.97251562,62.0183627,6.908671378999999,142.8610793,coffee
107,31,31,23.17124551,52.97841162,6.766184468,153.12016440000005,coffee
99,16,30,23.52652084,65.44340921,6.392791654,186.1728203,coffee
103,40,30,27.30901814,55.196224,6.3483162570000005,141.48316440000005,coffee
118,31,34,27.54823036,62.88179198,6.123796057000001,181.4170812,coffee
106,21,35,25.627355,57.04151119,7.4285236339999985,188.5506536,coffee
116,38,34,23.29250318,50.04557009,6.020947179,183.468585,coffee
97,35,26,24.91461008,53.74144743,6.334610249,166.2549307,coffee
107,34,32,26.77463708,66.4132686,6.78006386,177.7745075,coffee
99,15,27,27.41711238,56.63636248,6.086922359,127.92461000000002,coffee
118,33,30,24.13179691,67.22512329,6.362607851,173.32283859999995,coffee
117,32,34,26.2724184,52.12739421,6.758792552,127.1752928,coffee
104,18,30,23.60301571,60.39647474,6.779832611000002,140.9370415,coffee
32,127,204,21.766078332838976,93.0282482753279,6.082516869147083,104.50387654086505,apple
1,137,200,22.421105362513323,91.99539949641465,5.85675609467302,114.53958503169416,apple
1,135,202,22.77414691533112,92.69251607420911,5.6270776435218774,113.78536080182175,apple
2,130,199,22.52841410986236,91.78007972292697,5.958430531685671,123.85328124933118,apple
28,127,197,22.422184785499354,92.71297360501906,5.68856010574127,121.44170260705994,apple
2,134,197,23.022621588167418,91.1998488084576,5.982916987098795,105.97815617728588,apple
13,121,197,22.233560001636697,93.67962452639598,6.3724422822736395,119.54731149318998,apple
19,127,202,23.023835146432212,92.71754406507179,5.756029990834373,116.31923482875307,apple
31,127,204,22.1352375023814,92.74200615193138,6.104593158448361,102.70967065464374,apple
29,140,204,23.304269195341462,93.39357460875452,6.056736246584231,117.36411552342894,apple
12,140,197,23.474883641584853,91.51083315836424,5.916844450353485,114.46203969472617,apple
22,138,200,23.143050063053174,93.05461839361288,5.735612014974457,103.30066916711237,apple
14,141,197,22.991162993203794,92.18707920576217,5.989114756943978,114.94764233782877,apple
32,140,196,22.40846977257754,92.5354462282458,5.682179126658951,115.74727625230022,apple
35,138,200,22.293813602936886,90.85065619645627,5.728853073203636,108.52223763819244,apple
2,125,203,22.536926386553613,92.25493463503867,5.716148317946077,123.81914681482128,apple
8,139,198,23.246220376419394,94.52100691482792,5.867190085009314,105.34088549936646,apple
6,136,197,21.75527405902402,91.32212387740998,5.9587646018346225,105.35159606251221,apple
31,121,200,23.19942116389912,90.40331512140837,5.7188505409045325,110.38042865208713,apple
10,144,196,22.93995163702925,94.32469972791525,6.096151697839739,105.23940613897808,apple
4,143,197,21.67418623572215,90.36336338327027,5.59791615328313,106.39089263164654,apple
35,137,199,22.49242297908272,92.06951015812768,6.120516124584968,120.89269547594544,apple
24,138,201,23.61225723945722,93.34203780221563,5.858879559652952,106.25677646739098,apple
25,143,198,22.812145793273185,91.60165195536798,6.052441799589793,108.0566821863814,apple
35,143,196,23.203388358912047,94.26008850820223,6.32539418057636,115.31900584228322,apple
12,143,197,23.18463756877998,93.20017941687661,5.736754151230536,117.29357219805705,apple
27,143,200,23.248001119877916,91.2299786464474,6.189740569458826,108.60056004206996,apple
33,128,204,21.53950839796204,92.79264814219476,6.053945201679015,107.95307789122913,apple
26,121,201,22.434091218552627,94.5321792264027,5.640982832232123,107.40794207062217,apple
6,144,197,23.835099940478678,94.32499304202354,6.129883114750719,114.05083968042864,apple
3,138,196,22.53730841728219,92.39992822396013,5.877455603028359,106.32856395109678,apple
10,142,197,22.756693061678817,92.46818306042407,5.974621463180167,122.83070654124954,apple
28,136,199,23.12947576581896,92.22733858583945,6.166012949057328,114.97329741442654,apple
11,125,202,23.077299608507293,93.06088605808152,6.27927872938223,108.53734731122499,apple
15,132,199,23.96934236312812,91.61419911411852,5.813662639153324,117.53837418064926,apple
7,124,196,22.77494365474103,91.1067913015522,5.706715765084994,112.93613283232942,apple
24,142,201,23.104250033044995,92.07307591845789,5.8509962576670915,101.2981726694791,apple
27,140,202,23.3013253893925,93.14401741081876,6.0635437959298715,107.08473607427229,apple
0,123,204,22.060852774161198,92.9674435477387,5.788386608520389,120.96838003110446,apple
34,145,195,22.174092340350008,94.29922439093743,6.245125696446524,110.87614310534282,apple
28,120,197,22.421854289298818,93.22813478256201,6.088888710884462,121.49027050064004,apple
10,141,200,22.27836369726483,91.72616296140781,6.365823274779438,104.76133396331997,apple
38,120,198,23.443773409737982,93.0993223902255,5.813355548291108,118.34681325790183,apple
13,121,199,22.36233990755154,93.04087391808021,6.405817288744299,117.84150072131888,apple
33,139,199,21.8755796833012,90.52149847256807,6.1004954350339355,123.08014009439268,apple
2,130,199,22.595823963215622,92.46710139802443,5.8851380767110175,123.39978435659063,apple
18,121,201,23.167440535267314,90.8667931062808,5.91034013504286,114.02703352898602,apple
28,122,198,23.441279887535046,91.37878108637786,5.686165516684207,111.70191250879607,apple
24,142,201,22.557114392681143,91.4839815079984,5.73310618287139,102.27051918336231,apple
30,121,200,23.22156693742384,90.5764287535971,5.721343412197376,110.93502574280586,apple
28,122,197,22.777017463226198,91.8722547165575,5.6467383725611695,109.92335232912174,apple
8,138,204,21.278589915315422,92.32476706530976,6.243462743858829,104.76125064539971,apple
28,121,198,21.584544512529934,92.03554613451868,5.722891163343445,107.71013569144341,apple
14,142,201,23.25842309209756,91.16081572978898,5.807966014407089,122.65569662196167,apple
34,138,200,21.218549945786805,91.46489726597346,5.719702202425032,105.41984586609267,apple
7,144,195,22.957481357976306,93.77973097282975,5.920605956253551,104.80571950289828,apple
25,132,198,22.42464835326133,90.76612722546331,5.782487077325099,101.22388360836545,apple
35,134,204,21.565187692645253,94.40826000534807,6.041802583330124,115.55344932731995,apple
9,144,197,21.92274437718082,92.36375042083135,5.881717380544123,105.0387904082435,apple
19,127,201,23.097639096946832,92.52313007997591,5.723935229395483,116.27314376746989,apple
35,134,203,21.798910915663267,94.43879377422189,6.022475273763895,115.91251622517176,apple
9,140,200,22.415009690163576,91.89107376915246,6.253152393395342,104.7499370838044,apple
1,133,201,22.660325439154217,92.12875023992446,5.776943213955616,117.83251437848244,apple
28,132,204,23.040103965329454,90.4847970142707,6.070269819519449,107.9988609664025,apple
37,137,198,22.63986905037892,90.19525057859194,5.699445591544626,108.33378742724533,apple
35,139,198,22.545783553433978,91.22803758261237,6.054684478885352,104.1503592933368,apple
15,128,204,22.763902523403654,94.0275789474286,6.102268252307764,116.0470672206528,apple
15,143,203,23.662954296852533,91.66009290261863,5.648670292152406,121.91738363715,apple
26,124,197,23.180206073507968,91.15439665837837,5.61875640094575,111.24284221798426,apple
2,141,196,22.01854530853756,91.09294581923604,6.118773923644468,115.19493314743197,apple
30,121,200,22.95608225193828,90.61341960643107,5.713587448055915,110.19455219362231,apple
29,131,204,23.033810600966454,90.31733473859128,6.095214865939261,108.20718869058167,apple
30,120,201,22.03407170018756,93.0709289795816,5.818306093252709,115.62529906392697,apple
30,120,201,22.016660192600554,93.00126887203122,5.82704989568443,115.65759967359044,apple
8,139,197,23.458583275169378,94.18359220598556,5.75159117003412,105.21016317263167,apple
2,144,202,22.086227444919608,91.4932205658045,5.721756121566312,114.0007243634979,apple
34,131,203,22.530358862185995,93.34478713254705,5.925004999262679,103.57480838608123,apple
29,143,203,22.41032196325464,92.44583058742963,5.802171706852095,119.18508830821557,apple
29,122,197,21.713630995874436,92.51688362096381,5.5908797963958365,107.04925307755359,apple
13,128,205,22.57372147680632,94.10999980345683,6.211372764696906,116.40869497744752,apple
25,139,204,22.738782265948192,93.10855328026994,5.746607035746386,106.15785895207226,apple
21,137,195,23.568387660367826,91.70293806165287,5.812129534305398,123.62120543966083,apple
35,139,198,22.69342958994762,91.27406769324172,6.096716688659473,104.2015010566172,apple
36,131,204,22.317280868542277,93.61019955331345,6.0061023866269,104.6111762594043,apple
1,125,199,23.4073773927982,93.63131687007922,5.666270958296131,115.76344247331834,apple
8,136,199,21.33406221511183,90.90058388652363,5.744702245834071,103.65687070393417,apple
28,133,204,22.925094386250784,91.0894265322864,6.00861755936603,107.49183130081394,apple
27,123,197,23.43787240465219,91.4301803326954,5.6771471326378675,111.72961870955923,apple
31,131,203,22.786913607123285,91.91336512346093,6.003808376809773,105.70463451841805,apple
35,125,196,23.248928025467304,91.25156119978661,5.592783148411232,107.00992634384635,apple
29,128,198,22.316453539602715,92.71302467568239,5.659746572492687,121.21800740199913,apple
22,139,203,23.08326264390433,92.70337538057824,5.7120268514230315,106.98338380301848,apple
36,140,202,21.676246703132016,91.54116518579089,5.907343713810993,121.81109686069496,apple
38,120,196,23.67347751484242,92.74232774705203,5.915770052567528,120.18201821037887,apple
26,122,201,22.303487592561925,94.46986137823849,5.611388271335523,107.04592352448668,apple
29,143,204,22.39359322447757,92.47056290248202,5.80087500301503,119.20721080853465,apple
7,140,200,22.72986427358184,93.99483819283489,5.95803750079179,104.6276944244167,apple
21,143,196,21.981728208442057,91.68811544592474,6.471036228836264,117.34363963565393,apple
10,143,197,23.28998289697354,93.1454285084207,5.75379983107204,120.38660923138687,apple
26,120,200,21.871022564396302,90.33769883177554,6.139571257713452,114.21625036452164,apple
28,122,198,23.384615007467936,91.17185109574427,5.6952380416730986,111.5041292347656,apple
22,133,197,22.708897413629252,90.76335225019477,5.7702356954707055,100.85423834404841,apple
29,136,199,22.81174181155427,92.5879996223775,6.154770131715621,114.8206905539354,apple
15,123,204,22.51321451514097,92.70391444983672,6.3401500250518605,115.4924780084613,apple
27,123,195,22.02822236689285,93.5609279614022,5.964629446478265,120.62508942965972,apple
2,129,200,22.686357062787188,93.38978849234981,5.786704497731221,122.79072681821091,apple
29,139,195,23.556433018572015,91.03900039177427,5.576254929900771,117.0293945878225,apple
31,137,196,22.157324548302952,93.55984102594877,6.385235155455064,120.81004492458094,apple
22,138,199,23.275606128917875,93.3991772776189,5.741041730128735,103.61893199107608,apple
10,124,196,22.28723266689916,90.8678262761725,5.901483983792498,114.7690425410069,apple
13,121,196,22.313806124525055,93.21230059203705,6.384110583647417,119.4774838207451,apple
29,138,204,23.498539863724407,93.6319663983278,6.095266753439599,116.88111570902608,apple
26,137,200,23.679508815316048,93.96851102296093,5.940117428582692,105.37586758790961,apple
26,137,196,22.704703855716545,92.17187793776262,5.824341171123189,122.35962025573816,apple
27,143,199,23.785995962776703,91.66442245651524,5.907528142556906,101.46952981623004,apple
27,121,198,22.773459914072102,91.21274275670443,5.82932518577972,113.46586126309928,apple
7,140,196,23.607234719650297,93.92582362420737,5.66811880467203,105.1051810919338,apple
30,121,199,22.677363611015956,90.98552191012499,5.688802137480606,109.47881311048087,apple
2,140,196,22.710497801399676,92.8584233304088,5.549927958534633,105.03156875911645,apple
37,140,198,21.858029436384477,91.43596664771667,5.808419520215719,105.13553869698464,apple
5,144,203,21.373070136669067,92.25996305951494,6.085679866411836,103.07491457684178,apple
10,124,196,22.299856064050527,90.45273900981036,5.816213868948618,113.92085033740821,apple
13,121,198,22.31643988585706,93.17824233146561,6.416917931076558,118.52643321372189,apple
28,138,196,22.218130031414983,92.37019561004617,5.8276878646044175,121.91281723158629,apple
35,143,195,23.65065431872763,94.17077522004156,6.40876462328034,115.49125223798778,apple
20,143,196,22.131522740022668,92.2580842084072,6.313873503715965,117.02927522504744,apple
1,123,199,23.698624131202113,93.3033902413506,5.663289235802987,112.58474875401005,apple
13,127,204,22.695923391311602,94.27469179985634,6.253797247404082,114.66228747127434,apple
26,126,195,21.431264495169113,92.98638209155915,5.875248194926989,118.45110293994337,apple
17,122,202,23.2890057591212,90.95164306871904,5.947142560642549,111.78046714372368,apple
27,139,201,23.501819143144303,93.55976255061422,6.002557726883607,106.16082864523997,apple
31,135,205,21.93861425464067,94.13328958742756,6.109906011758281,115.4165475023432,apple
10,142,197,23.618388525799308,92.74613912778143,6.104426861754612,113.5804832092968,apple
26,143,200,22.812178044544922,91.7327117846967,6.092102139492128,108.3746562281073,apple
31,140,202,21.37510806191002,92.89499659209748,5.8276444441059905,108.88969326489806,apple
34,140,197,21.80320863624033,93.49423410026657,5.789605323511486,115.18744528018414,apple
26,138,200,23.569966928492626,93.63183685756141,5.960860597436755,105.67864640794815,apple
36,144,195,22.216103499959647,93.97393034394148,6.168112634193852,109.94950247550193,apple
13,126,204,23.101752549136943,92.82374450754513,6.380779130731096,108.30402242842604,apple
25,143,199,23.738316410131073,92.71882869884519,6.024452845585843,101.10090722442068,apple
13,141,200,22.943680747979514,90.90389561264821,5.9297940888709215,123.17956411809875,apple
35,138,199,22.18702407646039,91.11619077111402,5.952552014305344,104.0260918718792,apple
11,139,197,22.0289009279779,91.08340538816613,6.174834267257796,123.5922160722769,apple
12,140,197,22.20877425460828,93.02441355330829,5.987071187043017,121.88789410451537,apple
37,136,199,22.702404224773215,90.3796124414597,5.712960453431043,107.91895396177445,apple
25,131,198,22.329534751188998,90.94133371659674,5.754704495286253,100.16289330957527,apple
29,139,195,23.448231598528483,91.14979714311339,5.596426640899207,117.39639949575671,apple
26,121,199,22.653410250938695,90.54602084518653,5.9877688334815495,112.11765757751412,apple
33,139,197,21.791845790851724,93.51681911508206,5.8808143903022785,116.2635509141937,apple
29,128,198,22.23431491252655,92.71644348243994,5.643017181136861,121.03315703779971,apple
18,143,196,22.31625329788817,92.73806284936066,6.157958545077693,116.98986399787671,apple
31,137,203,22.867035378717347,92.81713422976635,5.795786715079169,117.84208366815616,apple
7,144,197,21.45589997008472,91.18013180500932,5.695458788878807,104.73247785139037,apple
27,122,198,23.234544673021276,91.20000326672582,5.768715904852236,111.87253472825874,apple
29,135,201,22.30437846079158,93.12252215287629,6.185882167089471,114.74042005644775,apple
31,136,203,22.896335999979264,92.99694338209639,5.899878988063258,117.1927915115007,apple
36,138,199,23.489318359991547,92.23828170895844,6.171637136486762,103.17185044549919,apple
28,139,204,22.230920639876175,93.2916162556966,5.782342166023288,106.2745783959503,apple
3,124,198,23.327578679289836,92.38679612833819,5.678221929810161,112.77756021436832,apple
38,144,195,22.571931595884333,92.75392423741798,6.039769885546646,107.87691722353463,apple
13,124,204,22.889735995744424,92.70255777423333,6.37668855401285,110.89976117540928,apple
5,143,204,21.449234365697386,92.56242352281235,6.192758015099986,102.87223157959522,apple
30,143,200,23.792377325449237,90.69205784717711,6.0306309878522875,105.06375012359128,apple
5,142,195,22.874333266755908,93.32540856379181,5.748139684552165,104.78310657225212,apple
25,140,203,22.50254112942188,92.7448269218548,5.7510550579876645,104.27357573295605,apple
6,136,196,21.880412078208902,91.44735938592936,6.022360484996782,105.85508279371403,apple
23,132,198,22.810210986719373,92.1471741676767,5.743027898095607,101.67959871948014,apple
33,145,197,22.64931753497911,93.30800220780647,6.2915145195909785,110.50907158730443,apple
25,139,204,22.749413242134462,93.09604912363733,5.745539859966333,106.18333539599529,apple
30,121,199,22.274932376941933,91.52278625951259,5.653015571183061,108.44538469840745,apple
14,137,197,22.42260328149854,92.46209133216294,5.985356593299277,120.44136154606787,apple
35,129,204,21.54473960848639,93.688252925055,5.989652259020635,106.07954937101307,apple
13,128,205,22.59244895179475,94.37162110736153,6.219519945959865,116.20713652000975,apple
32,137,197,22.288372894957778,90.81320210156255,6.229363237328537,122.65916005839836,apple
10,144,196,22.939255639436837,94.34633709126089,6.103121541448269,105.25662517261156,apple
24,142,198,22.83449117829869,91.54105852362045,6.015730175031643,107.85949366553939,apple
25,124,198,22.44413663458199,90.32822150717912,5.872479906826034,111.46245337623958,apple
6,141,202,22.196951055563,93.43744318828134,6.0504698815800255,103.88495662833715,apple
11,125,200,22.76558469363946,91.60519243326422,6.101586760513659,110.29158055365478,apple
18,123,202,22.9623286967612,90.89401695312631,5.959677342312532,108.51096173550191,apple
2,141,195,22.617065268907144,90.84736020656425,5.8290818318147934,109.3175555886551,apple
26,138,200,23.557684857127448,93.59758864848203,5.961937590824006,105.71392145053082,apple
14,140,197,21.947927507159818,93.00977413842308,6.018401248443946,120.5034727540228,apple
16,138,196,22.516390026629956,92.36291110016909,5.95428808536848,122.49058635370339,apple
13,126,204,23.042796558332967,93.03452787185768,6.362332100493508,109.22770622040416,apple
2,142,196,22.39230859293527,90.7481714858831,5.87686383893492,112.33602631196986,apple
23,143,195,22.324427223529234,91.51213547324835,6.275254573681106,116.99667594779663,apple
24,138,195,22.3947773115182,91.93815005601607,5.807161225716001,123.51773158802627,apple
30,138,197,22.217520390615356,91.98318379116273,5.932717594112191,121.9430701600659,apple
22,139,195,22.35300327860792,91.69924746665396,5.963523171067524,122.64872154366022,apple
13,126,204,22.920026958617118,93.47346187857217,6.323918115971648,111.15117977854044,apple
14,125,204,22.570329233131233,93.63847444801384,6.291336152983604,115.73387395071605,apple
30,129,198,22.118825337054886,92.72125043569815,5.619495113939512,120.77325142643153,apple
15,141,201,22.939448742380783,92.04232607843709,5.796997492944975,121.81824662308979,apple
28,122,198,21.69551950855876,93.32082642243563,5.586333110175485,106.45202375240387,apple
7,143,195,23.05560700907124,93.56766347443319,5.82226343123498,104.67373137465373,apple
28,132,204,23.05712324619041,90.39532307943527,6.07939320854208,108.07389193645402,apple
7,120,201,21.23557940062553,91.11990312002052,6.2970440718157015,122.3473272004605,apple
28,132,203,22.97179741291555,90.32086392428938,6.04111387946667,106.97862415183509,apple
38,144,195,22.47674235354274,93.08029379131816,6.074103456008578,108.4313642221912,apple
29,128,198,22.413126456507744,92.7090009169059,5.679436201087449,121.4355667225554,apple
28,143,199,23.78030567757912,91.31124985297052,5.871367827928369,101.7329470577516,apple
9,137,199,22.149670298685834,92.54722598038117,5.748021190234028,104.03413694916173,apple
24,142,201,23.162246889075764,92.13365958807,5.865348363912835,101.24193159404736,apple
31,136,203,22.876887843830815,93.06753828434314,5.859273329848214,117.48067199057384,apple
0,123,205,22.058799414456665,92.76178583293408,5.786284880838621,121.48781755280339,apple
14,124,204,22.55926239652641,93.35930255585225,6.310440391374848,115.64406472136928,apple
6,122,199,22.675817844402438,92.12277261669787,5.803275087075654,111.08385082485147,apple
32,135,205,21.590661551346148,94.2127115550124,6.100499520696879,115.1560809250807,apple
10,124,196,22.306858734439984,90.22247458302095,5.768911347989897,113.45032640811354,apple
16,143,198,22.85717360831552,93.08533448234571,5.844387400112795,118.012742372223,apple
36,137,198,22.71938883027525,90.33115022720398,5.764201850854608,107.89651141142765,apple
25,142,200,23.79486323786985,92.8802211693811,6.019283893412047,100.94949749656251,apple
9,140,200,22.155583029903433,91.06993898203382,6.372666533924178,104.5622052518267,apple
12,143,197,22.918336032094107,94.88019323295859,6.280653139523518,105.68946341948718,apple
22,143,196,21.96220903618606,91.67804602680245,6.472860529188019,116.5609452189835,apple
14,123,204,22.68022619621869,92.61315195340232,6.3704976704825675,113.48986928857607,apple
1,142,200,21.637956450328684,90.66020586508981,5.860353807658379,114.79648586922578,apple
8,141,195,23.59893957045758,93.87588404384397,5.739577261445897,105.14184966325958,apple
25,142,200,23.800051741540088,92.838820560328,6.021995453466298,100.76913627751043,apple
30,137,201,22.897380999656637,91.46092201963829,5.672276966150347,118.33155567985804,apple
28,123,201,22.71333267151874,92.21951121963276,6.318833955531118,120.60909658270218,apple
21,137,196,23.38559605912149,91.70088056508507,5.904169119579869,122.72287100386873,apple
32,120,202,22.294772941908246,94.11394472339546,5.687385772888758,115.141664375459,apple
32,128,203,22.4695079157475,93.08021257582796,6.0271804134725295,101.69653313351628,apple
30,121,200,23.22572833166054,90.59162541984617,5.720677137899144,110.94955068622217,apple
15,141,197,22.908708472608062,92.4808592853155,5.970357974211346,115.38367826598133,apple
27,139,204,22.351645223236524,93.34721906048499,5.7774951396550165,105.92772174006068,apple
3,141,197,22.240749630864283,91.38439822832638,6.058830689492361,115.7987138520242,apple
34,142,196,21.86717901063313,93.99520956340751,5.985428880706273,113.1352102673797,apple
30,129,198,21.95043649005152,92.72825918357383,5.585198912240603,120.39429768927167,apple
16,121,199,22.868339961792262,91.68862341824035,6.076342127335952,115.93678879124738,apple
10,128,205,22.362917908689194,91.10671835112841,6.067454957680248,119.54548466090367,apple
30,137,196,22.236723113557336,93.45228753885505,6.304979109102103,120.38861424944619,apple
29,138,197,22.215093626500966,92.02408121794541,5.923554161186263,121.91780103273435,apple
25,142,198,22.89101911626738,91.73861006089905,6.020396345301647,107.62863613488973,apple
29,122,199,23.33825490423002,91.00255230401592,5.702660685021421,111.34231378590333,apple
30,143,204,21.977387983914987,92.30141926765073,5.805347041759939,120.30610543813158,apple
35,142,196,23.0833566854219,94.1944349462017,6.279463196068061,115.30772769407241,apple
31,138,197,22.244295176487533,91.5319574695203,6.033818872555849,122.22186753862782,apple
31,132,197,21.931077638419442,93.1469296312861,5.874411178067468,120.27503146784574,apple
22,141,202,22.82215994246012,91.69649343403523,5.698778806954008,103.65808719181008,apple
4,137,195,22.444938572520424,91.55773469514256,6.1162831321391495,108.29592182522173,apple
28,122,200,22.79354337533751,92.8499225522698,6.322476288108871,121.48018384557578,apple
29,139,195,23.01075473285004,91.59776737754922,5.677984321929797,118.88026317099379,apple
8,143,197,23.775463282490808,93.2536410273979,5.712894459464499,116.74473531224366,apple
24,142,199,22.700967045469238,91.50351954846022,5.899070153342278,105.4208728925027,apple
36,136,201,22.663279474622485,92.43886320943307,5.839459330879145,102.0506587539431,apple
14,143,202,23.525621293295558,91.99622694900187,5.694635523415719,121.97363650392589,apple
9,127,205,22.363293020610854,91.07103773826,6.031017467466977,120.14991915388624,apple
34,134,204,21.35836613258667,94.3812406889472,6.058905309642925,115.23571121375056,apple
30,135,199,22.629607477253906,91.22393206868972,5.590984514889388,118.97643257352274,apple
26,139,204,22.501179925279192,92.7936081920945,5.752608498453979,104.36724497365992,apple
35,124,197,23.494980179789838,90.82587070046749,5.6285332363669935,108.01359720976706,apple
31,137,198,22.54239933818014,90.69610938917683,5.974661781899222,121.08598824082465,apple
10,123,201,22.764726555319804,93.22533655866519,6.159857826693853,112.3549118566199,apple
1,129,201,22.782028572581453,94.229872330234,5.677524404343849,121.45127137768183,apple
6,122,199,22.6964385936534,92.2412360349491,5.807402722154502,110.97117926499936,apple
7,142,195,23.364162257908497,93.52394309873011,5.7071547511638485,104.7626517002294,apple
39,144,195,22.583259628800953,92.7150845013447,6.035684005600864,107.81093504217887,apple
31,136,196,22.137053396604877,93.8015593900218,6.381636279254669,120.61842849307251,apple
17,138,196,22.064992254985786,92.33500986743279,5.940849387147137,122.89289081517533,apple
3,143,196,22.197083994158056,90.40830276727405,5.633953079345938,108.15030474242816,apple
35,137,200,21.310293342918406,90.93203609388925,5.684076639601082,103.55985553030379,apple
13,139,197,21.7583448426814,92.6462476201455,6.069563917175123,121.90507496930628,apple
1,143,196,22.5923832556907,90.4239973873418,5.657461092622549,110.21614004000023,apple
28,122,198,21.647868851085438,93.23076861752041,5.58436936416021,106.40547572569389,apple
30,136,202,22.921586357699173,92.90528705635907,5.952599019080907,116.81902419794714,apple
31,144,203,23.72896357163205,91.03763361755809,6.358944844755482,109.29122075134283,apple
29,131,204,22.754288569728544,90.78036332085166,6.087495021613704,108.159655088174,apple
28,133,203,23.214674142961588,91.02224490631335,6.065449022183121,107.60608554616772,apple
3,143,196,22.24213343948484,90.41217445019875,5.637057784815068,108.30188416386041,apple
35,130,203,22.422111974030194,93.91575952367174,5.894106033514737,102.74454493482777,apple
4,143,197,21.599078162290738,90.35690837270795,5.592739875425172,106.13817390818524,apple
2,135,199,22.616324995368114,92.40247129907047,5.870092271050024,111.46833631388566,apple
35,138,199,21.762953398907904,90.98398254755904,5.831826608471014,103.87920189963435,apple
10,124,196,22.303593715252273,90.32983616508926,5.79096631130645,113.66970981072775,apple
5,143,197,21.180777231807546,90.3209583502784,5.5639115252159135,104.73070234960603,apple
24,127,196,22.79207049366635,90.73897002554456,5.530799544487033,110.50958663518573,apple
33,139,201,21.235614807524758,92.04092851960792,5.76215308749648,106.94254857282415,apple
4,143,204,21.557996148195222,92.64753255880741,6.115493223770758,103.04436742445459,apple
32,123,196,22.123725544139425,92.13489161154945,5.581031424021134,106.48780663329727,apple
28,143,205,22.756579147164235,92.34681798678845,6.13762263700958,108.69509995693119,apple
27,132,201,22.817557106837935,90.44638282384044,5.968207463165051,105.35637345586761,apple
2,126,202,22.40819157693146,90.95728988857165,5.84748127936936,124.68606197754487,apple
4,124,205,22.36539566306877,90.87103457331153,5.826771722240827,123.53800029605718,apple
30,137,198,22.70961880889416,91.53472629306009,5.815341242544919,119.14341799526969,apple
33,141,201,21.550554719882587,91.50101208138237,5.961439726947497,122.61222927182719,apple
32,142,203,21.927774407474008,92.32427802931834,5.973540809907733,109.20383680559864,apple
33,139,201,21.23207314875404,91.92137840704507,5.7533427876096885,106.62652530352942,apple
30,121,197,21.435371017354026,92.64363958658562,5.578356807866929,106.2894224141342,apple
24,141,202,22.522755267474572,92.02041586543048,5.727986174300021,102.88256985550893,apple
6,141,202,22.174500958429547,93.41396174407838,6.054363791238875,103.85366722679319,apple
6,123,198,22.6358681742135,91.8932671593067,5.795278400919717,111.30213540806342,apple
28,122,200,22.788675381373512,92.71965661402565,6.343988004028548,121.29270590195333,apple
37,134,203,23.583621625926416,93.69568261812239,5.955953936004105,101.07862388507573,apple
18,122,202,23.269296784103545,90.6921070067863,5.829859210696363,113.18810436502561,apple
24,132,197,22.41176413648993,90.83079001234191,5.7416419701586054,100.29202998235058,apple
0,139,203,22.13130355881781,91.61695274536832,5.581114412069301,113.85930149978257,apple
28,121,201,22.752971975429173,90.21068736939164,5.911844378072899,111.38290616928977,apple
18,122,202,23.26472368166332,90.71105374149329,5.830944238069608,113.20586260926373,apple
29,143,204,22.468563950835247,92.53979525646137,5.802410315451004,118.98891803772369,apple
34,142,203,21.1660465224128,90.44949285973064,5.88534286162978,123.51256964405157,apple
11,125,200,22.752091427013465,91.55844988817101,6.090536282512275,110.37429578030721,apple
30,144,202,23.662667585830928,90.95538510912154,6.344263237275855,109.3096278001225,apple
4,141,196,22.807229506138636,93.13414066435014,5.666956088648211,104.8848717613309,apple
10,138,198,23.390109164323054,93.64237524304444,5.87069802456998,104.84409667158646,apple
1,126,202,22.419860312420067,93.69227909163548,5.734535620978683,121.65978398470764,apple
12,144,196,22.92219320855351,94.87677860515046,6.273987757272403,105.67875101679827,apple
28,122,199,22.797359821023523,92.95204939994525,6.30561137495829,121.6271641817167,apple
14,139,197,22.132382767031064,92.35413599299721,6.060217137037981,119.52801553021041,apple
16,138,196,22.466445679450302,92.39299872529578,5.960739243827347,122.44046121465671,apple
26,139,204,22.709590540398622,93.30504587893742,5.815242322887841,104.70546546104322,apple
7,139,197,22.692029118710774,92.26013437165929,5.5670123295647125,104.00245146954039,apple
6,144,195,22.846445169753196,93.37327013520597,5.837610577718991,104.63849352318348,apple
26,121,200,22.23791345940994,90.07843952915985,6.144386279569649,112.2929143744373,apple
29,143,203,22.264276500057775,92.18559356130008,5.8131475083370745,119.71114394877802,apple
12,121,196,22.208452648151024,93.4583003168772,6.433637188314732,120.06243519120115,apple
32,134,204,21.173947668223484,94.24796604454043,6.065822753280177,114.96647635567005,apple
34,140,201,21.517202286349633,90.3769668145925,5.996150527798907,123.36970240130358,apple
1,137,200,22.407370860332016,91.96827932010133,5.865691357854246,114.56892688748337,apple
22,141,202,22.778937579379203,91.66379340413283,5.700609015006889,103.38287927131948,apple
6,141,195,23.641022406878186,93.17841643780235,5.518170275467251,104.8766717074057,apple
11,122,196,22.250787715738177,92.06622279089174,6.147666935474437,117.21785430416494,apple
0,137,203,22.353085450436737,91.98848004347137,5.595878661529191,113.83073177436471,apple
35,129,204,21.725817686749714,93.58912737766258,6.022712848084672,106.1616716348293,apple
33,141,201,21.570907037458486,91.47882639151854,5.968581182370915,122.6157772737571,apple
2,141,196,22.15772257673778,90.96456309181289,6.028694490630569,114.13036939810671,apple
35,131,203,22.701179862650587,93.86481849273454,5.908266549850856,102.3340787369789,apple
7,143,198,21.369197978111483,90.48196707715182,5.767220466645093,104.51685019905241,apple
6,143,197,21.87482099444704,91.17667787994718,5.546970329336412,104.61937995049452,apple
14,124,204,22.54386142092828,92.9707977235868,6.337026480949557,115.51908322945367,apple
26,125,195,21.578380247501975,92.88567978614839,5.947218464445561,118.6461035449704,apple
35,139,198,21.98325713571373,93.71620790465532,5.796329340096316,115.74998455122697,apple
30,137,195,22.21480700752396,93.69093633911967,6.360937551126878,120.44874744218878,apple
37,135,202,23.072846375974827,92.89499982319842,5.886495738643644,101.59380481232398,apple
28,129,196,22.163969943790033,94.60551578040719,6.053935028134696,112.8949433366949,apple
29,140,203,21.869473521053774,93.1251425100037,5.796854071278233,107.31306066216332,apple
0,123,202,22.82913914369133,93.11017214631812,5.727885974762703,117.10271843458017,apple
27,122,198,23.123690855102343,91.3366993820645,5.754834655783316,112.60722591036819,apple
6,136,196,21.976253852601317,91.54327582628551,6.071067842888624,106.24069750949539,apple
27,138,201,23.224785825267137,93.70769307785986,5.928310540674342,106.07348968495062,apple
28,138,204,23.62286818630551,93.70140577092853,6.158819234461274,116.62872456830597,apple
39,120,197,23.686678018808852,92.68984021104805,5.864412828559896,119.20983343187868,apple
2,141,198,21.8239528755439,90.91309531300534,6.013309876004087,115.16604436785875,apple
34,142,196,21.841512204168957,93.90779837163973,5.948628015546244,113.45688180572992,apple
14,127,204,22.359069912371034,92.75160934635885,6.084504744424273,117.74879274646898,apple
34,124,196,22.665489133423083,91.70958482246799,5.586689655754092,106.73919734129588,apple
12,140,197,23.43797005256227,91.3271315530009,5.963323447356576,114.03343259948527,apple
32,121,200,23.14131698322585,92.25580533397931,6.2429251452334515,120.14660399122654,apple
28,136,200,23.174996913491118,92.65846925278575,6.228328628338863,115.12032790243447,apple
2,140,196,22.723571229467684,92.89568692192837,5.565744477483638,105.01174245032227,apple
27,121,199,22.222016441266163,91.01757133134495,5.946611558113184,114.81779453144841,apple
12,121,196,22.20907159532023,93.43794786456927,6.429456245929141,120.02084684877137,apple
7,139,196,22.799676005304885,92.36790115060451,5.562236612599139,104.0847528257895,apple
2,142,196,22.446993063591492,90.69772832385439,5.841470515189756,111.91774604347148,apple
2,141,196,22.70443980834932,91.76731780806679,5.594632469260899,107.20303898225687,apple
10,140,197,22.21013831451845,90.5674241441138,6.199880168294534,123.78191567936389,apple
30,127,197,22.087823594553583,93.16862954960773,5.6983758231622215,121.0269800677186,apple
6,142,196,22.366757993466486,91.7342186292875,5.538948700561645,104.69104297481127,apple
25,125,196,23.071807752392306,91.03837650489415,5.594191851685342,111.03805894571512,apple
30,137,196,22.213547661251617,93.54626248858168,6.328975053948647,120.44963824836285,apple
26,124,195,21.841177219994517,93.38754839697413,5.93843744352846,119.94725923737317,apple
12,123,200,22.424878979330064,91.35107746240493,6.063262313878624,114.28053133181415,apple
28,143,198,23.47955247366178,90.8764279193748,5.867579805894478,103.95514853180235,apple
31,127,203,22.485697647341553,92.75561723259104,6.079025562367518,101.29843789698926,apple
0,125,203,22.374371426188826,93.60747639665747,5.7410853391846395,121.59889338353389,apple
8,124,197,22.441072638560804,90.77419312699824,5.756286370301557,112.36649619278077,apple
12,140,197,23.46713346817605,91.69722685366617,6.085574248301819,113.2722502475029,apple
31,130,197,21.82404000748572,92.80674387772427,5.6108259209503855,120.09658132218894,apple
6,143,195,22.951681846472297,93.5458775841725,5.841717686465576,104.66580475835366,apple
8,142,199,21.742922350258915,90.72681643565176,6.072557479623946,104.52887877167719,apple
27,124,195,21.91213821828538,93.45332496043524,5.94837413906628,120.20441376885367,apple
22,137,196,23.31466873081212,91.85658755142391,5.816569257898765,123.18691858526101,apple
9,144,195,22.946098005867725,94.13361973386876,6.034600867734052,105.08734450412864,apple
32,140,204,21.72198555831033,92.35763506950195,5.817753716707823,120.89643882491862,apple
33,123,198,23.362469132895374,90.63642196386415,5.669026132653333,109.07474336123663,apple
33,123,196,22.400289350692212,91.91777760302658,5.583919883373845,106.61613857090131,apple
34,142,196,21.900034607017687,94.10710298654236,6.032536976292226,112.72344457899199,apple
10,141,197,22.658266377141103,92.10009551967764,6.017336951062836,123.10515649019382,apple
37,139,198,22.663059230706295,90.81042986042482,5.785415467651286,107.94404829662874,apple
34,140,197,22.054851719895147,93.63187497716474,5.885898362181141,115.21108960597883,apple
6,137,199,23.379950341969874,93.31280415956476,5.8191640389744395,105.01408991802741,apple
3,143,196,22.054908774188497,90.39608380725184,5.624154686051363,107.67192287937387,apple
29,138,196,22.372828003761214,92.25099548811372,5.79691135275971,121.0440262748775,apple
36,131,204,22.37601449057917,93.61229206767153,6.004452930506634,104.45720858710699,apple
26,126,195,21.43302201788484,93.03657365744898,5.883510962307065,118.2506161740184,apple
33,131,205,21.05094018134654,94.03135792629126,6.067819085603344,112.00753610803248,apple
28,120,200,21.677571659457666,91.64464058641029,5.997335158224038,116.28665297616476,apple
14,123,202,22.488857263171088,92.10013647993381,6.252735742740268,114.97059624220688,apple
14,135,198,23.212828240510955,92.03437861840153,5.904751842121377,119.02025929474702,apple
2,141,196,22.70752946917844,91.27634176630762,5.622587733081733,108.20471675092743,apple
34,144,195,22.028462615198162,94.54447899072461,6.216676043940479,111.11390912640911,apple
4,141,196,22.817880712945428,93.16450012459073,5.679842151386542,104.86871883540485,apple
35,127,200,22.24935713829121,92.360071104002,5.834056500019792,107.54738712791244,apple
2,138,199,22.265195950636624,91.68754045040166,5.9581861726735195,114.87266382982435,apple
29,143,204,22.29555440464835,92.43072043841772,5.801928409743375,119.46605986208506,apple
30,137,199,22.83446799003413,90.70289964012727,5.683105549930817,119.13714939773409,apple
7,141,195,23.578425370467297,93.49358333717791,5.627222407871953,104.82439865089506,apple
27,120,199,22.09910908370623,90.97407094491355,5.972752692811806,115.1191174299944,apple
111,91,53,27.687844159458308,78.4691321703334,6.053820499221979,115.63247116218517,banana
93,86,47,28.928741894528734,84.06231400835965,5.703603577685405,110.26115841333218,banana
114,93,52,26.345098070800674,76.84877776906258,6.189176379509129,118.68752525952844,banana
95,74,45,28.441096971385118,82.52187072313511,5.860260228003116,109.21268043910982,banana
109,78,50,25.96011582189818,78.8970169965564,5.915559679468296,98.24471183564815,banana
84,94,48,27.73078881941934,79.5569510670418,6.463977847471024,110.24279174086416,banana
116,71,55,25.968798834194892,82.47865103102878,6.134792987502624,112.83310529484793,banana
80,77,47,25.689214217858254,81.44022890786796,5.599561476379817,112.2077082648346,banana
109,90,53,28.40790417097207,79.32950740358211,5.9809107480466395,114.00676424048268,banana
116,84,52,25.47928266632168,83.21951864715217,5.873556880924784,114.80135975753325,banana
105,92,48,25.746558127411898,80.05634261512701,5.919522519053152,107.31201730747746,banana
105,84,53,28.01914934901683,80.8070407322419,5.892683413469748,111.16930451403103,banana
102,71,49,27.41278130729475,80.52802282570569,5.893810537365613,103.45454565119023,banana
91,85,53,27.849139073701974,76.66797461541819,6.268833208940756,91.83034355364981,banana
111,79,45,27.073028319108143,79.58669430840865,6.2707693215161235,107.85248877510844,banana
99,74,47,26.545207286043887,80.22251315228296,6.010883897460414,111.26771711019492,banana
114,79,50,26.26255484415886,82.34846669805157,6.311340367266919,112.15636698231759,banana
106,89,53,26.57263163485346,83.75762372242271,6.145224104542374,109.69197681301449,banana
93,93,52,26.052375709886817,84.3193102027104,6.081250510821212,114.79417966687936,banana
113,72,47,28.51806781212354,79.38081522279688,6.023857018552008,90.96070616179497,banana
89,83,48,28.464232441759926,78.11597261898038,5.897145769905675,112.34006020162265,banana
92,74,53,26.92361917341857,77.65943867398747,6.137880903334858,109.57015212681318,banana
111,78,51,26.09814891780336,80.48809367906127,5.9155615012443175,97.19304200879867,banana
93,88,48,28.47942156803453,83.8056513524576,5.658980672868892,112.22424303235614,banana
82,75,55,26.839818757294584,79.60596844962895,6.116247445267133,93.6541064220943,banana
92,86,53,27.98273112084409,81.5316853775596,5.939497484524134,96.12315646399273,banana
84,79,50,26.288103617842822,83.0669608036793,5.6688756251026335,98.89911932294162,banana
89,89,55,25.4511284928606,79.38771817983044,6.275528857671499,93.72877409929357,banana
99,72,53,26.27198344824159,80.94945692998101,5.865983715822873,118.56964852090435,banana
99,75,45,25.57263643302258,75.97912246971468,5.590983879776178,102.77437717685667,banana
104,71,54,28.001813105158337,84.17551006031094,5.9154361869443495,114.30938276942338,banana
103,72,45,25.2053981261797,79.6068025400891,6.074418497842909,118.47312331284873,banana
100,86,53,29.170483975383842,76.55718551819452,6.362847353176294,99.21745470933612,banana
97,78,52,27.525746744677736,76.96771435436627,6.090814529911492,110.0614867474012,banana
80,71,47,27.437186272095786,80.73207980936172,6.126466887464121,105.46025929102336,banana
108,72,45,28.51145325785253,80.14729463230512,5.763223471863077,91.16105475931742,banana
90,84,52,27.673334696792637,80.16177486182953,6.123527144436927,118.22947476454988,banana
92,85,50,28.685185302408872,80.31385357829735,5.72086737053004,113.40172361897098,banana
100,74,52,25.50811836263247,81.43399606721589,5.836852362360658,96.54742484385618,banana
84,89,50,29.00841877929176,84.18180184568617,6.109287774985307,108.57309525933013,banana
100,88,51,28.784178596857778,76.80065234444882,6.360608803629951,101.18884770942127,banana
101,71,48,28.03987540371183,79.71702908741888,5.722375358159294,101.32070365611305,banana
108,92,47,27.101228780840525,83.69089962572839,6.1683477880783055,92.78714128767889,banana
113,71,55,27.654954764647037,83.64444803394551,6.156305643786748,114.57756837721556,banana
114,85,46,28.227710075893942,78.83778420781246,6.107419343711867,111.72688065880821,banana
95,74,46,27.766815081137786,81.97756833491896,5.8980155800696,109.44909364867112,banana
117,83,53,25.320142596486683,83.52426436185867,5.783964341521775,115.2695946698588,banana
111,87,48,26.454437587413832,81.08292991176201,5.615400277717782,98.25863701613488,banana
93,90,50,29.085929948275627,76.75378059843543,5.6190223344252574,109.57347361904786,banana
111,87,48,27.030281110675542,78.22505501861012,6.0687618021488365,99.1974956886563,banana
118,88,51,26.501858469327367,80.54301664805972,6.083934878193626,100.03344820943063,banana
98,77,50,25.374769725542567,83.42114605813853,6.221210158374805,93.0063137987166,banana
116,88,52,28.852840331298747,81.5850117887206,5.757314476051687,98.16616107502539,banana
83,93,50,27.312520872217185,79.83745683972596,5.701023815637581,108.76480336737878,banana
93,82,47,28.845713931923466,81.27034576098555,5.852646117616783,106.9783327319632,banana
115,71,47,27.82569626334174,81.34602026371468,6.325572493084334,91.24054357607571,banana
93,80,52,27.94625430772286,76.62757073738858,5.913053058869608,104.60880306406753,banana
96,74,46,26.308113574216666,79.08688981895507,5.772254462368043,112.23909340991506,banana
110,71,51,28.927864787195094,80.0222255014367,5.71740103481264,92.71967606977798,banana
80,77,48,25.758914579186435,81.05009110344115,5.584199225396408,112.40281291031683,banana
104,83,54,26.543595315927877,82.6686596043216,5.938445346388368,111.84054631552696,banana
101,70,47,28.12709535508158,80.23711377326067,5.703518230023497,101.96350663366587,banana
98,75,48,27.522140512649628,82.01040343683133,6.082227267535434,109.60961171995903,banana
89,85,54,26.780599783227586,76.682502676974,6.272127135998922,91.97414307810632,banana
108,78,45,27.661960811983366,79.69435602506036,6.488790936176836,108.67147320894126,banana
92,84,49,29.281226945033485,81.98322529133401,5.749897738599059,109.0056586988415,banana
108,91,53,27.7346547429776,82.42185836279815,6.2053016286006395,106.38716247128798,banana
83,94,49,26.579386159026964,78.03367339296568,5.577566857794269,109.08749288082599,banana
102,76,51,26.790969451886394,81.3787020684815,6.098333534366764,110.0422961030552,banana
119,87,51,28.106439845641667,76.23479981477418,5.90960429389547,118.95509252807246,banana
111,87,48,26.653831622874236,81.51077486704845,5.602214318459808,98.2336589085215,banana
89,85,55,26.628114007946838,76.58970616468902,6.27538979041953,91.80527962708034,banana
88,75,50,29.187953991722605,79.20454941371518,5.820521243440547,90.24672310850339,banana
99,73,45,26.018122524172803,79.03406385374562,5.650409548597283,101.78948966798065,banana
107,85,53,27.93690707517693,78.65810240422297,5.780696904321883,98.65056045388559,banana
99,71,45,26.258211680224953,80.6804862971198,5.682436269427681,101.25869686544483,banana
116,82,45,25.588990530850772,78.99754849389727,5.705269986853373,104.49913670582704,banana
98,78,50,25.387885046047977,84.45305405075618,6.434467731432154,91.04999188167972,banana
100,79,51,27.38686552141764,77.92490276026852,6.080843562930229,110.27086063830734,banana
101,73,52,27.56637606434173,83.10855272970642,6.283664260398978,91.11261654207478,banana
90,92,52,27.599564404621553,79.20036176513173,6.138479258824671,96.1999597199004,banana
100,70,47,25.403878883822614,75.16732617277378,5.999687921757214,116.41966911971564,banana
84,94,47,26.382512974272085,79.18013976213288,6.289935492341951,117.50905546144398,banana
91,86,53,27.288208651744828,77.60356775985939,6.256903625122372,93.09836736530882,banana
104,75,51,28.170607292445627,78.00779235689069,5.909017829538691,101.46891340748017,banana
107,91,53,27.122882184180693,83.22896948761284,6.232673680433181,106.53220561057702,banana
90,85,54,27.033455140605312,77.14131310197983,6.26454384397631,92.5341532582745,banana
95,86,50,29.890087795961044,76.96175010442408,6.253636602815683,92.02844508219421,banana
89,88,55,26.826236113293447,78.17732116511806,6.211034262904651,94.29048963403095,banana
116,82,54,26.774932976350907,83.5396350725871,5.904111531112453,95.69630135287488,banana
109,77,50,26.56417040391923,78.36660126303245,5.896335746104506,98.56543354432958,banana
116,83,53,26.022527494106697,81.96882137606148,6.033343869398892,97.40158504597167,banana
98,78,51,27.046919871890044,78.22243584379454,6.0355826459276525,110.25920884163494,banana
107,94,47,27.355598458615667,84.42595231039714,6.312948264639136,92.22882165322777,banana
98,73,52,26.528173414891516,80.29067988357006,5.8387698606188305,118.62035695087006,banana
104,92,46,25.10516150001779,78.72361234619275,5.7776228049772005,108.22086303061185,banana
96,75,50,26.368619436270386,79.55388544346035,6.015987014901467,110.1668702401012,banana
108,87,54,26.243611810861736,83.39694900969381,5.883734277151776,113.95452462350501,banana
102,73,48,25.601911673697497,81.25361940957865,6.007969620227274,119.00074978713876,banana
81,91,47,26.944810628650913,80.11602251403899,6.3229212433012005,109.4498224327035,banana
111,87,48,26.602950017684925,80.34587213712793,5.732324093068333,98.50077255731016,banana
91,79,52,27.879091367389808,76.42380234420264,5.971928952957275,105.10207555264907,banana
94,80,49,27.321687155963513,76.46095373968937,5.9538953432106645,102.31630506978361,banana
107,72,45,25.404318136592227,84.70077435230259,6.084959170747782,90.9827103780984,banana
113,79,51,27.068607379559626,78.59556333129645,6.1699881220160036,116.81908308800267,banana
95,74,48,26.861237832821292,81.24655677120624,5.948721951289279,109.76660243376051,banana
95,86,51,29.797984237182902,77.09875903668957,6.256094892138374,92.1557314236823,banana
109,79,45,27.691454043400714,79.42697431005341,6.451696466035774,108.70088809000258,banana
106,85,53,28.222505668171923,80.6913975520764,5.895654048207726,111.39623908230939,banana
107,72,45,27.43323874942473,82.36791947218315,5.8675183866261325,91.29489274613901,banana
118,73,54,25.91613230998526,83.3603394305107,6.172086590576749,112.432640055968,banana
117,86,52,25.836290154036558,83.37244464849685,5.798809161972993,115.91403035836609,banana
105,88,53,26.005421179649062,84.22874663798336,6.013143318283324,114.08269769196525,banana
99,71,51,25.954055149058714,78.8794948549023,5.922704047499508,117.90620965128024,banana
91,85,50,26.944536885523743,80.576459445724,5.7420988509457045,119.28761361150357,banana
93,79,46,27.94940905411352,81.47390712523183,5.703718166455857,91.97678845233993,banana
108,86,54,28.468345987588094,78.54964192948653,5.683872140313218,97.87676772870583,banana
112,87,49,27.00636472573483,81.71859066562803,5.644766222092842,98.32499446121966,banana
106,71,54,29.285318377791565,83.84538489980505,6.095434866692873,116.88330294026701,banana
84,76,50,29.155835638292615,81.01548046455504,5.915661532957512,92.59221473051483,banana
100,79,51,27.38915307262148,77.9148568797404,6.080377155115631,110.27169230601324,banana
107,72,45,27.790504774114428,81.95713465195566,5.829229946922176,91.34986392288327,banana
114,71,55,27.163166050091636,83.55443374473728,6.17531753145288,113.83886173907894,banana
94,81,47,27.551793131513545,82.93389033762456,5.7745768417588215,92.71680339490513,banana
82,75,54,27.496615190486786,78.83590712683497,6.245292799961331,92.50126282855,banana
107,88,54,26.132453728640982,83.73941460078521,5.93162644093525,113.97498811868007,banana
90,85,54,27.950710180797053,84.09894911353526,5.660748065240702,97.49329961897688,banana
107,92,51,26.98143504689443,82.22589541335734,6.186269806657142,105.53940221648713,banana
111,79,52,28.27586347393774,75.88639743147594,6.167544483377136,119.56489852692164,banana
91,81,51,28.895873957990222,77.894813957955,6.209212497102597,117.71175133336976,banana
92,85,50,28.97921057089732,80.73513329621724,5.731782112464739,110.91124844252597,banana
102,78,52,26.918592353901214,81.36011861944645,6.004969500726912,110.08097754787339,banana
102,93,48,27.702762208752272,80.79843168778889,6.069729966432315,102.19028137706505,banana
93,87,48,28.352539295694328,82.6844214876505,5.6677292178436325,114.02349069247495,banana
88,78,45,29.021824040668406,79.30496068066141,6.329742423652739,92.18565698995216,banana
82,78,55,25.259276629745962,83.09975569250953,5.601442369594517,98.33565411023233,banana
112,73,47,28.82681621867531,77.32721089302966,5.754145733671969,90.94323382461245,banana
86,87,51,29.213989179919842,83.75744790851196,6.049267491449511,108.63141347244118,banana
95,74,49,28.040016226590584,75.26074196039444,5.629570392350979,118.24981900521036,banana
117,80,52,29.244450601204033,78.15103653184033,5.54835041669881,97.79129645401726,banana
113,79,51,27.718461800508024,78.55297071444105,5.7120295699234775,98.17166226401105,banana
83,94,47,26.726890047278808,79.83252275365118,6.350743238654924,115.68805832263199,banana
113,87,48,26.644730992792184,78.05920833230897,6.200680114619879,99.84635018602073,banana
100,74,45,25.96428917887978,79.61842607749585,5.8393118100632915,115.46020278951593,banana
92,81,52,27.42762734235542,81.32158640060874,6.426765481507394,94.33182458618171,banana
106,71,54,29.251921786056187,83.99221536650731,6.067585969550288,116.88272236237904,banana
95,87,51,27.922382159079316,79.48662689857963,6.166877088455513,94.42941911698449,banana
101,73,52,26.471775539264957,83.31831499188647,5.910452007706936,110.64038691569489,banana
107,71,46,28.25343311385937,81.67654847499657,5.77776026453889,91.99721835089332,banana
106,70,55,28.273503294852695,82.21019603961521,5.97587753125707,116.92977418367931,banana
106,88,54,26.00122490754234,84.03330134176096,5.965415122011216,114.06079517636219,banana
92,92,52,25.864273959664434,84.10665536279295,6.042438156412881,115.12040979096724,banana
110,71,52,28.780075574932887,81.28514661296583,5.722033856797568,93.67895228887055,banana
82,94,49,26.53128208461043,78.07891187358658,5.635269483450032,108.59283437506386,banana
102,75,54,26.659600246664105,83.2598379772152,5.779975275132393,110.68589034240216,banana
92,84,50,28.951294737959,80.27316375465888,5.793795253929256,107.66718713726159,banana
91,89,53,26.101029444056948,79.7874467259926,6.261593168880205,94.45235765027809,banana
91,91,54,27.214731920877725,79.91995959782746,6.155490881259825,96.77894407382006,banana
104,75,50,29.023174656651015,77.01775954900343,5.78337602036261,100.68036426650207,banana
83,77,45,28.98073458453641,81.54663166561383,5.991908357415975,95.02506754645087,banana
95,74,48,27.475618885538303,76.49191421005612,5.64402699354967,116.3295023875429,banana
100,80,52,27.52163889076023,77.41522062867969,6.0431514629490435,110.31868874903337,banana
89,80,49,27.55340494769295,81.93402736973425,6.197456618609837,96.18104001930098,banana
118,86,49,28.487234278617958,80.35881963100233,6.117618579480568,117.1143589637434,banana
94,89,49,28.766763285553616,81.8164821276879,5.641269950111784,110.565009073008,banana
106,89,53,26.409157447711287,83.91468185061626,6.1192436700800075,110.63071468343601,banana
108,91,53,27.94810729064316,82.07665147860791,6.159624517538064,107.31309113512022,banana
84,91,50,28.293593113695067,82.35064839151151,5.937203385198367,108.6539007579185,banana
90,92,52,27.62419568945577,79.15925258033964,6.138638811149346,96.15299775606141,banana
111,87,51,28.31361608233937,77.86961420604514,5.855505299296845,97.97192848773682,banana
80,73,46,26.753701033746694,82.08014480547249,6.028095458989247,106.72478382389117,banana
115,92,51,27.147700810056556,77.80737287263271,6.119587012365644,118.53691860198782,banana
101,73,52,27.75526219690957,83.24756747749962,6.323221896477862,90.63717035889897,banana
112,84,45,27.938666365387384,76.75658498585145,6.055168275702937,109.075410040142,banana
113,72,47,28.545557635404933,79.30278899629815,6.011877749486507,90.94959553617838,banana
117,87,52,28.577844376586302,82.7203332204047,5.84550978617385,98.63323812175076,banana
96,92,45,28.743149895220544,78.65680995366083,5.93519493459047,95.66450392374693,banana
97,77,51,26.84547564887382,78.61785477028383,6.029763061479094,110.23178577530096,banana
112,71,46,27.821575602578104,81.83977767548905,6.15747372195932,91.36965448464056,banana
97,89,49,28.098410525943134,79.63967503343771,6.033004977301394,96.09067798611406,banana
104,82,54,26.740925507552074,82.18759010898137,5.917044567301913,111.22462144611052,banana
82,93,47,27.296407126365754,80.88225648504432,6.436359818070213,111.53015287590314,banana
116,87,50,25.686600050066815,79.95926769827726,6.044273652346973,100.03827679662321,banana
97,72,49,26.940292429685265,75.16683104258735,5.786818028710628,117.5534483191507,banana
105,92,46,25.327822579308325,79.32066696537294,5.829070936455913,107.91309498573995,banana
119,88,49,28.408399634257357,78.04265841262173,5.950976464934577,118.57993973132612,banana
108,88,54,26.964144499840067,82.62432638926845,5.895588684384041,113.5211032831205,banana
90,79,45,28.55684485411118,80.5135919469237,6.130494509243001,92.30341986560221,banana
115,82,45,25.9846679370679,78.6009168251572,5.724479501702603,106.3765958417492,banana
113,71,46,27.710149680513023,81.94014818544225,6.282119251293019,91.3576117254582,banana
97,73,49,27.053834733621866,75.17652698806258,5.770582807675035,117.62534594682015,banana
105,72,46,27.287968122613933,82.38194429059014,6.202491313056072,90.68152561925449,banana
106,70,55,27.631999085277386,81.22705273391709,5.913114913172095,116.76232904907026,banana
84,95,49,27.116063034796316,77.8953297749151,5.879313369857604,108.67590327999035,banana
117,85,52,28.90511473811217,81.35362299877784,5.74330019561919,98.56476650329938,banana
117,86,48,28.692783654732175,82.24704966881436,6.201350554387815,116.37131823351378,banana
89,85,54,26.743181888310627,76.61460725863003,6.2732493223230295,91.89127197625872,banana
108,91,53,27.49451154790453,82.9849293645459,6.26574315489924,105.15808188748723,banana
98,80,52,27.611195767568315,77.14498579496426,6.025591106732694,109.3139737173823,banana
84,77,45,29.002762502804586,81.12666377017595,6.051285803559406,94.4986287482233,banana
106,70,55,29.266738898292434,83.73238859880242,6.073052368018246,117.18902808542154,banana
92,85,49,27.283512251575566,80.14913522235648,5.726248932284013,119.35019257895777,banana
108,86,50,26.78500648524058,80.12904889201934,5.737221385309337,98.9187029982094,banana
93,88,51,29.190640041653094,78.84760345550691,5.678574019792924,109.22377744894084,banana
93,93,52,26.140713747293518,83.77842592188611,6.040777650065175,114.12267575266196,banana
108,88,53,29.541139861877582,78.09349699953432,5.780701731149614,99.07939421438844,banana
108,90,53,28.695791326369065,80.01351498167463,5.994675599363628,101.56836138406295,banana
95,79,50,26.257096280061614,83.13087249303955,6.43690807428118,92.51365226777186,banana
103,78,53,26.984947452051106,81.35045650892228,5.956426648950022,110.10108922866867,banana
117,78,49,25.440392012089546,82.41468926592046,6.179011638143566,112.93096051120061,banana
80,91,47,26.579805660372294,79.01784305073407,6.057451495484637,107.71384050658436,banana
109,79,45,27.69954698256481,79.3395543215531,6.438715403864507,108.71314873839476,banana
84,89,50,29.08624214409722,84.4534743474019,6.179659735481197,108.7977906769505,banana
107,88,53,29.490003430003405,78.08670997969219,5.811241650158569,99.35459482356356,banana
100,73,51,25.44790553402922,81.53061170481998,5.83668051037549,96.50235694649577,banana
107,87,54,26.33327761209308,83.27522545662495,5.890768732265598,113.66402941407452,banana
96,74,46,26.89766151014066,77.66264110577634,5.663492417227266,114.4730270378174,banana
100,70,47,27.719714542222867,80.97096752612103,5.709890299129676,101.57743946033632,banana
106,73,46,29.170677159541317,79.29568891330177,6.1132527199652555,90.51492494714647,banana
84,89,50,29.15462329197433,84.58915076749064,6.167920141800751,108.6625394351216,banana
90,88,52,25.855347111611664,82.72574289500872,5.882458261646988,117.66619520069906,banana
115,80,52,28.925048728711285,78.31880565529676,5.574148646650833,98.14062777632878,banana
115,86,53,25.341789239470202,83.53589810296974,5.728420579836718,115.59425883364956,banana
86,75,52,29.266833099148066,79.76634044162756,5.886053843069971,90.16230299883246,banana
101,73,52,26.483764680840157,83.13066271695449,5.943062022276997,110.57578758411505,banana
111,87,48,27.019374553198023,78.27918357181355,6.060175070989135,99.1797135730963,banana
102,71,49,27.129220114165324,80.81142523154105,5.939147834864643,103.68087924020821,banana
86,78,45,27.95213182761971,82.31482115010162,5.863510866788114,98.43870415669811,banana
119,86,52,27.65421726260609,77.15520850222337,5.875863966338479,118.53293455730646,banana
82,89,48,27.869607554996172,81.95924366896563,6.185206633470746,107.95690731197922,banana
106,70,55,26.696657919141593,79.7935868387532,5.821604273782526,116.51818672680449,banana
117,80,53,25.528968368795525,83.46682754774243,5.919956501408849,114.27556872472428,banana
105,92,46,25.647560626396455,79.4123636811691,5.794623424021845,108.62663266275774,banana
91,82,52,27.11705411554899,81.32146633707643,6.418687999574863,94.31324515554674,banana
94,81,48,27.394545436742053,82.87474313197698,5.889220587489749,93.14338981848645,banana
80,90,47,26.671399814505232,79.52017854175756,6.234708382010768,107.83210199503132,banana
111,87,48,26.724454759093142,79.74285180983038,5.827984758796433,98.69887460346573,banana
115,79,50,25.92956992081165,82.35052369832093,6.26537386016357,112.38851877537608,banana
81,75,46,25.772176835639137,83.7547779665033,5.860570034950628,108.87580320352723,banana
114,83,45,26.670508881978527,77.91552031950185,5.833705276000904,107.32437878412735,banana
104,70,52,25.67636035362195,77.20404130509947,5.84342142337042,116.39690220276282,banana
112,85,55,28.555887063184375,79.92745180266121,5.626354242455895,96.05901227588575,banana
104,86,54,26.111616385579186,83.72177714457223,5.985294161474918,113.18887808410084,banana
91,84,51,29.17235219904383,79.49347129148882,6.176085237086864,114.67179618902145,banana
95,86,51,29.08093953079681,77.81871097392548,6.247851816260751,93.16491475878337,banana
90,87,55,27.72059670821541,83.14728114200747,5.768833795082511,97.50036567968588,banana
116,73,47,26.376785436346328,79.27928323371917,6.2474907485199545,92.38943497872464,banana
90,83,46,28.647189381351737,80.2420580714113,5.68871025139373,109.41564723210392,banana
105,71,52,25.680953401430514,79.26430669871255,5.833238514332582,117.05732713827311,banana
105,92,47,26.094378812170426,79.86785935775382,5.8185746379372,108.80720429867281,banana
96,74,45,26.37349114820017,78.86446185287362,5.735270809112556,112.58219818396707,banana
103,72,54,26.265489305321626,82.90448625706584,5.7257988061834535,112.36825391622976,banana
94,89,48,28.751544741285297,82.01499567108883,5.642164733025865,110.60319588111253,banana
93,91,48,27.377094392197762,83.57537744076123,6.096001523362727,116.63423992634132,banana
112,85,46,27.648513518952214,76.94127466083982,6.102539189064132,105.24095489802156,banana
92,75,52,27.770623904452282,75.70724835728431,5.931112964914328,113.57598677167246,banana
97,73,45,26.382832847851304,78.22934507921103,5.705486567792719,113.40100995674763,banana
95,79,50,26.309084972085707,83.05467788039003,6.436964312653453,92.5958851669339,banana
117,87,48,28.68324180224047,81.25497146868409,6.121035689355992,117.07653187196337,banana
90,85,51,29.219259304960048,81.79821331189365,5.823364230004647,108.8000038176105,banana
101,70,48,25.371811215727256,75.10910488630455,6.00668251548112,116.54759436898439,banana
112,71,50,28.184001710582674,82.14397939728805,6.040818257787399,93.03141347175122,banana
93,71,47,26.387343431534685,82.64707595995569,6.027113801207866,91.13222879897042,banana
92,83,46,29.326693567934356,83.25648963540047,5.759491619926641,109.26134626565715,banana
117,87,52,28.714620608077432,82.34980174726641,5.817879386938347,98.70373177252387,banana
102,71,50,26.16439872753638,81.90924861107217,6.069389079463725,104.16025998065194,banana
117,86,52,28.866853675992576,81.55370715345067,5.7582795499508475,98.59267790821929,banana
92,83,50,28.763400921655162,79.71017990221978,5.830714219470789,106.83562459368582,banana
86,79,45,27.805401815413543,82.23162305653862,5.824894559315226,99.43594657588253,banana
89,85,55,26.407948782162496,77.11309828733191,6.27541580414063,92.16508574987594,banana
89,84,54,26.828396536055273,77.56514037280859,6.3106708684108845,92.29239704361765,banana
93,71,47,26.27809173739807,82.84250649402287,6.041794989234316,91.16125208519013,banana
118,90,48,28.65753094849628,79.58100661901518,5.987294019248673,118.26012611297342,banana
92,73,45,27.83759769684614,80.05284648056099,5.832229358239195,90.74696113821585,banana
94,89,49,28.790762861470956,81.50342716188625,5.6398588814775295,110.50478864824285,banana
83,94,47,27.015275964876412,80.37883690282335,6.401664450001554,114.16313122387399,banana
117,78,49,25.45838671708903,82.4449410535347,6.180372989763227,112.90305971446611,banana
92,74,45,28.852040493704354,78.23820095824355,5.695909042472471,90.47746908246869,banana
91,93,46,29.39922580439869,76.29172814029714,6.156150686121482,92.78045371094517,banana
87,77,48,29.18762304731041,79.55883480890209,6.167469240587389,91.30171133559101,banana
99,80,52,27.589456162799337,77.17855723847389,6.032892913398739,109.61925932605973,banana
117,85,53,27.902555943758436,83.02720634999997,5.867459328727855,97.53319547533464,banana
93,86,48,27.947576630860134,79.96919332245963,5.763303183051473,119.10518331798038,banana
97,80,52,27.705648149191735,76.99912744897702,5.993866839567273,107.98759482865076,banana
107,89,53,28.16087928790786,83.89910922568451,6.014114222662441,111.78455106160355,banana
108,91,51,28.59896166899863,82.42108279237598,5.952830139800257,109.81937577723276,banana
89,88,54,25.697775390264233,80.58185438883295,6.31880449171899,94.3246697128826,banana
97,91,48,28.500181379997752,77.19144579731153,6.069587952916045,105.6923403325822,banana
89,77,45,29.080130309267528,78.87251879345496,6.155337321662952,91.65115517874474,banana
87,77,49,29.200064025278124,79.61285461632016,6.144131628796432,91.18611840714361,banana
117,87,51,28.577280475483835,82.64463451338665,5.834380913753067,98.7319930014455,banana
94,90,50,28.992761536039552,78.86851859613252,5.627982255206033,109.99792777593349,banana
97,77,51,26.865564226018588,78.57842249721912,6.030343406595946,110.23452047960446,banana
95,79,50,26.156375832194286,83.27848835357284,6.436799120702582,92.35433811481737,banana
91,84,51,29.168028761609147,79.35284825078759,6.214625558663466,115.18618725124021,banana
95,87,51,28.256974546784814,78.64601669303998,6.238379595319401,94.32457987194296,banana
119,89,48,28.622231729198592,79.32288911190622,5.980274067923758,118.3142761844708,banana
93,90,51,29.164517318730166,76.9369182121947,5.6253894207997925,109.5334660863146,banana
93,91,50,27.437598400918276,84.47759637888608,5.830818183583785,112.52231069256992,banana
83,92,48,27.44442555631498,78.59594571216888,6.354897620635565,107.97635856603934,banana
118,72,54,25.94368859563549,83.26080601820077,6.217087484299426,112.15059897289869,banana
113,79,50,26.330692915966416,82.1242775565256,6.3278335149089795,111.78821486727878,banana
100,92,45,28.215455874378392,80.25321867995125,5.827848980107819,98.6824548086469,banana
111,71,46,27.83133897836072,81.83098299837977,6.146552016130427,91.37070969675977,banana
85,79,46,27.373225533881254,82.800660369286,5.767669520862694,99.12013966296381,banana
104,72,52,28.257842644042512,82.91467348387765,6.151588490181107,114.24890896866684,banana
92,81,51,28.27989414323708,77.54082545589952,5.857909854071715,104.85110988931777,banana
96,74,45,27.68004637048596,80.6517788616979,5.750821948540308,111.14969271304135,banana
117,79,48,25.45745666554071,82.36472767724429,6.177359046534472,113.02630318107106,banana
91,84,51,29.17574171929968,79.6037179764698,6.145870112518846,114.26852010346198,banana
107,91,51,28.501037275541606,82.32125664547333,5.9475810067750245,109.77980181071683,banana
117,85,48,25.388212379508637,79.41322966821035,5.97105385564159,102.53258931999986,banana
93,88,48,28.096940453484784,84.07864629568253,5.677324563833254,112.45121364672903,banana
114,87,49,25.8583284822029,80.29720534134442,5.930212995299231,99.58703517065996,banana
117,86,48,28.47337836776668,82.60650802511465,6.192082002856719,116.14243500143755,banana
80,90,47,26.594467644249445,79.30155243457365,6.185018884253613,107.4482419037318,banana
114,79,50,26.542785600951536,82.3707522997787,6.301421970089694,112.61768341776545,banana
118,72,54,25.982743646526483,83.32646339379274,6.220042112162897,112.09004410209661,banana
103,80,53,27.124419568159688,81.02769677862386,5.8919819147061325,110.1476695899356,banana
115,85,47,28.46567126538207,80.72158589842292,6.167330928262841,113.98225241844509,banana
116,90,52,27.14615025424292,76.48161849665756,6.057923794073238,118.82856360196894,banana
112,86,55,28.691478848135002,79.68764009900647,5.607968584835335,96.11850608872977,banana
91,81,51,28.01806964975091,76.63816791086265,5.86882463971776,104.21091096972381,banana
107,72,45,26.401777672413008,83.5538944146925,5.978060762684542,91.1361857176202,banana
99,72,50,25.752779562245095,81.9384883612527,5.807189511351764,97.58292285717266,banana
90,85,54,26.995351377841725,77.07217316455005,6.265686599910743,92.44976313392984,banana
97,91,48,28.518264222411734,77.17730789544927,6.057231917201769,105.79862302520048,banana
119,87,51,28.218879831697464,76.9079874483486,5.92500994229674,118.81539785075024,banana
116,82,45,25.83847648522689,78.74701354188439,5.7011973185060185,106.17456975187427,banana
90,83,46,28.419323431288806,79.23119408294554,5.6649743214230535,109.4673907489347,banana
89,82,48,28.072397844758328,77.44756625627609,5.702741003703887,107.93731149008654,banana
107,72,46,25.986990873279236,83.9714759472936,6.146387920165659,90.84315137006898,banana
89,83,47,28.223948651391435,77.90722035766252,5.72375943110274,110.51459915177804,banana
95,74,46,28.234356306458608,82.35498289878672,5.87183634580141,109.28516677583197,banana
110,71,53,28.54383728593868,82.05274203978608,5.734336324678775,94.55984485980245,banana
93,89,52,27.73614301480021,79.24599879978958,6.2083780027935855,95.39204259809468,banana
104,73,46,29.142398489779904,80.05693100947788,6.269608952298059,90.45621724678908,banana
87,78,45,28.460644233198142,80.93795395659821,6.066915004938991,95.63090184845238,banana
104,88,53,29.32318763498875,77.32132236599631,6.079108632156738,99.737430250701,banana
94,80,47,27.66759872025148,82.4079058260504,5.7114921963072165,92.38566931343925,banana
105,89,53,26.283954441741407,84.03497087058695,6.09934555314817,111.34968325730829,banana
91,80,50,27.70750959185171,81.04875291364623,6.417229638624794,93.90107180208257,banana
89,82,47,28.083684871978257,77.75688100813069,5.6442361233415,109.30608098804521,banana
108,93,47,27.27419444525667,84.26458490474144,6.3152876015675705,91.46274841787731,banana
101,70,47,28.225966607733735,80.05900759467157,5.70197172995617,102.05720506969949,banana
82,89,48,27.669296467044973,81.54981792042788,6.189243515764981,107.86834843446961,banana
101,73,51,25.766818649705552,81.67124916708389,5.963136133295028,100.31994710420649,banana
93,90,47,28.14715545264116,83.81781767633063,5.912924111003721,114.67906036374195,banana
89,85,55,26.94984417211815,78.13671371946538,6.139532240002644,92.98816890755151,banana
103,92,45,27.914498011437534,82.05068735650474,5.985031969672091,95.41048812993739,banana
118,89,48,27.990590804122952,80.36559357167668,5.931258136903848,117.79050277025425,banana
119,86,51,28.13641190450432,76.6834547843369,5.936460266920355,118.71820957797775,banana
102,73,50,26.30533629701206,81.6581645782842,6.154228992246636,106.58682119063512,banana
107,72,45,25.221132531609282,84.91140133782841,6.1045912950090075,90.954524299455,banana
115,87,49,25.821300137999337,80.224338715759,5.954806926640207,99.68433257236164,banana
119,88,49,28.45257869595017,78.30716216291358,5.957029534798885,118.52505196422419,banana
96,74,49,25.250232078073235,84.65606413912494,6.3287325476453775,91.24278085689794,banana
116,81,53,29.5016684889857,78.21894762165705,5.507437210304431,97.97320863496299,banana
97,86,51,29.680215000926506,76.85417574871063,6.290034391044895,94.23487851311849,banana
111,87,51,27.77856987670269,79.99784279634028,5.541529305321449,97.39044270649003,banana
93,90,48,29.611848879054513,76.58195662110936,6.198377942864641,92.45471167028764,banana
91,81,52,27.186609467248548,81.35771289546189,6.423583044074673,94.31268526615408,banana
112,79,51,27.447006428299705,77.73672665728526,6.16847040499633,117.69458452418435,banana
104,72,48,28.02520191195715,82.49670564116961,6.086772381655713,90.79615100320544,banana
116,79,52,26.162769126566033,81.78944329478296,5.977127572275526,94.51223079767375,banana
117,79,48,25.385655805714865,81.73707449260938,6.062226206427966,111.44132494236696,banana
107,87,53,28.47058318610645,78.40799449523624,5.857444445056869,99.51913804897985,banana
97,79,50,25.665260548871416,83.9982667769596,6.436267860479309,91.57751854121251,banana
100,92,47,27.944411283378194,78.91385922986686,6.214202492254729,102.93721859756089,banana
105,70,54,25.83462275551978,78.29269869468752,5.758580951476399,116.31859331527662,banana
117,86,48,28.667223968718417,82.24446840533952,6.210561991710807,116.2915021669019,banana
91,83,46,28.894606643259948,81.3396560237106,5.714482767210892,109.35946402767063,banana
113,79,51,27.303449780633755,78.06255124438222,6.169046194941298,117.36243767650214,banana
100,70,49,25.55504178010499,76.29259496545443,5.983210375388605,116.9964800027433,banana
114,71,47,28.275304625822283,80.06986640970354,6.129646186351776,91.05882432170004,banana
99,90,49,28.45078292745165,77.14704933158102,6.341976035684061,102.36533205830662,banana
93,92,50,26.783169490584932,83.90891255153392,6.089388048525091,115.80926657678746,banana
117,84,53,27.625397205311167,83.15315633718666,5.8764680829549745,97.08170479772578,banana
81,75,51,26.12651706131276,82.28843331500254,5.810575065605688,101.32881928847367,banana
103,72,46,25.231407488125107,78.84008950681967,6.06407439157375,118.15134979449995,banana
82,78,52,26.296212261171398,82.9967863830215,5.666634160453005,97.80918910306573,banana
80,72,46,27.064606053035074,81.54969241699841,6.081160370982699,106.04343259179231,banana
91,92,50,28.825236703053186,77.09099543441917,5.873221514875059,109.21774710912948,banana
93,72,46,26.73213976661156,82.03030079284278,5.9807802421166505,91.04063184205798,banana
95,87,51,28.24267640740693,78.66037280368732,6.238215225306274,94.3447033647386,banana
91,86,53,27.317290036631796,77.65633643637912,6.256031456004395,93.16277522187545,banana
102,73,51,27.9452277046727,83.27584535018438,6.354108370445023,90.2477436536813,banana
115,89,53,25.649816214773264,80.88923650104185,5.897388755583449,116.9840235945024,banana
90,75,47,29.080089507363752,78.436319377638,5.73090765248552,90.36216472411469,banana
102,72,50,27.9544779096334,83.03898741889557,6.255345078320335,90.44936722812824,banana
81,75,46,25.902526971416773,83.5323803319478,5.882818046575551,108.59013967252464,banana
95,73,48,25.207895110524245,84.74116610674966,6.278846935593949,91.3255540302918,banana
84,89,50,29.128310866770043,84.53196967670172,6.159839904324762,108.51338850105587,banana
118,86,50,28.355869517907625,78.98258635960619,6.049784199075709,117.71491772994618,banana
93,87,48,27.9119766667773,81.16013284654429,5.88373242505337,118.457564950585,banana
117,89,52,27.45666540453667,76.33929503882403,6.007045814915957,118.88323487433462,banana
104,92,46,25.339990426038323,78.62719280973029,5.820063600987119,107.85446992712093,banana
89,90,54,25.45937933187557,80.08652103588263,6.270408132022543,94.37495827814939,banana
110,88,54,29.481820305682472,78.25659861829783,5.605448240289572,97.4058647358796,banana
92,77,45,28.492019687219017,79.67554288703833,5.688749690312282,91.18951035694394,banana
56,69,15,31.005417575651364,68.60960761152833,6.762621278121707,72.19588330450004,blackgram
43,56,25,28.65742414628873,64.56232281490422,7.01444484741584,70.3996038925951,blackgram
49,58,23,27.811302399915707,62.50679729622437,7.5907984532152,69.7539184429763,blackgram
21,55,20,32.787116718458584,69.80785344376301,7.300899672175135,61.16860715899164,blackgram
25,70,23,28.606431942096954,60.46542962596334,7.1969725208961774,74.8706976721947,blackgram
50,56,20,27.97249454741126,63.367602835038355,7.146217568381259,70.31624634070148,blackgram
56,59,16,27.025128185621604,66.6799260659765,7.444314275955113,73.19016032983824,blackgram
45,59,17,27.817875697735765,65.81310981723124,6.758509805619013,72.49933587622343,blackgram
55,68,15,32.69828263509335,69.15450978748233,6.6792303369765555,71.228764742143,blackgram
20,61,19,28.79481636514464,66.1324265286944,7.187923671141251,61.71128144486466,blackgram
59,60,18,31.682569930012768,60.86503309888574,6.77489109485993,67.39334853986188,blackgram
29,66,22,33.68856608761794,63.12677077349879,7.703305830418138,71.92930074656834,blackgram
30,67,19,33.81926371230952,60.7942185587027,7.6440693402159035,72.93029183411849,blackgram
59,61,17,30.524637948127193,62.38057571732694,6.83276395083389,65.2885682591991,blackgram
50,59,23,28.07062380675292,62.72193089098312,7.380815123601109,69.8806390677904,blackgram
31,78,17,30.282821485076422,63.526229332608494,6.728082900795745,70.7472330187594,blackgram
24,62,20,26.789835550879005,68.07345551591419,7.046947291945474,67.04038604722442,blackgram
42,76,21,27.679800695070657,62.31071023504766,7.0911056774930445,71.05324200837237,blackgram
24,68,19,29.688729019063608,64.26387570022703,7.135563224924723,67.32124287437391,blackgram
48,64,21,29.314070221652976,61.6023610152717,6.910388591133989,64.42310190011236,blackgram
22,63,21,28.166209476156894,68.03082701685894,6.866703826426406,72.73592741300436,blackgram
36,60,15,30.6569884862448,64.21420560741302,7.33548031651534,64.34831151347028,blackgram
35,79,19,27.883602704502728,68.14598946999726,6.961857282250799,69.6332055870446,blackgram
21,62,21,26.14902443479312,67.76500701788886,6.912600287047324,74.4518738102084,blackgram
44,76,21,32.0392441393893,61.95626563936056,7.383969974303742,63.995898326209726,blackgram
41,76,20,28.237989757866305,62.15719811164457,6.690347275791323,70.97485533041862,blackgram
37,61,17,30.818809834886675,66.20235270579201,6.991854688658325,63.38080622207588,blackgram
41,62,15,28.698766845751436,64.23308764570552,7.35433520968846,64.83078473695682,blackgram
56,74,15,30.339721037342077,60.31004567700015,7.140144735430034,66.30732921158936,blackgram
24,67,19,29.422120871505527,64.24681342083294,7.107027437948949,67.46574597224846,blackgram
20,69,17,31.226743108296798,62.10546257500958,6.963353149503195,68.95273866356729,blackgram
41,78,21,25.90256763470327,61.18900204338719,6.63737305000743,70.23851146348473,blackgram
51,55,16,28.78333891753693,65.44938919326029,7.556612658797501,62.3290985763667,blackgram
27,64,21,31.718150458689934,66.96968738343863,7.508830959743945,73.81620115150221,blackgram
42,60,21,26.355511086339632,62.418508787736236,7.390294813047073,70.3382740665326,blackgram
25,66,17,30.68030531872898,68.13285008722627,7.078318562468222,68.30020808406793,blackgram
53,68,16,33.98373709606956,67.98589933265526,7.115263860430381,68.6430470291769,blackgram
26,60,17,31.229585138944543,67.93512970805592,7.257034182928526,69.43746398097008,blackgram
55,78,15,29.437513026758,63.202333684051,7.436560882060515,71.92942986783842,blackgram
28,69,15,30.242481647585105,63.875591691029484,6.8954706217660595,73.68978327705348,blackgram
55,65,23,31.50434306291026,67.13642616775813,7.3610784221293715,65.46716748080395,blackgram
52,66,17,31.975409221398433,68.47216494208526,7.204824918247019,62.876004138290014,blackgram
56,72,16,33.450040071816915,65.92605434290304,7.051515366883219,65.54757700562794,blackgram
54,61,17,27.864272485830107,68.09706469920926,7.2252280415470675,70.64757727997238,blackgram
30,61,16,30.522348590927216,66.53220875803984,7.2842816361651215,65.49771358593968,blackgram
21,56,21,31.337206354347362,69.6174125999387,7.148406218650466,61.174952245515684,blackgram
58,55,18,30.886022517910558,63.34745259541661,7.359206814612639,69.69003522475869,blackgram
57,59,17,26.631788407430825,67.80522045045073,7.482697650859948,73.63113120783383,blackgram
39,60,20,34.33296994065944,63.459652306878404,6.961095760702008,64.64278544669695,blackgram
59,59,20,30.6921055519721,66.98097694891834,7.256932081496879,74.08956655961309,blackgram
40,76,21,25.349801269095448,60.63938203521162,6.792684336987673,70.36111179744752,blackgram
21,77,18,29.395362450991506,67.65626970198937,7.433235732031922,63.3900213192533,blackgram
40,73,23,26.066653861368994,62.91828850610795,7.364166144983439,69.19241015838081,blackgram
23,69,16,33.06501912329444,63.450230805482455,7.316461477046619,62.50232052989484,blackgram
34,64,16,29.924573047919335,62.45394356555169,6.850595444527503,70.79162877341956,blackgram
48,62,21,30.025198823769014,61.6687134601376,6.7037482869923535,65.3060603589229,blackgram
55,76,21,31.698914361181423,63.35974643599643,7.639506760144716,64.79272620314697,blackgram
40,62,17,30.115515108580936,66.64036490901839,6.923304170544555,63.67013781085757,blackgram
45,68,20,29.126600122508634,64.09957938087852,7.331831517634752,66.78194912310592,blackgram
44,59,17,27.85959957127014,65.67049023943979,6.769181291740185,72.49852293792692,blackgram
57,75,20,27.33203481663612,60.82041562943193,7.215817564751775,67.69179093402376,blackgram
53,66,18,31.555294601087876,68.96107323649181,7.412471045926321,62.793359175429934,blackgram
21,59,22,33.67037588759353,65.54108421145784,7.071208279729564,63.78676391659738,blackgram
43,62,15,26.459928448363677,64.27493333533384,7.295303131294517,63.469769418311635,blackgram
50,58,22,27.827929700936124,62.49755572381283,7.594575820219875,69.76392336289861,blackgram
35,65,15,29.485980051861787,67.18541418152564,6.605689990861244,68.02633578260219,blackgram
42,59,22,26.925380437999785,62.992479263205965,7.419225262747153,70.41299205853369,blackgram
22,70,15,34.45012195249023,63.200616680557744,7.403167026771047,60.80116469824386,blackgram
38,79,20,27.612465915153262,66.94461121733966,7.000267027055169,69.07401459205522,blackgram
42,58,24,27.398334772349145,62.86913632196978,6.559567948954451,69.49939578820981,blackgram
43,74,22,29.53685665789466,63.81175182505306,7.53482058819617,70.99192116305645,blackgram
43,62,15,26.505094394539743,64.5013688698196,7.339483133777957,63.51452547810106,blackgram
52,70,16,30.23831267798652,67.72473693817929,7.269156051858967,69.90749157474572,blackgram
28,64,23,32.86751578961117,66.3876880715686,7.635167137517777,72.45541515481439,blackgram
57,78,16,27.583836045247857,64.49033169376499,7.196351345772777,62.64002756990197,blackgram
22,63,22,32.14831668377254,63.23259911919606,6.933052798914741,66.11729771981196,blackgram
33,76,21,30.904548776790655,65.42168300997912,7.125812950138075,70.90347677561215,blackgram
20,61,17,29.310092210237546,64.96308815320069,7.360373138051014,61.957660705693094,blackgram
34,79,19,30.85724536097281,64.0697141462375,6.621518064905223,71.14913954673422,blackgram
52,63,19,30.040043038373426,68.01952745090998,6.912901359657954,67.71294760638456,blackgram
33,70,21,32.97403210198091,64.06268225010633,7.461113434302765,65.89579271468794,blackgram
49,76,17,27.061186814690185,67.63959685823006,7.379966288913417,60.54119036356361,blackgram
59,56,19,31.781605404805774,63.79352617836645,7.289659420873666,70.56354707287959,blackgram
56,76,15,28.8341567412977,62.85946454626762,7.101105506353792,64.49537205657249,blackgram
48,74,18,28.058374605400992,63.61797921818716,6.878493498702717,72.98732561980023,blackgram
41,77,21,26.03070376474935,61.02306604886526,6.752281975299694,70.94333209345557,blackgram
43,62,16,26.545128088339514,63.72451968059396,7.193742160119467,63.47979027401896,blackgram
56,75,15,30.17665201728848,60.17424256584788,7.162775233611054,66.56349373794266,blackgram
45,62,17,28.189121794206045,63.222604462692395,7.013967359447488,64.45458903737492,blackgram
40,73,18,28.2679327250168,61.05155542001103,6.697868953927066,72.73061788028896,blackgram
25,69,23,28.47429283800701,60.72843548209634,7.2299905961139315,74.7851653752197,blackgram
36,79,22,28.219061716286564,64.71945657617698,6.67124702441397,69.46074226312082,blackgram
36,63,15,28.74774039224745,63.720315758025215,6.758212763521452,68.23970115366228,blackgram
57,73,15,32.93150379035582,64.90076717478361,6.912622331800764,65.09945832756752,blackgram
56,75,15,29.94551796385653,60.21458272203094,7.200177267339445,65.96382440805706,blackgram
32,66,17,34.9216260559426,65.26411604816468,7.179745750895882,70.14963038045231,blackgram
57,74,17,33.376848805038904,64.89510007365756,6.796724976509191,64.51823635587107,blackgram
27,64,21,32.659163458942025,68.40494867341081,7.538111111794763,73.69519060774131,blackgram
40,76,22,25.38197427180505,60.69598543248097,6.837653689281126,70.24904322674352,blackgram
24,78,18,30.57290045783825,68.89028387839792,6.995802494884424,64.20851971219413,blackgram
57,59,18,27.678961020212213,67.59264463670472,7.42447177521281,73.74936358427749,blackgram
55,77,20,30.384192761331985,63.77275842776005,7.580280429122378,64.15987590278907,blackgram
33,75,20,32.03248569498046,69.01416846779462,6.774211234666553,63.612657689705124,blackgram
36,62,16,25.91129390095042,69.33343438677213,7.071023922454073,74.20878150318791,blackgram
25,66,19,31.31168796008435,66.1127994552475,7.010706902360363,68.23397640846656,blackgram
20,58,23,29.389940890409445,69.36164583857095,6.943603740597118,61.1834738535818,blackgram
58,58,16,28.686054940114932,66.19288085141089,7.370330727855829,62.831940748097274,blackgram
25,62,20,27.013452618874556,68.1186411724941,7.0588351677273025,67.0934517561679,blackgram
28,66,21,33.864042482640755,62.805308013918484,7.70260431704201,72.0220744936901,blackgram
26,66,16,29.32753582570797,67.90153973348016,7.196670498680938,67.50715358161655,blackgram
57,59,17,26.754603593651375,67.38063215672372,7.488440283442726,73.15335208624825,blackgram
20,72,17,31.69576402012376,66.15333160495152,7.547001328035666,62.46257349737525,blackgram
33,66,19,33.079401952945005,60.2599950832544,7.594021884278547,73.38041373443637,blackgram
45,76,19,30.618734678210696,63.61627990124722,7.351090230405721,61.343417183725194,blackgram
53,65,18,33.56918827370659,67.86610293726748,6.70914282938392,69.53162911398368,blackgram
55,71,16,33.472268221634835,65.99503498464317,7.100678316331869,65.7284048544246,blackgram
56,77,16,27.82609661666461,63.32944277642438,7.307770586284612,62.871792547315735,blackgram
42,74,22,28.851920242356982,63.34739720075501,7.479939685758373,70.6906669166875,blackgram
20,68,16,30.12904943994981,60.28049262253746,6.59273764037846,71.84609689709552,blackgram
58,57,17,31.398919008342634,63.25803961982268,7.362976687197152,66.2874942987386,blackgram
55,77,20,32.58184341788126,62.659715253060675,6.747298212924561,63.530760402358126,blackgram
26,66,16,29.21758243822056,67.90365195715113,7.186462487430374,67.6699377187306,blackgram
55,61,17,27.38362954667129,68.03446280371621,7.307784935749729,71.51607024771397,blackgram
42,61,19,27.197207558297517,62.16901709229732,6.798760409228966,63.47291865753042,blackgram
44,76,20,32.11326959338283,61.903589632382044,7.333256150406081,61.709824955485054,blackgram
26,64,21,33.16020194420737,68.6554608014929,7.337163295093554,72.2930286032431,blackgram
25,67,19,29.49128585375642,64.3439744469475,7.10377433487104,67.51299563099184,blackgram
43,61,21,26.976208057155574,62.183792466753594,7.280072114999253,69.42494612481745,blackgram
25,67,18,29.394804327273814,64.31775665058993,7.109612924808477,67.48289408128917,blackgram
52,66,17,31.25921754922731,68.85365043957773,7.209872875477259,62.903244024695816,blackgram
27,61,17,30.569518233582556,67.90934037198689,7.25950766986747,67.81110258711087,blackgram
57,75,21,26.300657316010934,61.30535400062078,7.348838572701006,66.79486960600099,blackgram
25,64,18,27.836913616740723,68.0311597017619,7.1033224261749925,67.46810157882629,blackgram
21,60,20,27.808918399650562,67.82281979902791,6.996555066608586,74.19203448776328,blackgram
48,61,21,30.202470166444463,61.685253910003034,6.652236641901648,65.52616573937622,blackgram
44,75,21,30.16538413837434,64.00321816868319,7.56197099164368,70.73349770729455,blackgram
44,62,15,26.30349817867856,64.75235438598445,7.361559698643762,63.731889937171864,blackgram
29,71,15,29.86714321286403,63.718028751295385,6.912514640907324,72.99861350190625,blackgram
52,62,18,29.638589987216093,68.3287798179037,6.932482143846159,67.47793026787548,blackgram
41,62,15,29.116540249113314,64.31494108136462,7.370933168940833,65.28019212646765,blackgram
40,59,25,30.09763732722063,65.33480386190367,6.982820303491207,66.42535180336385,blackgram
59,57,20,31.811043366117847,64.79277496656219,7.256402455992265,71.80346774902242,blackgram
27,63,23,28.997211851929965,65.7017764025163,7.122363420286772,62.51011840964727,blackgram
41,75,19,27.390354950187515,60.77590132204558,6.592296325817767,72.42072330256612,blackgram
58,73,16,33.026338307473836,65.7009743501993,6.883545889614267,64.75059733022475,blackgram
43,68,20,29.449151091021708,66.27825598442269,7.512958225901509,69.40988706166915,blackgram
42,61,21,26.352308680247237,62.198577447204514,7.337058117474005,69.34046845010681,blackgram
34,79,20,28.196933842209003,67.03758739397647,6.793932872982256,69.84017542625786,blackgram
37,79,19,27.578271060312662,68.14224696978025,7.07186634353925,69.240842462012,blackgram
23,68,20,28.156854095606462,64.15798268856736,7.3017883069648875,66.09062418891507,blackgram
25,64,21,33.42775666641015,68.63144173201401,7.163341686720958,71.13335396608186,blackgram
50,55,16,28.72636226919411,65.19074052872827,7.469013177912092,63.36765458342858,blackgram
44,68,20,29.38749603896947,65.29928059411509,7.427538329832903,68.31718835279723,blackgram
21,80,19,28.470736510827354,68.41696006217252,7.253507864783903,64.56840636523373,blackgram
56,76,22,30.350125531018552,62.34956727028845,6.849357911077469,65.47184006602174,blackgram
33,76,21,30.81781488745274,66.22393292925607,6.954996775067679,69.96846562501203,blackgram
56,78,19,31.252161087248957,64.0397362829854,6.7558351992792565,63.13671105983461,blackgram
36,71,20,34.0548178126106,64.46584032892308,7.739709653970989,67.58942542843576,blackgram
49,73,16,28.321832402831102,64.5867721164441,6.704152026758805,74.1289690932675,blackgram
57,60,15,31.345768250901358,65.20922755338631,7.351422939021545,63.072026261663446,blackgram
53,64,20,30.08849251405452,68.50002494205894,7.2378272959018775,67.19373258065664,blackgram
55,77,21,33.318024393127544,62.93911491965693,6.647997038546277,63.62129571021655,blackgram
38,61,15,30.137304230925373,64.18770233226246,7.345071607818437,64.7131282266676,blackgram
20,64,19,28.079975869330983,64.6397103618345,7.481236903033592,62.339835977066045,blackgram
39,61,19,31.95902694664076,66.2641800491634,6.823101394530917,63.61111868391761,blackgram
42,76,21,28.169731655671313,62.693257034722606,7.19176696600658,71.08589519521945,blackgram
28,69,16,31.705271945026304,62.85908891662386,7.1358721040048785,73.61449537703304,blackgram
27,68,15,29.916755473702644,65.03182980337948,6.97601277034904,72.00963462699946,blackgram
33,70,21,32.92970728935828,64.05328317358588,7.449416092684482,65.85575977539996,blackgram
56,61,21,32.33900372116742,66.45173316771965,7.004406574704713,71.55214825144698,blackgram
33,80,21,29.46784147470577,64.90034897615037,6.571621439288834,70.51556091873607,blackgram
55,71,15,27.79695321887367,67.9184258803723,6.973808112613943,73.23684970116683,blackgram
52,63,19,29.79396231819751,68.18460356968063,6.921638687599951,67.61314202360018,blackgram
28,62,17,29.897299282373048,67.89798665487959,7.252864020383071,66.49922712722618,blackgram
48,65,21,29.28583567094547,61.59972656706703,6.918593008911786,64.38804504077113,blackgram
33,80,19,31.39861060367966,63.14264216135306,6.523576276811482,71.4379922133023,blackgram
57,74,15,28.575603933203812,65.60312510822386,7.161209125192129,73.05336932873519,blackgram
56,75,18,33.383994031284494,64.09734628267434,6.7177564046479965,64.13374431133576,blackgram
27,67,18,29.496385473155964,65.33726649472692,6.860745069526153,65.09787603301842,blackgram
49,63,17,28.677958199241296,67.80561531273642,6.81565879066766,69.64061735333826,blackgram
42,73,24,32.96232245656954,66.38913980484959,6.7897286825981915,72.69214363497831,blackgram
43,67,19,29.305114433522593,66.29447068820342,7.390771940657785,69.83067415423903,blackgram
29,66,20,30.809998666643576,62.93357056402239,6.6093748263590975,64.27185613100147,blackgram
53,76,16,27.761339134614662,63.92113915546114,7.463018028564488,62.11210497357503,blackgram
47,61,21,29.751808502066197,61.77204310660361,6.733294027724007,66.24032134223604,blackgram
42,59,23,26.79227886613613,62.556312968166445,7.022126989924206,69.89389523475825,blackgram
27,64,21,32.85291669511824,67.7082871796636,7.582625059935244,73.15486883335531,blackgram
40,62,18,29.281249954553033,65.72643809785514,6.76357046823008,63.18272480134972,blackgram
26,65,16,29.346198506091707,67.90118122014854,7.1984031315326975,67.47952379783341,blackgram
23,75,17,31.916259846267412,67.61399142034418,7.278323432979005,63.14340287949679,blackgram
53,61,17,30.801311510412184,68.4948328858525,7.0173420695100015,66.23985193800357,blackgram
36,64,15,28.036640465304277,69.5788235493325,6.8791958344812585,70.62181102858432,blackgram
22,68,21,27.46147664918738,64.10364669285521,7.409950744749626,65.31514764048781,blackgram
22,70,15,33.40088773122321,64.45491727841177,7.472548346690632,60.921761295034806,blackgram
39,74,23,26.27106488692788,61.80997416674021,7.092439780673874,69.07148376563156,blackgram
20,61,17,29.069041330970318,64.85340508295023,7.332573052745771,62.16301756154891,blackgram
43,62,15,26.447320484630417,64.35638432971855,7.3103322680567455,63.468286517851375,blackgram
48,61,21,30.22509287118635,61.762574834816384,6.632667052248457,65.82039772751693,blackgram
57,73,16,33.07401426056483,65.2668913710233,7.009646129830394,64.87703685643558,blackgram
56,60,15,31.605154521552745,65.84714645253669,7.317768438988367,63.25819785165235,blackgram
24,68,19,29.23350118116446,64.24211065637193,7.134321308994978,67.29128804432521,blackgram
52,65,18,33.32007542777942,67.29992038448718,6.743971976526307,69.30230782179342,blackgram
32,66,17,33.99300433382858,62.81338797251274,7.367083781557816,71.73637730888568,blackgram
38,60,22,33.837942076386824,65.66036253414254,7.210121333422681,64.06232417774953,blackgram
50,55,16,28.792255026544677,65.41687990175942,7.563692974568953,62.31008676483914,blackgram
30,64,19,33.9635469160691,61.90975659989835,6.6275294026896345,68.21636662528425,blackgram
42,61,20,26.6336822668793,61.88181666623278,7.048512889732433,66.18737447514124,blackgram
27,65,23,33.32300162293074,66.37875717692823,7.33775022328659,70.49659323983745,blackgram
57,75,23,25.897697820426313,61.3290150621876,7.315262892676506,67.5092153397264,blackgram
51,56,17,28.026178151801705,64.40753509264506,6.749448183225602,71.00993229959393,blackgram
24,74,16,32.36649721715338,67.42750841420748,7.276682397956691,61.89320118108043,blackgram
50,57,22,27.848965602555666,62.69808128646625,7.495784931201167,69.88125741215927,blackgram
43,75,21,27.42438758451162,67.88548394033873,7.756115820831707,68.95355793617716,blackgram
56,66,24,32.310479947182074,66.67066047825952,7.556422252671448,64.61237297394622,blackgram
52,65,19,32.812819694170045,66.16829565717117,6.816264904998779,68.80926077139478,blackgram
27,64,20,32.959710148182204,68.49314370167015,7.52249236201593,73.47442837952775,blackgram
54,65,21,30.56437039547965,68.67002155283386,7.53243983277227,66.87284587157329,blackgram
20,62,20,31.23767612374021,63.9638067210486,7.130800389035408,63.52008903672622,blackgram
44,63,20,27.370937808249522,61.589878401854236,6.899214505000582,63.512055519224056,blackgram
43,75,21,27.33711437787015,67.95476014818503,7.766596621656373,68.93388882127188,blackgram
50,55,17,28.342117150509107,64.56093136184833,6.9794599935642925,68.18015921434193,blackgram
20,68,18,29.85406652866768,60.17088330700555,6.678004980766416,72.24920283571353,blackgram
27,64,22,28.98000050834441,62.79337884273047,7.423631874436328,74.16831638721251,blackgram
52,70,16,28.69987932250414,68.22730205508604,7.150011745798058,71.06562440330084,blackgram
44,75,22,28.44411754945462,66.3657738567807,7.689770656016858,69.89436898718021,blackgram
59,59,20,30.61520257308112,66.99658823698843,7.261208113195138,74.08088372944842,blackgram
31,66,19,33.63212011262546,60.659089931002036,7.631410136059722,73.04414747222374,blackgram
49,63,24,28.996911292850186,63.19076324026831,6.72296876397586,69.75484235078773,blackgram
42,58,23,27.54325930602316,63.21772749999571,6.557718183782792,69.9051355725235,blackgram
30,67,16,32.70226132954076,64.4303927243997,7.021337484017525,72.10060835556607,blackgram
21,68,22,26.447585949906156,64.02442243706086,7.567656304868464,64.18446895079205,blackgram
58,57,18,29.438435876649088,64.76061765124639,7.404488265492342,70.90352901830974,blackgram
49,67,22,28.605685313377855,61.784545719935984,7.073330093923559,64.42213269203589,blackgram
50,55,15,29.29114062518908,65.74748834096364,7.531385616604104,62.48396102454218,blackgram
44,61,20,27.679699607579046,61.6324367178964,6.762599879472733,64.01771492064663,blackgram
46,63,16,27.637392353079488,67.01891264964117,6.739001977085285,72.22352571502526,blackgram
58,59,19,28.53570033350412,67.41872674153794,7.376834550834633,73.84609484306601,blackgram
22,60,24,27.782327486537245,68.27813457762035,6.946198700752856,61.57117363248715,blackgram
40,62,15,29.68512517029378,65.1747224686824,7.179633541664012,64.59491952505793,blackgram
27,64,16,29.583566120940283,67.89662134703994,7.220440208682063,67.1281050444424,blackgram
20,69,21,28.167879753347243,64.10327014740895,7.590102792899836,64.17995891993755,blackgram
30,77,17,28.550080774775903,64.6490020448441,6.898308567731557,69.80600548159396,blackgram
43,74,22,31.02871976116635,64.9098805527432,7.307757078383138,71.71390107381131,blackgram
49,72,15,30.086220498830595,66.35782964374137,6.9401134920821566,74.53271453802587,blackgram
58,59,16,29.590150042353695,65.4101508687343,7.3833390504928795,62.81411008038273,blackgram
41,74,19,29.08104440657886,61.81875444258245,6.846592505113154,72.8271898695141,blackgram
47,62,15,26.206319719807208,66.82706858054897,7.183366292784958,68.52741710640925,blackgram
38,62,15,28.994223097115558,63.886494830848086,6.990942899646676,67.07839471347043,blackgram
43,76,21,26.72943830134202,66.0336280485215,7.466030840141784,69.42791016891215,blackgram
49,67,22,28.631818957449514,61.961036069524496,7.03566099939445,65.07049162427371,blackgram
40,62,17,30.233025168558935,67.04053163167832,6.853318148347463,63.41764316580446,blackgram
20,70,18,29.993622323507026,65.89142446301294,7.612962616930615,62.0876191695333,blackgram
39,62,18,31.84555038126978,66.36706122403244,6.817314865070326,63.56799812222802,blackgram
21,71,19,31.745757373686203,64.32630895770967,7.328613053761834,66.21384275662993,blackgram
28,61,17,28.5820483972447,66.19071771160698,7.167591793959457,65.65183919856102,blackgram
30,65,21,30.576442769581647,61.073017636890626,7.491865130713021,73.86346815900164,blackgram
29,76,15,28.544072533657403,64.32764900257939,6.989828003115375,69.72161549204344,blackgram
27,65,23,33.34773095205781,66.48003187162823,7.316818555600985,70.43931412489148,blackgram
23,61,17,28.07818373832692,64.40254465351519,7.218298731554448,63.00715221247683,blackgram
29,74,15,28.89659576837479,64.07243123674839,6.995327800038095,70.57485069238044,blackgram
20,71,19,32.32340366775037,64.33977508622334,7.404044766835454,65.76217213316525,blackgram
29,75,19,32.46709969762843,68.80400293791826,6.9350713683882,62.30428822035517,blackgram
53,71,15,27.769588786397755,68.23219860335334,7.025339982298904,72.50449957938167,blackgram
35,63,15,28.51389923709422,63.56265964023802,6.53741883844824,69.34144676947196,blackgram
39,62,18,30.591605423087323,67.67200260847702,6.79788203953621,63.05134123808496,blackgram
24,64,21,33.83336282516678,68.11840966442333,6.8775876970014,68.93797981512422,blackgram
39,74,23,26.179169506937797,61.71583232234695,7.112182569826131,69.10367274836501,blackgram
33,76,21,31.157477276078975,66.63761466577843,6.914716679240687,68.80037747975943,blackgram
34,60,16,31.624409688640885,64.20085575340075,7.296184914884347,63.92241423928574,blackgram
43,62,15,26.91543962336996,64.45118456803876,7.342261341839389,63.7607430510467,blackgram
44,62,15,26.19406122533718,64.97243555246281,7.38222674782348,63.97520347048132,blackgram
53,71,15,27.767243728405802,68.25908807867249,7.02975612441884,72.44173915094919,blackgram
52,71,15,27.743094357809134,68.53599547578604,7.07523348703751,71.7954332385912,blackgram
56,71,15,27.800718100978273,67.87525607187352,6.966718200767088,73.33760866520663,blackgram
46,55,22,29.05417850094626,65.2589876076859,7.146864666375316,71.04809293350704,blackgram
59,57,21,31.835695104432087,65.62955912346366,7.22855263355752,72.8417937293664,blackgram
51,56,17,27.967696620515724,64.52125386720174,6.774141634235662,71.09418964964469,blackgram
57,71,15,27.8224928405551,67.62557724753698,6.925712671297966,73.92036269070903,blackgram
56,78,15,29.525898317950556,63.01781909756114,7.437042202149559,71.57154530488906,blackgram
49,62,20,31.28392930111481,63.453978261899294,6.701660199504132,66.89526807719879,blackgram
55,78,20,32.73818759575725,63.27473728975037,6.649738467843355,63.440370073536016,blackgram
39,73,21,26.698666912718384,61.13021553114302,7.014301210552088,70.65919312654057,blackgram
23,57,19,31.803691205680604,68.02212374028328,7.21520771342512,72.34342312328317,blackgram
56,74,18,32.686376146917645,64.72927074768016,7.187202674416827,64.8532698394968,blackgram
50,63,22,29.13148760764042,65.29402595691211,6.809946691390016,69.19703112960505,blackgram
49,64,24,28.77830779566668,62.95033041350767,6.824511651866386,68.70478565807963,blackgram
53,58,15,31.73842070551366,67.86390170224159,7.27431203812212,63.621677327674945,blackgram
38,67,16,32.670199490420636,66.66198808111794,7.349414099040553,69.22918711537332,blackgram
48,60,21,29.642448719666298,61.9039404522167,6.88003598023216,66.7013979849975,blackgram
49,62,20,31.432610979286203,63.71608248331394,6.712584065166776,67.0837945984084,blackgram
39,73,23,25.799788700627,61.27819579283211,7.235385987678948,69.34825385970184,blackgram
39,60,20,33.64417532830154,64.73637521327366,6.909032447555551,64.25146715155023,blackgram
56,75,18,33.384295039061804,64.06373921591263,6.714429686434166,64.11754677024464,blackgram
28,65,23,33.275092183239835,66.18255234447962,7.3783022522341,70.60756310436355,blackgram
49,72,15,30.3505529943226,66.62316132270239,6.9754641516736,74.59320182038653,blackgram
57,78,16,27.3841788202925,65.44706954987667,7.104526018039368,62.44902020967962,blackgram
52,73,15,29.305715383945792,65.21736177975191,7.483476590283253,72.14830886548839,blackgram
48,60,20,30.306136361196515,61.66037073947353,6.660328394317648,65.96999490364034,blackgram
43,57,23,28.23246414419353,64.40309506398215,7.420376046657601,70.77532705232036,blackgram
22,78,19,28.21594423783979,67.73408783092115,6.873160271899336,68.09755232236716,blackgram
28,76,15,28.43017650494622,64.40877446887777,7.0170794399539345,69.70175683718911,blackgram
20,60,24,27.276509860450005,69.01182729890624,6.752417917290101,61.6855613411687,blackgram
42,68,19,30.13909174576093,66.04919543688366,7.526537713751886,69.5584693331795,blackgram
27,67,18,29.484792187311655,65.41376512155642,6.8701406040499515,65.17935073602625,blackgram
34,60,16,31.202129097575686,64.81255264242468,7.227257359258466,63.71955435876166,blackgram
23,68,16,30.207670821034583,61.52756967012202,6.699574339562654,72.7321095547776,blackgram
45,58,17,28.615679209492097,64.1940106800788,6.892922860878986,72.2447460601933,blackgram
30,76,17,29.40072074150121,64.88784129345746,7.019481826882087,70.62903864547643,blackgram
20,60,24,27.355410375820618,69.03010604048835,6.735887097917475,61.20309643129691,blackgram
49,72,15,29.878987166259886,66.14981296397096,6.912399022160206,74.48529327383959,blackgram
53,59,16,30.89497404808077,60.89154703517344,7.006979568632756,70.19787538817408,blackgram
27,67,19,29.522738995124737,65.1633720294471,6.839387412274665,64.91267009533598,blackgram
52,70,16,28.875481677670212,68.73706345197,6.994027526071328,71.52745566856835,blackgram
30,64,17,32.14655460294605,66.75894768180785,7.218802355853078,68.05362937016228,blackgram
20,62,18,29.625712181327955,64.84425745625384,7.333569861046941,62.136995005975244,blackgram
23,80,19,29.624713465779582,69.05546019799921,6.828029665342641,65.6151902582343,blackgram
20,59,24,28.21254862709076,69.20699932959447,6.819772214986394,61.18862634850039,blackgram
56,59,17,26.26357331453233,67.83496350832306,7.49369675610182,73.5494077461029,blackgram
57,75,24,25.721571623260406,61.48925593027782,7.2993828536143734,68.35518580579169,blackgram
32,60,16,30.94697705046995,65.3715242943606,7.3037461224552045,64.66315132373093,blackgram
46,58,23,27.648085847028085,62.68881964240195,7.092414707707739,69.61802637975333,blackgram
30,77,16,28.54881050663779,64.58106127438842,6.917657695120625,69.78816366852631,blackgram
26,63,21,32.1696200405567,68.60103298248276,7.484375320940609,73.7537060353442,blackgram
27,64,16,29.644981738952467,67.89544154235091,7.226142000449966,67.03718025702206,blackgram
25,62,24,29.961303532420967,65.665081697644,7.215158642318771,63.14454700583565,blackgram
56,75,15,29.484012781105474,61.53157784835409,7.125422194456254,65.38709115906573,blackgram
38,67,16,32.59946267682109,66.73549952686818,7.3307723484758744,69.17192317301138,blackgram
42,58,24,27.172659300936115,62.75265109822252,6.731809863532078,69.64629452751639,blackgram
33,77,21,29.969070960321925,65.64775010830397,6.926963128736937,71.32650988346496,blackgram
22,63,22,25.924491659912356,66.260038602718,6.996638385131625,74.52298551069647,blackgram
22,63,21,27.225104701100868,67.99092247931924,7.047434482696352,74.35692209660952,blackgram
36,62,16,26.59750375049025,69.74087547523737,7.027377410268281,73.06980752949872,blackgram
51,70,15,33.41158852126254,66.75413614040448,7.48636715183843,68.24395784725212,blackgram
42,61,18,27.482320671988113,62.22982860750469,6.939051471427007,63.93708667377483,blackgram
41,78,23,27.620253038019115,63.19214442373214,6.802580408019972,68.59889206293278,blackgram
57,78,18,28.372553870628597,65.26614406381817,7.234883726667981,62.97884281827221,blackgram
27,61,23,28.580973877666224,66.70163875373072,7.346620537629014,62.32138814161406,blackgram
48,62,22,29.565528660915135,62.52954771112066,6.681161328853966,67.93329284545132,blackgram
31,64,19,33.43856666587681,60.90902821672674,7.055985664938527,70.60534057580435,blackgram
56,72,16,33.42021497051715,65.83349807328658,6.985549914989457,65.30494732423938,blackgram
43,75,21,28.544964162143824,62.98624524332465,7.268862292963217,71.11090389671061,blackgram
48,66,21,28.883591149509666,61.56219480790031,7.035477535847519,63.88860625901616,blackgram
25,75,17,31.78287476664002,68.64497430720226,7.223518274262144,62.306064906724906,blackgram
57,72,16,33.39625236951748,65.7591349072894,6.932550805695369,65.1100095707224,blackgram
20,62,19,30.22279317544435,64.51813328783096,7.258462847335502,62.649301228905664,blackgram
30,67,16,33.05564842281255,64.56223811785445,7.043541957814354,71.79213712397087,blackgram
53,65,18,33.56411839646503,67.85458014313687,6.709851662763358,69.52696202908908,blackgram
20,72,18,32.074688118141445,65.27734550721573,7.47429039968255,64.0923314435503,blackgram
42,69,19,29.401423896960875,65.06716330405537,7.304032029246913,70.28691263885898,blackgram
56,74,16,30.110900595087546,62.807970804428024,7.282699773061981,63.87464736174166,blackgram
24,75,17,31.698162597006657,68.23013368543737,7.30731222002945,62.1901635709103,blackgram
20,67,22,25.91898634045559,64.0543171606932,7.674327349072785,63.059961204906315,blackgram
41,77,20,27.37147197709507,68.52348659218906,7.533660544334431,69.1055583478639,blackgram
28,63,16,30.008341038971746,67.88846134708722,7.259876075473521,66.49923293709274,blackgram
30,64,17,31.954630869096572,66.86115907493401,7.222671229005826,67.91052012734738,blackgram
42,59,23,26.7036081812326,62.51054448253468,7.089802969236733,69.9516135669466,blackgram
50,71,15,29.85976628250487,68.1491960596843,7.109795846046808,73.49690225888203,blackgram
38,61,24,32.21302293971644,67.21843848564264,7.394849389076905,63.390618941353466,blackgram
51,64,25,29.800220995996742,64.25938814490081,6.957958311276559,68.69648532922558,blackgram
55,77,18,31.076530173141304,62.146151357808954,7.014831053051306,63.44980305202583,blackgram
56,77,15,29.80778050637684,61.78608798864473,7.318239998822351,69.40224448204506,blackgram
50,55,15,29.17120546117811,65.6437681392423,7.543984158980192,62.428204353080176,blackgram
25,67,19,30.72982427568036,65.54742160119115,7.040454483397784,68.00352593265816,blackgram
25,64,18,27.86473201051945,68.02841368675212,7.104918661706095,67.47610309617784,blackgram
49,57,15,27.771850716297553,65.72923018162973,7.568498505355944,63.337046510734616,blackgram
36,78,19,28.11089302777892,68.5911157480565,7.117262758406552,69.86418265670486,blackgram
29,65,19,34.220065025798725,61.48586235681513,7.090744804198123,70.04757660763791,blackgram
29,65,24,33.04148462344591,65.22585294611865,7.576034903424322,71.14865478545714,blackgram
25,65,17,28.558820953941293,67.95989863617372,7.144745886888387,67.67574671214216,blackgram
20,68,22,26.008414780359086,63.98036768268286,7.686789949202018,63.35774393955402,blackgram
20,62,18,29.188673216800144,64.94004679598169,7.382171700502648,61.97037517252081,blackgram
25,64,22,27.139508888601753,64.10308002878449,7.198224526308808,74.38561649059189,blackgram
25,66,19,30.950571130646612,65.76191407854579,7.029168876248077,68.09095400064678,blackgram
47,76,18,28.22175959466387,66.363138377839,7.379693005063678,60.75576259606028,blackgram
48,63,21,29.563410110941312,61.62562588073716,6.837935211528853,64.73268973515502,blackgram
38,69,18,34.09552204371076,64.85473625530524,7.735974014648045,69.1944301585887,blackgram
22,69,19,30.823508461937816,64.2983176061851,7.24206101661653,66.71033496645501,blackgram
39,73,21,27.084377159313487,61.11088164224788,6.93652524501651,71.16832914818198,blackgram
38,62,22,31.77947420086291,67.7312508992975,7.159340498145324,63.23122011836826,blackgram
41,78,21,26.20661613482055,61.54128641459395,6.661584932494715,69.95805718067597,blackgram
58,62,17,31.441795562898523,61.372503616575266,6.791595277927337,65.51076498237634,blackgram
40,62,17,30.23007643747164,67.03049007391358,6.855074338067451,63.42397912384399,blackgram
48,60,16,27.64879291802717,66.22605574236766,6.6754176305610775,72.00796153498149,blackgram
54,71,15,27.77698974624152,68.14733591435386,7.011402719081474,72.70257033592587,blackgram
58,60,15,30.647084955190337,64.49509818902582,7.3985464665252145,62.79326508832381,blackgram
56,76,15,28.769624577343247,62.99132667703745,7.098690804623973,64.40682234740855,blackgram
28,66,21,29.760571848859744,63.478861332262326,6.641021710129468,63.00158658341657,blackgram
56,75,15,28.82422094717813,64.94547662192619,7.241452757850227,72.73535758804687,blackgram
52,70,16,32.34206772828774,67.03749631184337,7.4320818196194285,68.32378450137139,blackgram
25,62,20,27.15719327112775,68.09825639635731,7.064319679448828,67.27259086088618,blackgram
33,80,20,30.484595459170656,63.97473058882094,6.546320583971621,71.00131847517875,blackgram
50,71,15,29.06916373213278,68.29513148118659,7.097132359441275,72.85802149542127,blackgram
29,69,15,30.481667805792814,63.60191021211828,6.8818102866460285,74.03896216696579,blackgram
20,65,20,27.270797512119653,64.42051100779196,7.553539247784197,62.6094854784005,blackgram
21,70,16,33.61178113909487,63.688196657814736,7.4006285290664175,62.93320491103679,blackgram
44,58,24,27.584817543791534,62.75937771258568,6.8992241680163024,69.5653499807526,blackgram
32,66,17,34.859840058977355,65.25515561378906,7.222737571874011,70.16969824732614,blackgram
54,60,15,32.66623461875941,68.81065858860319,7.180286924695762,63.77354774943889,blackgram
56,75,15,28.90939210970421,60.81845943924106,7.3940251531540575,64.3133059251402,blackgram
53,70,16,33.57249395557826,66.30606561485425,7.32235185784015,66.54374954174745,blackgram
25,79,79,17.27701689545464,15.956405595656811,7.3830923490954925,69.20237931653541,chickpea
36,55,82,19.46813779574734,17.76361263486849,7.99918341225138,79.36816144108072,chickpea
35,76,75,18.393816801927393,16.63366008396398,8.732175899985938,70.49128876266288,chickpea
20,60,78,18.40411275325196,15.135701773309592,6.379021747338817,90.2020366739938,chickpea
24,67,77,20.082494509726924,15.150027881768072,7.67926034801638,85.78093534901,chickpea
25,58,77,17.755586685658812,14.929675143957185,6.612361229565194,72.84692799441981,chickpea
49,55,78,18.798429753511645,16.545597307920055,7.955577815373407,80.62117756726019,chickpea
36,66,78,18.33935613830328,18.506696661187792,6.7490652438496594,77.65510084472508,chickpea
25,78,77,17.379260894642115,15.855641611615734,7.30561930234731,68.0801739747726,chickpea
57,66,81,17.562633146218488,17.83911813783564,8.087597584617685,72.83177428030999,chickpea
36,61,75,18.054781437258903,16.736379552321488,7.545934291420493,90.44786771985679,chickpea
32,75,78,18.943651657841432,16.72847722138578,7.473358491982986,69.42167990712522,chickpea
44,60,78,20.07040096506874,17.92472681373928,7.034430887845657,83.12724355372032,chickpea
38,67,77,18.596715524002725,18.244600905587383,7.138844204719464,79.05755738351232,chickpea
37,69,83,20.05350152959854,16.239872751467047,7.639255241620727,83.20585540424166,chickpea
58,59,76,19.227053397667664,19.186373287781972,6.919175993151083,91.26324381773024,chickpea
34,66,80,19.403034449144467,15.74394547309397,6.145722277068269,85.35825293747293,chickpea
32,68,80,19.284082753329294,15.57489770587036,7.424686940666753,75.68043326800976,chickpea
28,74,81,18.252480257225464,17.929227089261413,8.556661944188576,82.15223893521951,chickpea
36,65,78,18.322962203108816,17.93226764898378,6.529672226826291,76.78106513284801,chickpea
43,70,82,18.426246684392417,18.529304478476487,6.897808771941062,78.68947821221073,chickpea
51,69,76,17.983132708883943,16.262910042041536,6.970254364550942,83.94289238343245,chickpea
40,71,84,20.250085338433134,17.46864995881411,7.813012536766884,81.11201949851089,chickpea
56,56,76,17.50230241515467,17.73401623802421,7.653564844306442,87.46559719282189,chickpea
40,58,75,19.071465804491627,15.947623657904282,7.2672914999274685,88.49886191534358,chickpea
35,60,81,18.886149011232963,17.062899261070548,6.765096147045088,77.69107899136382,chickpea
55,71,78,19.442153623504506,17.998600076712922,7.684928383754538,71.83067348521878,chickpea
28,74,81,18.663577110017147,18.203421886388835,8.486587392440875,81.34213017656772,chickpea
46,75,76,18.30000410289232,19.596145940137923,6.952373698520473,83.82860844059712,chickpea
52,60,78,19.457420944505174,18.225016977443712,8.382036874583417,75.64105450191113,chickpea
55,64,78,17.534351495831068,16.564259366818796,7.8955175835697196,78.58899778909203,chickpea
30,59,82,19.071797550446774,18.63177929057454,8.088761074570591,92.20511290702747,chickpea
44,61,77,19.429143149064114,16.04770851600569,6.5622073828782685,81.19855712789924,chickpea
57,67,80,20.362875209830623,18.17079095398981,8.37506686058318,93.14742358497169,chickpea
41,67,77,18.964927580117305,16.106526359090047,7.116207605199532,78.72365700734612,chickpea
42,79,80,18.6852695098016,17.93526230936677,7.252008687598168,79.03519296886307,chickpea
27,76,82,19.92301781455646,14.55517157621397,6.491268921592947,86.37981394671158,chickpea
53,59,82,18.61382852207329,15.557263799697616,7.201945610857623,83.40280169101462,chickpea
23,72,83,19.00078916774804,17.154762421786387,6.956314283801536,79.96747231824953,chickpea
30,65,81,20.537578104500962,15.601142295515618,7.107491022806292,76.96609880356164,chickpea
42,66,79,19.633980998929733,15.65567489021065,7.591117427381854,72.87142878196713,chickpea
23,77,76,17.879865332053956,18.942427489456485,8.64688850556864,77.40545080803209,chickpea
57,57,79,17.673110816323664,18.88078648831933,8.658221754151366,69.29553806799849,chickpea
52,56,77,18.690107047502593,16.860193707991733,7.919349399434272,81.4621763811175,chickpea
39,73,78,19.98903648053715,15.968180409032897,7.6065685396297384,69.09068393564756,chickpea
20,61,79,18.69231391551729,15.676435745485609,6.404242023289926,89.48821504383409,chickpea
53,60,77,18.787650447161262,15.365978236801809,6.4646480292456205,78.19175581095861,chickpea
27,58,81,17.570486539788117,16.417008552463543,6.294609938309156,93.45052725247066,chickpea
30,78,75,18.84191811152314,16.02403164239869,8.069997717068121,89.72326399813309,chickpea
23,59,84,18.55426697136975,15.1172798677834,7.471132358978518,94.48281765618759,chickpea
59,62,78,20.80477998191725,19.67143617649275,7.106750657634161,93.8774986861179,chickpea
25,72,80,19.111858034703204,16.30002248291932,7.199061778760154,81.70397014332042,chickpea
57,67,80,20.35816797866555,18.16210629505299,8.372506589858972,93.1443988182765,chickpea
55,60,82,19.20677145433119,17.549181454642298,7.11635371680906,75.53257232319669,chickpea
22,62,82,19.27993939644554,16.388196944053394,6.905588867537328,89.85767462702208,chickpea
36,66,77,18.35706741540708,19.127284170588393,6.9860876837365575,78.5993700825893,chickpea
48,64,77,17.625134217512883,14.458387721535372,7.635081876695876,73.70067248591918,chickpea
52,72,76,19.473427944042626,17.193656820886076,7.261054682897539,75.5271136525324,chickpea
39,65,79,18.93684102037178,15.8755117449189,7.115555190072081,74.71479869371771,chickpea
36,66,77,18.3451154813195,18.708498954566885,6.826140066057542,77.96215777848835,chickpea
28,74,76,19.430526503065565,17.505936150886793,7.186603669367304,86.04025328209806,chickpea
23,77,75,17.760149470316094,18.16659205533006,8.405662244597549,75.45871740468678,chickpea
23,64,77,19.347102036649957,14.952764457180335,7.179823539309362,87.70197799340042,chickpea
30,75,81,20.689238638484102,17.6861125145294,7.579345999102282,79.49006601007656,chickpea
39,71,84,20.28106608247215,16.412160685977152,8.135691675538743,82.50129347501702,chickpea
20,61,79,18.662559424407693,15.620609238606518,6.401638229222372,89.5619114827432,chickpea
39,60,84,18.30274365559775,15.644280515659194,6.136548022944618,68.63262147241595,chickpea
57,60,83,19.153797557774947,17.079939254745618,6.5817206878568095,75.73747002247673,chickpea
26,58,79,18.65645330675567,15.203332521643205,6.829574585928805,76.05443442354476,chickpea
33,75,80,20.594014675733504,15.894412517284426,7.905356459950378,65.40346491483625,chickpea
59,67,82,19.333027716145192,18.536796818642223,6.85869781294855,86.4392062019283,chickpea
30,75,81,20.747183356093593,17.8632499741438,7.6311639778523235,79.28188319960542,chickpea
36,70,80,18.810508922907236,16.183331178521506,7.30221526436094,72.25482405290659,chickpea
25,78,78,17.298620358483063,16.53830994785703,6.8247084945376795,68.6806002782407,chickpea
30,73,80,19.697175419933608,17.842781449898446,6.7051507082794775,68.87208317855944,chickpea
52,63,76,19.949208058724164,17.015555071570777,8.608462616297814,76.77806047633872,chickpea
59,60,78,20.658705197144617,19.380503752756137,6.696846317939514,92.20989198965869,chickpea
39,72,77,17.078148332662277,16.94934663253835,7.49145052400874,88.55358847670479,chickpea
22,65,78,17.188100271975735,14.542070708947072,6.275782321649434,72.85033917745925,chickpea
32,75,83,19.45593296582009,18.459794602772796,7.104144345286301,68.7695299733661,chickpea
58,70,84,19.82362287078262,17.144011948287947,6.561320573113131,76.65367003321596,chickpea
58,55,78,20.303487482194637,16.92247385537322,8.735560595741406,82.21367278091148,chickpea
50,57,76,20.52750068311799,19.367256307413584,8.092029651161868,74.15160242595888,chickpea
53,68,76,19.97020471170745,17.196144872504778,8.07441788723619,75.62831183792088,chickpea
28,74,79,18.53910173307056,18.442024014340213,8.202079763476466,84.10006262137685,chickpea
30,66,81,20.234611518716843,15.377730367042048,7.211414389864767,76.41049900206394,chickpea
29,75,81,20.373550978490368,17.30325862838668,7.532940280774568,80.15347643692435,chickpea
45,75,77,18.19360581977179,19.591677084321436,6.985847916987747,83.91566936981432,chickpea
27,74,82,19.999832512033837,17.52180652072698,7.288783862536209,79.53518666849997,chickpea
52,71,79,17.847903194038622,18.841897807578803,7.979019978884938,93.93177129317579,chickpea
25,68,77,19.91253078903198,15.253179407934851,7.634099013453595,85.1559214977465,chickpea
46,71,83,19.416900741714677,17.87834753404936,7.196932803627272,79.71112112560269,chickpea
52,67,75,19.799886394695633,15.991645988477455,8.234451925529315,78.17132183926338,chickpea
56,56,77,17.846977975061936,18.90898608066809,8.737670993814673,68.72279009362883,chickpea
45,76,77,18.39123180622549,19.591788884322195,7.0792037944105335,83.28443043012484,chickpea
57,62,80,19.742638987517516,14.749224143860735,6.545172027264933,78.98014824061693,chickpea
56,67,78,17.45905834141376,16.88560186403511,8.205688846113873,76.38256500928948,chickpea
42,62,75,18.212597612296115,18.782381960226978,7.014834776213511,81.72049338085976,chickpea
33,61,80,18.94332018964241,18.710542446005427,8.384540048722819,91.38592833863045,chickpea
37,63,76,18.528715117503587,18.569477234737224,8.124850086278958,78.50699270820694,chickpea
26,58,82,17.82420758872823,16.081803140129384,6.598039944732314,93.71675922419304,chickpea
46,65,77,17.82789624494756,14.739303937495253,7.673804857558593,74.49859353832987,chickpea
27,77,75,17.567189014655334,16.146441565652296,7.933998060249679,73.56772229811702,chickpea
41,73,82,19.320168742816357,14.470674812183958,7.478160453386134,66.03902336542595,chickpea
28,56,84,18.74904856632712,17.42704422949281,6.944611807396518,80.57975767888388,chickpea
21,62,80,19.07937520139895,16.40265483823744,6.438113477392321,88.52953494730693,chickpea
42,66,77,19.021484624474052,15.894923629121882,7.164579940183618,78.4578136181972,chickpea
34,76,79,20.598538909377375,15.822622946431961,7.998176313859413,65.57042946016568,chickpea
33,75,77,18.839787379554892,16.711778802128677,7.706586141004269,69.62460550003094,chickpea
43,77,80,19.594306234512633,19.13782015851922,7.649431237782102,79.77340939140284,chickpea
49,55,77,18.67046221921955,16.08746334079656,7.707609611036915,81.31673413162616,chickpea
20,78,76,18.421629602297305,16.586149295578007,7.826601139676296,76.32547961580097,chickpea
34,76,79,20.50811806480298,15.897532684712937,8.034517083595299,65.5835100819913,chickpea
58,60,80,20.01375611570508,15.492766881230754,7.329618278630521,80.15502363656068,chickpea
24,73,84,18.993830184210616,15.302536523418494,6.34208946727494,89.04603311532132,chickpea
37,66,80,18.88266603251686,16.66335014911894,6.278939452967865,72.85265029653073,chickpea
30,72,79,19.898436192467795,18.59085510928475,6.91897578228265,69.14374118828172,chickpea
59,67,81,19.626311054800713,18.677708323339868,7.187087244750296,87.69547703215277,chickpea
55,66,77,17.63350608521606,16.646592113341967,8.157686683929056,77.80574593244326,chickpea
43,73,80,18.92160967340716,15.820219332908003,6.669634696105749,67.30105566283228,chickpea
57,68,81,17.722880972869394,17.194100701082046,7.787591999842885,73.08400091996879,chickpea
43,78,79,19.50112291522406,19.05924061190053,7.727911673754624,80.0114885859764,chickpea
51,56,77,18.67996963081752,16.658524694594554,7.902731741135988,81.53472653551584,chickpea
27,78,81,17.1059842537879,17.351188828492297,6.442095206864489,71.06182004337455,chickpea
39,58,75,18.529439403959696,14.731922762795257,7.199031258546673,89.21097204083406,chickpea
42,61,75,18.586255144663152,18.019273641304665,6.848267760342089,81.74984084174066,chickpea
42,79,79,19.36277529438439,18.91556628236797,7.77238243227957,80.17535090595109,chickpea
39,59,83,18.163835402697792,15.374248713255106,6.344029086526807,69.60767911682629,chickpea
23,56,85,18.21233994645659,17.449418176627955,6.579253834325241,80.64174731236845,chickpea
57,59,77,18.98370554124961,16.90103621932044,7.632681249226025,80.67250174485203,chickpea
53,60,80,17.996863956679974,16.01436811008953,7.359709333132168,81.23863793695568,chickpea
29,76,75,18.913532314140884,17.428118229926454,7.568727351119035,88.75359882023288,chickpea
22,72,84,18.949723852391042,16.44689480554644,6.674402784443711,83.91551267472495,chickpea
55,56,78,18.15142328109888,16.9173604285337,7.44604982046776,87.76730036183311,chickpea
22,67,78,17.315208061961272,14.691072243330511,6.25738969098473,72.19777231418038,chickpea
43,58,77,20.569317132913948,19.595840337042294,7.577118464928567,85.02888232924639,chickpea
59,60,78,20.521596056675588,19.703942346452536,6.472832723877965,94.11289922426782,chickpea
31,66,81,19.987279975705942,15.429034129662925,7.266908795707623,76.22053285787327,chickpea
57,62,80,19.79811836325045,14.705588930574004,6.510771710878698,78.94338090102072,chickpea
59,67,83,19.114634880160796,18.450234312658818,6.6921281109585316,86.14058420404507,chickpea
50,70,78,18.602665890309844,15.177591901613479,7.18350644244202,80.9474789126517,chickpea
51,58,77,20.163505286760884,18.98352175978513,8.18968088279615,74.65320249256501,chickpea
33,75,81,20.27931344245257,16.756729887445317,7.742575490300153,66.36823804742059,chickpea
33,63,81,19.494094771090577,17.183513636921948,7.17199976631581,87.74997470506526,chickpea
58,69,79,19.114961934048587,17.880404158995304,8.118233405793465,69.64401095496832,chickpea
49,69,81,18.393404489164524,15.488394580855589,7.2268795011267235,81.99851092146721,chickpea
25,78,76,17.4253626416722,15.992897464105976,7.1065263761307405,67.4879557256364,chickpea
24,55,82,17.873196783246655,16.591868607523132,6.583450674097226,78.79978389570535,chickpea
37,59,77,18.699758634457027,18.197331077808002,8.586871602636371,76.16979939897443,chickpea
53,60,77,19.01905132876361,16.190722290836366,6.908290077672192,76.9259511201719,chickpea
43,61,76,18.928725718753146,17.274835552263973,6.711742384352316,81.66561004087134,chickpea
31,73,81,20.280845138561002,15.34135009964326,6.02762272895961,92.28986303662198,chickpea
41,65,79,19.24047837315741,15.499865909269888,7.613078166617862,74.64017610431472,chickpea
41,61,75,18.263676463652843,18.70773594517464,7.343853048140048,81.14652538189463,chickpea
30,71,76,20.415365706331237,15.965896410719761,6.706599944747641,89.71277336776946,chickpea
27,78,80,17.14441336912594,17.170426067946828,6.571262390485358,71.24378989339945,chickpea
54,69,77,18.31997944592064,17.198656207339376,7.931331777404177,76.36415978730209,chickpea
57,69,82,20.017760555850444,16.63095555053342,6.649461203698426,75.31536680720886,chickpea
28,74,81,18.712226532461433,17.199688899211527,8.17864955693057,82.47160822473322,chickpea
45,77,79,17.864699659255567,14.657201222062195,6.810458093489979,65.25673661195913,chickpea
57,61,82,19.545584943731132,15.665017927636008,6.542389686121053,77.65449794644097,chickpea
57,68,80,17.244516306599024,17.326512278367428,8.084378453705735,72.6545448611265,chickpea
59,64,81,18.768569595059123,18.70375806331026,8.12766853768643,71.59679659501667,chickpea
31,70,79,20.800510395585125,14.362498327363765,6.462739549382233,91.00212293753063,chickpea
29,76,75,19.347385548958343,17.817179195293136,7.457291248795771,88.89670509852202,chickpea
32,68,80,19.001689728066587,15.63347424066047,7.488048180241561,75.46353770546871,chickpea
34,72,77,18.072161588808953,16.10515061594429,8.049721390728141,73.32756156006587,chickpea
32,65,80,19.91557522282877,16.73801101100272,7.1204931361074815,77.62523315765839,chickpea
58,70,84,19.78895727471937,17.166371411169322,6.575103040196079,76.73673744768726,chickpea
26,60,84,19.261977375469584,17.072856419422063,8.316604652425472,93.28327777169807,chickpea
35,63,76,17.8502916856526,16.58357482817998,7.647354302009597,89.14809195890734,chickpea
26,79,82,17.078299836353086,16.631441901681814,7.103073690839552,71.15730367399556,chickpea
32,75,83,19.459303437022232,18.60645647328926,7.165793385326879,68.79384652099004,chickpea
38,76,76,19.995356103075988,15.58392144965238,8.130003836953822,69.00400062806226,chickpea
36,65,78,18.321608094522606,17.884820879897074,6.511550771264701,76.70887140705437,chickpea
43,68,81,17.565899191020616,17.987803893529385,6.774213516788361,78.8991988012824,chickpea
44,71,76,18.49683635891923,17.344893431581355,7.007658301529354,86.92267156346169,chickpea
56,67,79,17.341348030440596,17.05629127895601,8.154929748764248,74.91743258840239,chickpea
40,74,81,19.90442778433005,17.510706902441317,7.996677650848677,81.54275094722637,chickpea
50,75,77,18.64021425076921,17.38941024401257,7.425387505595815,73.30779844827026,chickpea
31,70,79,19.64104460964363,18.865905725429016,7.424723482919622,70.98470620749289,chickpea
37,66,84,20.490755870201216,18.78776519586488,6.495151459165839,78.17783503826385,chickpea
31,74,84,19.278973818900404,18.841740569731463,7.033197510953754,69.5056095393575,chickpea
57,56,76,18.465247905151035,17.682773605932443,8.196562973919086,85.16882533944732,chickpea
42,64,79,19.25310484711258,15.249375980285434,7.71354158849474,73.78352405189975,chickpea
31,75,80,19.960753540836006,16.384554002936465,7.099365133823392,67.06811544345646,chickpea
42,61,75,18.774694258580308,19.130845816906564,7.15097594843962,82.54989077719954,chickpea
28,77,77,17.36344151097807,16.140162133685937,7.307455455766404,72.28093367809156,chickpea
36,76,75,18.794012855776543,16.36110442802273,8.580169454840409,70.1660687616476,chickpea
29,59,79,17.556161564245265,16.79673115316371,6.545816348163927,92.7477560508145,chickpea
56,62,79,19.435163413625187,14.893516525834018,6.398812540197594,78.4279392965316,chickpea
40,75,79,19.63769174842985,14.971210903758381,7.860854832987936,67.58493519408145,chickpea
52,60,78,19.13489601943516,16.73592564013666,7.300858338515917,76.5807772964646,chickpea
57,60,83,18.898189461247334,18.024809915549465,7.178068948349932,74.50075551343797,chickpea
58,64,80,20.409334114537465,19.13604780256437,8.412452915192498,93.8972004607363,chickpea
31,70,77,20.844453267369456,14.431120079393091,6.442198331118761,90.68439513553011,chickpea
30,75,81,20.735954546783326,17.7427677763708,7.586213183210777,79.39189359286524,chickpea
38,70,83,20.243809032439458,16.36961591936587,8.057801407133107,82.63636276055132,chickpea
53,61,77,18.601855961732188,15.082018535675049,6.459490885630659,76.86268781416058,chickpea
45,77,79,18.113662734405022,14.589887936462405,6.941732433779075,65.35029431796274,chickpea
53,60,77,18.839689962887896,15.346588504094512,6.3004799220560095,77.46038086508113,chickpea
23,73,84,18.95217303290667,15.420299079846625,6.358346478512583,88.86865735913523,chickpea
51,73,83,17.708222067942,16.243637496422757,7.556059607957453,82.80082650824279,chickpea
31,78,75,18.20487797699136,15.561106091814136,8.360221200903714,89.523784322271,chickpea
32,73,80,20.40929872911969,15.355083401968153,6.138685991810859,92.35037401426501,chickpea
59,69,83,17.49863190624417,18.720427794845136,7.465531902037058,82.88440384868817,chickpea
37,56,83,18.832484735056493,16.982160869498955,7.459021021373045,74.51335968075209,chickpea
42,72,82,17.364626877878866,16.990028848746537,6.479510655800779,77.87412847047845,chickpea
29,75,75,19.18763672525699,17.924429010747666,7.374348888395617,88.6398000604308,chickpea
44,58,78,20.566606564639883,19.65609220073471,7.6132424278230895,84.61794810076613,chickpea
54,61,80,17.842173249266008,16.581108825679753,7.2921061720427405,78.59007844186901,chickpea
39,70,83,19.963464982621705,16.569768529260156,7.9843321383398616,82.11460693881159,chickpea
30,65,82,20.729267361120506,15.529293563036255,7.059064332272087,76.86800345421734,chickpea
23,56,85,18.218999544331492,17.46748258953273,6.595956184574521,80.6423515316513,chickpea
27,74,80,18.012054545203334,18.312863083829228,8.753257719439748,81.96265474933521,chickpea
41,62,75,18.189760620492436,18.941118670579325,7.018517689296004,81.70547021152727,chickpea
57,60,83,19.290137527703564,16.587554001660784,6.568033704084149,76.40458575635294,chickpea
54,66,77,18.7627589229986,16.5828201000496,8.466377484902033,77.60051758004127,chickpea
31,65,81,20.000284160943806,15.690363543957304,6.794124892324988,76.21866308455796,chickpea
30,65,82,20.721062315227194,15.39218185836072,7.083495513210811,76.8193326474038,chickpea
28,75,82,19.540871677065393,15.072380707681894,6.195829217055433,90.57481580716909,chickpea
30,69,77,20.758608764276754,14.451880892627825,6.689640483648889,89.69385587013431,chickpea
42,66,76,18.88572624612351,16.331424140890398,7.1005816336981695,79.11682208835872,chickpea
35,70,79,18.266351755056697,15.981683494023828,7.565312831939997,73.72442178486591,chickpea
50,69,76,18.76252816697892,17.349866506214525,6.7338604860412135,85.78016757886299,chickpea
23,59,84,18.535634031362832,15.141896912226919,7.44884885853739,94.46326593047249,chickpea
44,59,78,20.20373653877015,18.349989614692916,7.158891326437272,83.49233388777081,chickpea
27,71,83,18.560604964237957,18.667683275963707,6.451763656906597,71.66080858993226,chickpea
34,76,79,20.555974160810212,15.805778518694822,8.007478975202087,65.81272597777556,chickpea
33,65,83,20.825896752761526,17.144034148517118,6.77134258374347,77.4411910407615,chickpea
52,60,78,19.30380263991564,17.530855944418338,7.87324001490204,76.07749878017914,chickpea
51,58,77,18.746589466323563,15.61877569393676,6.900162949031911,79.28670090226068,chickpea
31,69,77,20.680543863193467,14.52178476886378,6.44405574062686,89.74867598369148,chickpea
23,71,85,19.07857727654242,15.512370171436284,6.392706025499982,88.93590743635313,chickpea
27,78,81,17.622501222575025,17.36615438527575,6.331012603493402,70.3090501834105,chickpea
42,67,81,17.79688874705789,18.02303815842976,6.73340463488281,78.8420040487941,chickpea
25,58,82,18.031788263187707,15.807556419703689,6.846289767313767,93.93457565086977,chickpea
58,61,83,18.761143233657187,18.534272003262508,7.572898238539507,73.83952164839799,chickpea
59,69,83,17.855993475172156,18.657489463867485,7.279443801897303,83.4671686340397,chickpea
37,76,75,19.203886720962657,16.086126602803326,8.4251114934706,69.81409133317082,chickpea
51,58,77,20.03611339647709,18.849221518961137,8.22385707049229,74.82875356076792,chickpea
43,77,80,19.637249884068467,19.17403364112547,7.613263430441434,79.66369029600723,chickpea
33,70,79,18.510222636194584,16.879370653055492,7.625559800003668,73.39654054361952,chickpea
53,62,76,19.26753039319964,15.613740389744304,7.036631865057734,77.47524431716931,chickpea
42,66,77,19.19760931606966,15.627440063400059,7.488990669729289,76.91085754439315,chickpea
35,56,82,19.476255237750333,17.591724223257014,7.717056419572833,79.9787015332632,chickpea
58,62,81,19.825860268514855,18.93770706156254,8.107198283852338,94.2410532068809,chickpea
22,62,83,19.195151419978792,18.511860745386336,7.6261727759475555,83.62582359700255,chickpea
24,60,84,19.060013793276262,15.958539231244796,8.075498883560275,93.9993314889802,chickpea
31,69,77,20.534980475550217,14.661041552724463,6.410062699851298,89.24841755524749,chickpea
52,72,76,19.567386611203606,17.546927199545454,7.286247811969223,74.79070448475416,chickpea
52,63,76,20.002611356220616,16.884219271785682,8.63305024963756,76.90152826667322,chickpea
29,76,75,19.367738683907742,17.88318898939023,7.428428290772207,88.86448632254026,chickpea
28,75,81,19.959594397874305,15.2203308404809,7.153039280149896,83.3381100549757,chickpea
40,75,78,19.68416877155444,15.055825812569532,7.899512155240968,67.80596975281252,chickpea
57,71,84,17.939801667813068,16.645443035737784,7.450159411317852,87.48953937455376,chickpea
56,56,75,17.22074715837896,18.07952944355242,7.791510782370223,86.8130129233119,chickpea
42,73,82,17.35818617978326,16.936529572537054,6.463498575736551,77.81472799615283,chickpea
31,71,78,20.69733305146297,14.794373351155718,6.272827719903066,91.43158317883824,chickpea
33,69,79,18.479216276697926,15.741850445322516,7.605276874161498,75.06224531150127,chickpea
50,56,76,20.960952710567422,19.824214058353828,7.975744871853044,73.55428837194845,chickpea
24,61,81,18.59521183420216,16.893128385998263,6.343668898010498,90.10482185740165,chickpea
32,78,76,18.34028505819745,14.94346824753436,8.28324997191767,89.10738345826145,chickpea
22,63,82,19.467370448059075,17.27431372466769,6.561524933872316,87.2179048316433,chickpea
43,68,81,17.541207121024435,17.73878989381134,6.799392495913952,79.13661240648084,chickpea
53,61,76,18.923552754690448,15.313550787536634,6.409875031383352,77.52636202430075,chickpea
58,64,80,20.49699380489136,19.16584603269808,8.458313627964417,93.8455408611504,chickpea
27,78,79,17.1991475569228,16.91296755516705,6.7552338616812495,71.50296765112343,chickpea
58,68,79,18.96585383160686,17.78085358592803,8.17215530555719,70.04080130949019,chickpea
30,75,81,20.3574269540537,17.926882045146332,7.7911782573826045,79.6672700501999,chickpea
30,76,82,20.768729188127367,17.071677389169544,7.394426892842372,80.19250133100171,chickpea
32,78,76,18.273172194668795,14.948343958307197,8.303932212698651,89.12512991084158,chickpea
26,79,82,17.06587293541765,17.534427166065722,6.3120972945627285,70.87333399034702,chickpea
35,78,78,19.23117025095231,14.878745952831194,8.00870495780273,88.87180936715134,chickpea
39,56,80,19.924393542335384,18.726036515271485,8.106968575654541,80.88276853241646,chickpea
51,58,78,19.85869072560774,18.662177372176682,8.27145531624933,75.07324902531549,chickpea
44,58,78,20.504123952657984,19.542350972874022,7.621413122316409,84.52278386630371,chickpea
36,78,78,19.85433826240699,14.8334731567235,7.816662625196712,88.70702692481062,chickpea
40,72,77,17.095039833622785,17.144657543928275,7.456013713685737,88.27334364915892,chickpea
22,68,80,17.89772390423733,15.492552075126204,6.486631780516535,75.32516141500953,chickpea
56,68,80,17.441656912619557,17.389136493530636,8.000425684020042,72.8778947808062,chickpea
55,68,79,19.739695953476517,19.13825401042545,8.423532498405482,93.70387194123263,chickpea
53,55,83,20.160903168810755,14.858585900586007,7.147831105053151,87.59113184476917,chickpea
51,62,77,18.326519911851644,14.90621816472472,6.790887807702635,75.9713215521802,chickpea
35,64,79,18.767111871499672,16.48627143712378,6.7501196389825395,87.41193182426011,chickpea
34,66,80,19.71904330718807,15.441627850818717,6.2195190069385715,86.44428217366188,chickpea
29,71,85,20.15972564067821,14.764002014773526,6.400575989720187,91.1206774680534,chickpea
53,61,79,18.19693650042078,17.055157659532416,7.810482900581603,78.0789654327393,chickpea
23,65,77,17.43415196323571,14.498954735452473,6.300876596720901,71.76912862432087,chickpea
22,69,80,18.006621244064984,15.651505478751604,6.528684045974715,75.77144412896395,chickpea
58,66,79,20.9332051084213,19.305621277482764,8.650416861976291,93.29352049852835,chickpea
30,77,75,19.045137659188548,16.836921312682477,7.885911614986303,89.37515999383236,chickpea
56,67,79,17.336389234476066,17.06348193179602,8.152791414364996,74.85571078445733,chickpea
42,72,82,17.377104783583192,17.093675831399988,6.510531706967236,77.98920815693867,chickpea
53,62,76,19.185739244961244,15.542361179281077,6.887601360299741,77.4873991071717,chickpea
52,72,76,19.60371001236139,17.683497694518753,7.295987202292021,74.50601669143278,chickpea
51,68,78,17.548330817801265,16.838840803010317,6.924484491782363,85.72588666012426,chickpea
49,71,76,19.565090745504815,17.704842230854446,6.686055485617274,86.08019152769182,chickpea
36,59,81,18.968985005378592,17.462753244401434,7.435279894644559,76.95976687391905,chickpea
37,57,79,19.11859635433079,17.932797050563043,8.610200941142809,78.23084159937785,chickpea
57,57,75,17.223225101563898,18.19748258367862,7.800715404414752,86.78363343911047,chickpea
58,62,82,18.67900113141883,18.845858418150982,7.972917382280635,73.44719761210895,chickpea
54,61,77,18.648821155382954,15.361027509215415,6.364820928354903,77.77909136729187,chickpea
40,74,81,19.88962815356374,17.55447638823062,7.991020908486035,81.50426780661036,chickpea
58,69,79,19.183918105867097,17.905314137680687,8.026913679429928,70.10485358026781,chickpea
55,64,77,18.08339470516527,16.100526207424195,7.412843077432827,77.70541940876653,chickpea
47,75,77,18.018174556983627,19.477232884923637,7.161884241687772,86.02927712527926,chickpea
57,56,76,18.66481233246602,17.60019373471472,8.256325156902086,84.86304322858463,chickpea
25,68,77,20.10510029471751,15.101177132049282,7.683658746763949,85.81839927157465,chickpea
53,62,76,19.331653618732986,15.66970078777644,7.15346989550196,77.46571511556964,chickpea
32,68,76,20.118755741772922,15.145630213467397,6.798462945697757,90.55210776820752,chickpea
30,76,83,18.520379039088866,18.261417312339496,6.859392740924057,69.62260931379639,chickpea
27,73,79,19.15697367539717,15.679103225503585,7.172971941694108,83.880007338145,chickpea
57,71,83,18.267954564254033,17.84503964789565,7.141584157494931,84.7609865145994,chickpea
30,70,76,20.80790630550536,14.602062596007926,6.5288903296721745,90.33502378899324,chickpea
38,60,75,18.63318264744609,17.848871688825675,8.800320120001505,78.07240176031223,chickpea
59,62,82,18.643948865365836,19.03904287952518,8.112556116709099,72.47513783723397,chickpea
48,55,78,18.68341110612892,16.227987053421824,7.859503175807766,81.74974447630466,chickpea
29,75,75,19.563579235680912,18.51834394367853,7.150705097800025,88.55447300609488,chickpea
40,71,80,20.00672345294193,16.3062540932114,7.153449433706919,69.03341045450536,chickpea
35,76,77,19.44089843870294,16.26910206396129,8.386668971430417,68.06077187080776,chickpea
43,77,80,19.602331169094064,19.14458741821621,7.642672513480262,79.752906044063,chickpea
48,68,81,18.2428894613353,15.584695376020955,7.219569538452643,81.5381940599961,chickpea
43,76,82,19.863335361915382,19.364686801818998,7.422850736367573,79.08605205687259,chickpea
53,62,78,18.2292098422259,16.39861386121002,7.826530319948366,78.87706091771223,chickpea
53,66,76,20.075315783552956,16.82727849268983,8.38120829382688,76.44080871939583,chickpea
53,61,79,18.231322154880232,17.087443904141193,7.826073961643544,78.01199259863552,chickpea
33,75,80,20.358208863628583,16.07692523550011,7.6052315529676395,66.02332652980131,chickpea
59,62,78,20.769921847712833,19.73355584931423,6.80947516715108,93.93739822807643,chickpea
43,67,80,17.977017851393942,17.25184728952945,7.067104253133356,77.83061159236219,chickpea
44,68,81,17.708187891242265,17.226175650814596,6.8993828792544765,79.70812166531059,chickpea
41,74,81,19.40541197430774,14.548328141811034,7.667655839648167,66.48026338156883,chickpea
57,62,80,19.69148768766521,14.760799216215169,6.477879799582227,78.79195195214385,chickpea
49,69,80,18.454832654387555,15.272272614713145,7.224507230128588,81.37989198183354,chickpea
35,56,83,18.92525373791682,19.65319458725677,7.453802513784351,69.62990884351888,chickpea
54,71,78,19.030236550628167,17.883847217895827,7.528472023708772,73.41410381247348,chickpea
44,61,77,19.475572642459767,16.059603087849396,6.50325510085792,81.46561402172543,chickpea
24,69,80,17.944978855544345,16.794545008738034,6.342427425628429,71.95475824797258,chickpea
57,68,81,17.44896250651914,17.782083926643978,7.886366558626257,80.33228210186093,chickpea
36,65,80,18.580043363196015,16.67141344735329,6.163144291296177,73.88015622632851,chickpea
32,69,79,18.785408147188807,15.67833733717272,7.536575827299653,75.2974198804689,chickpea
28,69,78,19.699601778420927,18.951608417455468,7.109488249863372,70.13697894199787,chickpea
35,76,75,18.35309759635462,16.600990180201748,8.705664897763398,70.59820176936074,chickpea
57,56,78,17.450700302077422,18.797268029175314,8.79454725110065,68.39613027901162,chickpea
55,66,77,18.119252533071972,16.656168514365056,8.352153481492552,77.71878680650744,chickpea
34,65,83,20.8425643861433,17.422561247036512,6.7217133711509485,77.54006034325067,chickpea
28,76,81,18.28877911437221,17.157804989980068,6.359745401189116,69.63589383301915,chickpea
27,74,80,19.975949824434853,14.921210745934825,6.949030870865127,83.3128872269518,chickpea
31,63,82,20.449154129236682,15.744887303363768,7.184117425412182,77.57986530436533,chickpea
53,58,78,18.6917676536779,18.422928207436875,8.55375862922998,72.86305688539643,chickpea
27,77,75,17.707588240995648,15.587003323627552,7.753263614258237,73.60380823081964,chickpea
31,70,84,20.652905214937714,14.428762168202866,6.41255961949015,91.91095544825617,chickpea
23,59,82,18.33455410421786,17.846602109798646,7.7855358870876294,78.74630036367809,chickpea
43,74,84,20.171275175720993,19.62436601414403,7.163499051696202,78.29927966662397,chickpea
57,71,83,18.345140030103508,17.89842049340082,7.094452347295885,84.83055185273456,chickpea
31,75,80,19.868102519736297,16.456265508074612,6.981442344553744,67.31166674125686,chickpea
29,76,75,18.71062627556924,17.060723724939177,7.712616184189104,88.83783845523834,chickpea
49,68,81,18.240401889210382,15.455087402709546,7.283723837153484,81.5751133205514,chickpea
37,65,79,18.60872222018447,16.281444874547823,6.577918299774617,74.79543789794323,chickpea
32,70,79,18.98751328993725,17.71783563307706,7.540791994525015,72.37856776449333,chickpea
42,73,77,17.570897573073847,18.204614980773698,7.252355457372705,86.38576196724101,chickpea
22,71,85,19.025592860326512,15.549045850011673,6.392320337953592,88.82883724271862,chickpea
27,56,84,18.581655578508958,17.422870989024634,6.823262701668209,80.59825651668034,chickpea
45,79,77,18.242484719997854,17.6443931711775,7.678130176180471,76.37574190026453,chickpea
57,57,77,17.677378384314824,18.377151763296773,7.75659420956232,89.5226239707989,chickpea
57,57,75,17.828048579600193,18.574015439306883,7.486282871161967,88.65073704416218,chickpea
56,73,84,17.246211088442774,17.976176668521564,7.67869173987298,83.13582094613935,chickpea
42,69,81,17.437947346588157,17.599060967479417,6.661791085327584,78.55033942687768,chickpea
22,72,84,18.903309524380564,15.998591644819374,6.513434079501976,86.52699317821875,chickpea
51,59,78,19.555510193232784,18.342555625294704,8.352791378985975,75.4910438017191,chickpea
31,70,77,20.876239347562812,14.328501612622782,6.4884844011846825,90.5358457156972,chickpea
43,66,79,18.7099251525681,16.25192549242337,7.515883508867274,76.22943988781067,chickpea
27,56,84,18.64516096060221,17.42445422876456,6.869300002432099,80.59123844634264,chickpea
58,56,79,20.25139601500239,16.436054803164307,8.29545280884702,81.56664065694865,chickpea
36,66,78,18.334920363465887,18.35127102799005,6.689703168004665,77.41860938787003,chickpea
54,63,79,17.51826571771416,16.50248822768123,7.751150278333956,78.8978742547437,chickpea
28,74,81,19.19422616417656,16.43483846351047,7.7823400243550225,82.80643612485643,chickpea
55,69,79,19.27471172580071,19.065412543298507,8.314275652194219,93.75988738141362,chickpea
58,66,80,20.215967865936,18.961016024667835,7.847326132013459,90.22125519284984,chickpea
30,59,82,18.804188208188688,18.281740794770226,7.7689390359946255,92.39704460102656,chickpea
41,76,76,19.217253636461567,15.327417799298427,7.674479770065212,67.93497814824747,chickpea
59,68,83,18.799090911709598,18.491391640917396,6.788346757695294,85.00511793512997,chickpea
33,64,79,18.2599373599415,16.081776021518824,6.210526470435899,73.45025732766796,chickpea
33,78,77,18.55209201976509,14.928080594110273,8.217977200828711,89.05137598067863,chickpea
42,66,78,19.403508380337374,15.31473765131823,7.868243942207558,75.1023842112455,chickpea
53,68,76,19.959766946254394,17.232774132281367,8.043952910987574,75.54762907319142,chickpea
44,59,78,20.643299074727206,19.751938022354793,7.569195527296443,84.6959139124686,chickpea
27,75,83,18.074955988979998,17.973323078666784,6.898483803812443,71.4726126392322,chickpea
39,69,81,19.554625257842158,16.459077497419095,6.942438329894474,70.2451993658812,chickpea
46,79,77,17.579005562240827,16.88359934431682,7.604883291592253,74.1690070079052,chickpea
35,63,77,17.88952919744137,15.42388421698023,7.5717034149491305,87.253517749709,chickpea
30,76,75,18.285450612077824,16.290873780991294,8.014125348234858,89.01435682284261,chickpea
30,65,82,20.7211616352418,15.393841561022722,7.083199779917028,76.81992179526556,chickpea
31,70,81,20.74523992064936,14.387310694640991,6.443949771508489,91.34243351663457,chickpea
27,76,82,19.79766478291545,14.613097414603825,6.459461582387207,86.89066923593602,chickpea
34,76,78,19.846782997204528,16.127786940287965,8.25273870063716,67.11862061828538,chickpea
57,62,80,19.567571498381884,14.876732766616641,6.618536750698475,79.01723834331644,chickpea
32,70,84,20.46588148013621,14.611902492217759,6.369768929971949,91.18848301974798,chickpea
29,70,80,19.761138361173774,19.70973100871508,7.038697572325142,70.28343569604533,chickpea
39,67,81,19.46534969759723,16.647824702269997,6.501896805610536,70.87424292073815,chickpea
36,5,29,27.763473023770615,97.37406906012346,5.88649296772327,166.23703251979566,coconut
20,9,34,26.124305456640236,94.2057508719455,6.120480613350567,132.58952619153504,coconut
20,20,30,25.604657136967077,99.67842202893632,5.853751258186304,165.83164743607426,coconut
37,27,28,26.34311680514815,95.03469824049618,6.196353357700642,199.8630263733581,coconut
24,6,31,28.095825472808407,90.04394405102546,6.387539637645275,172.3446575655043,coconut
21,14,33,27.819753616863665,96.50584714385708,6.021900016789198,217.20594008084274,coconut
31,12,29,26.074000493648132,97.65684349638838,5.647734724098547,216.85906911746716,coconut
8,16,33,26.78547712910889,98.27208391943826,6.308775999402295,179.1664566104253,coconut
38,5,29,28.125872361024758,97.57240787266042,5.853562200218939,163.29772464712818,coconut
3,8,26,27.931924316466805,94.13949079743296,5.763847211771336,154.82497788095887,coconut
23,18,27,28.389443113403274,92.33641670420508,6.04844270228224,189.56643058460668,coconut
19,15,31,27.036667525226374,96.82955017351883,5.748080901281424,161.68038334366517,coconut
27,25,30,27.798123909758633,94.95204028534401,5.949986671131697,191.39624658967915,coconut
26,23,33,27.354814339423477,94.58313173238709,5.656550331143504,162.58328405745218,coconut
6,17,31,25.841416475070446,93.65061867546835,5.949925113364566,173.72606292327185,coconut
0,21,31,25.33450823619754,94.64560650169328,5.975011304507611,184.54288490935014,coconut
38,5,30,27.144135950771993,93.64934175849825,5.555960965102744,151.08299740470537,coconut
8,11,30,27.710837621162945,93.8180678618303,5.908808234560455,146.3764115265517,coconut
17,11,34,26.435154105744992,95.96985738591817,6.294546381924519,131.41488391533088,coconut
35,22,33,27.521308459052353,97.6026952947278,5.806525397439832,143.67264552071546,coconut
30,12,33,26.72869303333966,95.98966975284414,6.182707341718814,147.46276731974115,coconut
28,24,31,28.24837187386163,92.18141500322763,6.0488176210973466,143.96387269573398,coconut
17,13,31,28.360599512763283,93.09496644931835,5.814527092004614,158.7774252001951,coconut
8,16,32,28.507881165699963,97.22158628594076,5.528869460242861,213.760722524897,coconut
37,5,32,26.19722929079778,94.0139966685887,5.9133484044893425,151.9122482101719,coconut
28,11,32,27.827305063167447,94.97580657656731,6.40636141509267,146.23208208548743,coconut
28,15,28,28.33948121178718,92.76080363584161,6.103637139314452,137.4644140223664,coconut
39,6,29,27.201899187505973,95.07985128301033,6.274276510225926,148.65799195819397,coconut
30,24,30,26.280133097640622,98.57657715620114,5.832793150017164,207.75515834505666,coconut
12,28,32,28.115870416034557,95.64091882990256,5.688764210133686,150.98927631931656,coconut
30,9,28,26.175814345177155,94.7162126675979,5.855783672325672,216.13640777719493,coconut
35,12,30,27.747685319664686,91.18601258342926,5.7762208774391155,194.305532279168,coconut
28,28,34,25.07765038265559,96.07361610925226,5.984870760858615,165.8110418360332,coconut
14,23,32,29.40029505773932,91.62906748792415,6.063743106605667,197.15122076503897,coconut
7,11,32,29.190464562427557,95.32566210637762,5.581579698736779,184.61846364146922,coconut
14,21,25,26.930025173669566,95.26196595428794,5.597650198585322,138.7667477014495,coconut
8,16,32,25.54056798712375,94.51995762194231,5.994339783775762,173.2806063397213,coconut
3,21,30,26.454683526956284,93.69993008074914,6.006929276842956,208.20517682304398,coconut
22,15,27,29.16415869901591,90.4475122613154,5.997952419003312,188.93987949488607,coconut
27,8,30,26.635660865618707,98.06308886518713,6.020192933721706,221.3446526286571,coconut
26,10,32,28.760904982220133,95.16673504821601,6.142563587238339,196.97229855650008,coconut
11,6,32,28.246575408012212,92.9545545673145,6.1509701021660135,172.04804177731333,coconut
22,7,33,28.635634200331094,95.03737074514729,5.762437329622028,204.2054360200386,coconut
30,10,29,26.1096375599736,95.00116687213253,5.8324741833721205,216.3006222257633,coconut
10,9,32,27.332854666194347,98.04648584261115,6.183338450004234,222.78995952636225,coconut
35,25,27,26.13673099110489,95.71932054463625,6.261875138960825,199.84460498928414,coconut
25,13,32,28.759398175427478,94.0255922185855,6.2437127307332485,218.45504687627567,coconut
36,26,26,26.652308291066824,96.0826459124206,6.218165251268966,171.836138679362,coconut
23,6,32,29.01766789614813,92.6596475539484,6.031045447176245,205.6259775640531,coconut
39,23,28,27.354714715801755,99.10595406839428,5.843820573988623,173.99901349606378,coconut
20,20,26,27.106543835829722,92.91201621498841,5.791943709382772,148.01164152395503,coconut
25,26,29,28.077873820422994,91.71187270937742,5.783887300675848,148.9769079319147,coconut
14,15,26,28.582893809358694,92.37158862098886,5.749988511187152,146.68736096114299,coconut
27,16,30,29.256149387917063,94.96295416547707,6.079595655055765,213.39844003983552,coconut
3,17,30,27.032392902691562,95.42655608450231,5.708483960865728,132.39222293124078,coconut
32,20,34,26.78912339683039,98.17369635553088,5.646947439534761,144.37105030342948,coconut
27,25,31,28.973620977275914,92.62825771463615,5.797701003704923,191.38333405260286,coconut
28,29,32,28.46200957817116,91.16448316453514,5.840081478294573,146.65149437256875,coconut
34,17,33,29.068788468961653,96.01346536910796,6.17762842185181,145.9034637506633,coconut
9,17,34,26.97876257009225,98.53431202279619,6.322749727440871,179.64900650126543,coconut
9,25,31,29.203184875752285,97.97014723338063,6.159901355818798,220.53764229671808,coconut
8,8,32,27.681458283845966,93.58557839237181,6.030455253917419,171.9735311215063,coconut
31,25,29,26.57338585942696,96.00611903824567,6.1426524404358,194.4530090373724,coconut
39,5,32,26.047653126353914,96.47009028097828,5.964676397949623,144.25887775456076,coconut
8,17,32,25.944743202063293,93.39580026593147,5.844658147643001,172.09433986651837,coconut
4,17,33,26.502162649103436,95.13762727706766,5.68942785819764,131.18741524658975,coconut
13,26,31,28.189631898050642,94.90306112097088,5.663930708230565,150.00093240778276,coconut
29,17,29,28.998841678755014,95.8792849414853,5.948530821393984,211.02840508622418,coconut
8,22,31,26.479374019962773,94.7561334857372,5.742432486105165,137.0718135399252,coconut
19,27,26,26.407790224558433,91.86965869263587,5.553887831479232,167.02294343386276,coconut
24,18,26,27.56989718699887,92.78330620367343,5.805721708213213,142.52832522970297,coconut
39,5,31,26.110777192168413,96.64527465895384,5.991701928006816,143.7176144765866,coconut
9,25,31,29.204347798695085,97.96474955059277,6.159712079834926,220.52517662695374,coconut
24,9,29,27.337594421635323,96.45584799777309,5.978825701061967,219.41756562151545,coconut
18,6,30,28.243723281437035,91.81448511968205,5.862956529977005,132.7981284525894,coconut
9,28,30,26.373953021470548,94.76565710845053,5.907808696096198,140.3609365669166,coconut
25,10,32,27.95533166898022,96.85039766146072,6.334869416139548,154.4811934193587,coconut
24,6,31,28.095744902679073,90.04406729045594,6.387541824900087,172.34402416696227,coconut
16,13,35,26.078464903933895,96.10756505550776,6.246283392935625,131.32370928422915,coconut
14,14,30,29.60655313333387,96.55524486415209,6.252788581378056,210.41155668038044,coconut
39,5,30,27.447469879845325,94.71803598952194,5.619284705651751,153.31242528157392,coconut
39,5,29,28.430736643665565,97.610641671983,5.8105316413447845,160.02285381359957,coconut
29,21,26,25.883669080897697,97.41934130410287,6.351837804615714,197.12885664727142,coconut
19,22,26,27.77336849185385,91.66645527086364,6.036926638354038,191.92782786755242,coconut
24,6,34,28.644820240804,97.0789150783276,5.710609932065863,194.66538178022878,coconut
13,15,27,28.193115421813932,92.4855761754457,5.682539872025876,145.82146479644098,coconut
39,5,32,25.99537871010796,95.92643494336052,5.926280743904492,145.94759765002655,coconut
15,28,31,28.770434892892837,99.40759828324883,6.225571783067807,224.40822511705855,coconut
36,9,33,26.563289023134345,96.68529960723906,6.002449607210751,146.14440069201996,coconut
25,21,28,28.769640585216205,92.1150693774278,5.932021142780962,145.4368598448235,coconut
25,6,31,27.91292774731083,91.37493616919431,6.30178818333502,172.34066996534614,coconut
18,23,28,26.567526195378015,92.43410542370789,6.140658731875559,160.7519458217989,coconut
31,22,35,26.721658152884654,96.52429790825975,5.753457048998924,143.63332442964486,coconut
22,8,33,28.413212039145883,96.02965096967807,5.721808887455261,203.222094229154,coconut
29,23,30,26.69650558832822,98.2288139637816,5.825477967670558,208.5339616218783,coconut
28,27,32,28.921393045890994,93.0745104778228,5.77609662901979,191.48826820993216,coconut
22,27,30,26.38267273256668,97.88673069875529,5.765843386986578,166.3537893910424,coconut
30,30,29,26.521037649711285,91.17533553164213,5.577005285257868,178.2776317429728,coconut
38,10,28,26.376171340410938,93.48503075145649,5.804260494821054,193.46542225797887,coconut
25,21,27,27.801556552483504,92.72605639442293,5.957437128949053,147.06669267987346,coconut
37,25,26,26.83346181795646,96.86236961089833,6.121620208151959,172.39395305501233,coconut
28,25,30,28.094262470989374,94.15819065417503,5.934837687797762,193.78454272020738,coconut
25,25,34,28.444161810679358,95.71580348728766,6.090062718943299,144.97865339574045,coconut
26,18,27,27.570121915146043,92.84786981015624,5.8493525481120034,142.40779767281995,coconut
21,25,26,25.679732969590134,92.82761415805628,5.984703685006466,154.1026403740743,coconut
33,22,26,25.859549740538757,96.6387852244482,6.349872511034138,199.81986461505613,coconut
20,20,30,25.67779749251982,99.67042141463556,5.844755312673477,165.8683097551333,coconut
3,21,30,29.46530113058913,96.01272799010549,6.099134386103313,216.0815960936241,coconut
18,14,31,27.35123744252296,96.1956361051694,5.724564392512719,160.77270100551257,coconut
13,23,25,26.518183595762604,96.47205219821551,5.6352111554528665,137.939092186414,coconut
31,12,30,25.766807086770665,97.63761954284966,5.653664573587583,218.12204597552542,coconut
36,10,32,28.614837848693682,94.4212239023039,6.075882423511779,223.1500345659824,coconut
26,10,32,27.87205907470107,97.21685068927032,6.410643879116542,154.2388578628278,coconut
38,5,32,26.76779237351983,95.26207123862103,5.794205812886823,155.30524479886517,coconut
3,17,31,25.284579203117644,95.1155379396084,6.228590786901746,176.82884729439945,coconut
6,17,31,29.22289407514089,97.26159628476341,5.6995047402742465,214.3453835002842,coconut
19,6,31,27.491709069983877,91.71239540226316,5.859116527304073,133.26583588942228,coconut
23,18,26,27.722935253370448,92.61198535332122,5.763804344074826,143.06044575498436,coconut
29,8,28,26.98172494774333,91.91367934624228,6.093704562083366,214.2619965646445,coconut
17,30,28,29.262751527585394,91.05913823430487,5.864671261103399,213.92995875394234,coconut
30,29,33,25.258657952974307,95.62349213251036,6.042004053336256,166.73206618969374,coconut
13,23,25,26.352229660156347,96.71865707209514,5.623693066890992,136.68170541375403,coconut
30,10,29,25.89769707794332,95.91377287558008,5.757822259597049,216.8265421428288,coconut
37,7,25,25.551105673550694,96.99081876548975,6.182597131561367,192.07935869084181,coconut
36,5,33,25.79983515051996,93.56705630308159,5.786726027778405,151.99687191342912,coconut
32,30,30,27.118841862770015,92.36419610031496,5.740266022008135,179.94410183593973,coconut
25,11,26,28.498001252297517,95.63060985448699,6.431593984868966,134.83713462675354,coconut
14,26,31,27.836396887506027,95.2627617511442,5.724585268322767,150.7510987553288,coconut
20,28,26,25.120956950508532,92.34619918692312,6.038473238356489,157.91865211826982,coconut
32,6,28,26.121576000122502,92.23647128977208,5.80563280392037,147.04747821131934,coconut
1,20,31,26.826557545764906,94.54363284813208,6.131741206896287,206.2937307481957,coconut
16,28,31,29.093012232879556,96.79170390436066,6.082754536435879,224.55054605526664,coconut
33,20,28,27.28158985079821,94.94402301117954,5.8420219477262805,218.24736630292767,coconut
8,18,30,27.773455951868225,95.83731741578111,5.571942192013518,213.5391515714203,coconut
35,27,26,26.666480314060525,95.77106494622909,6.2490653539044265,172.1463238323726,coconut
38,6,29,27.45384765678103,94.55275330817103,6.332870063356472,150.314245416,coconut
7,10,31,29.19473365689318,95.28740701820925,5.603293614913014,184.10532005595616,coconut
25,8,29,26.86024892092286,97.44284529892657,5.994651978587611,220.38567528345516,coconut
27,8,32,27.01880212528284,96.47733692053862,5.6406864544664135,144.48202922862248,coconut
9,16,31,26.132043007718266,93.62161931703118,5.858243356485496,172.51397070300825,coconut
19,27,27,26.01329263744582,95.5753664259551,5.8596872822752335,162.15611176662966,coconut
28,22,27,26.131245802623496,97.26808624976803,6.280730805697847,195.05415371760213,coconut
4,16,31,25.18770258488575,95.41917547419318,6.210587555048171,176.0396133838228,coconut
33,17,27,26.087666082869934,95.15023980742716,6.108028264048441,197.91460085678617,coconut
27,27,31,28.78392823649017,93.01697232119979,5.781856577224403,191.97649802481044,coconut
6,15,32,25.20370672823712,96.0350813503717,6.164729051062416,174.62125742831824,coconut
27,9,31,27.911317740290503,96.93534906051183,6.082077828428232,197.82430817380595,coconut
7,25,31,25.604877583132737,94.45233280197151,5.924460386189093,133.71572870595287,coconut
26,28,30,28.48174217455298,91.27924629942764,5.754621346144272,148.91591221086898,coconut
32,15,35,26.946241110009876,97.21841082869187,5.885967355791571,147.75277785936703,coconut
33,30,31,27.56722072375167,93.5233550736956,5.89290513579827,180.8967300086745,coconut
7,11,32,28.716255704798325,95.21374940748026,5.624417540647676,183.48183222161796,coconut
32,15,33,29.43323210155243,95.55051319700203,6.272871574197122,147.28841492157665,coconut
26,18,27,27.70535232440077,92.77541631562106,5.865521573390274,142.73026941596328,coconut
17,19,33,27.248904152486986,99.65255307924045,5.885144572891701,219.09234570225033,coconut
29,28,34,27.49095854890257,92.72236824966015,6.1490035399473655,141.99298854120954,coconut
15,23,31,28.345849955066964,92.3901205539359,6.103890564762471,194.6939081154725,coconut
37,5,30,26.842147137701545,93.12664206334034,5.615782621974917,150.31752718264715,coconut
24,7,34,28.398925857491292,98.28316074837,5.587319645701852,193.57706331964735,coconut
18,29,30,29.410390541170727,93.17595902014723,5.910541023216702,224.73932002886852,coconut
28,9,32,28.02245775782905,95.99032468762518,5.897451083899709,145.82980795764945,coconut
29,29,35,25.13920300601694,95.43844696178807,5.984049901398257,165.61134290005558,coconut
26,8,32,27.4074965450775,91.92150162138047,6.084593211553175,133.0146615392396,coconut
33,6,27,28.59486369875102,92.41368897639714,5.950427023691622,154.8703073902992,coconut
24,8,33,28.585359437520758,95.48843572808606,6.055250074984607,200.9362755898007,coconut
6,10,31,27.567557488985834,94.21393842583383,5.976030405781467,146.5412809041888,coconut
16,15,27,28.53315261431304,92.31739033427924,5.585039139356238,149.1148951787566,coconut
30,8,30,27.303414647981906,97.23116517389658,6.061761666623161,221.76304857658562,coconut
39,5,30,27.461913850704672,94.76052772596863,5.62209408075496,153.41099998961525,coconut
35,25,31,26.293573456899942,97.80445222761168,5.867594058822097,170.25236850763648,coconut
37,5,32,26.331679771616617,94.07164033447569,5.958234656573098,151.74127168313527,coconut
30,6,30,27.44174766329501,94.56869903572974,6.1011665446537,172.0096838783346,coconut
15,14,30,29.662677957072006,96.41848171599358,6.3193558551838755,210.10233556790402,coconut
3,9,34,27.02555375471498,99.68255808890152,6.309158218348383,225.2234342623427,coconut
35,22,33,27.550379032511316,97.58002434835142,5.812861258395029,143.6449161547566,coconut
18,25,29,26.952892439281115,98.59831198772667,5.68887839793477,166.45042773246936,coconut
18,21,31,26.50722987384845,96.58542018862457,6.017736309593269,219.83897809446165,coconut
25,28,32,25.822929607860708,96.95196130936512,5.862027065921186,166.13193240100475,coconut
20,20,26,26.90956500089481,94.65874723821528,5.739444376211453,139.24156754545402,coconut
26,9,32,27.021576025440105,96.31980629750015,6.467839812026593,149.86165026828655,coconut
12,9,32,28.279254119320374,94.02003705827318,5.7846779552570355,154.18974971003792,coconut
10,23,26,27.39568975930896,95.1680921806395,5.696114765050287,144.58771211181687,coconut
2,18,31,25.625821252035788,94.13950989584592,6.1645370548436045,177.06073183958313,coconut
39,6,29,27.93774092335473,95.92380566658032,6.135381294819114,154.4747183135209,coconut
21,21,26,26.67749730117042,93.74245754152138,5.872989056138126,149.46841315626295,coconut
19,26,27,26.689729817771394,95.60287622604193,5.617240714246267,166.779756897851,coconut
32,29,28,26.585407104193266,92.13216986015485,5.72479618956599,177.09719904437247,coconut
33,15,25,25.560541043446932,97.39406974377826,6.351313055712891,197.07423004155456,coconut
6,13,33,28.438239890421514,98.55327747340482,5.714067579820352,216.9523009652335,coconut
26,23,33,28.175557018758177,91.84523591301956,5.700872954639468,161.23399072054673,coconut
27,8,32,27.31049713478363,96.84788545754375,5.944414649555059,148.00805228295764,coconut
24,19,26,26.9225111668033,93.19753757186379,5.871031165360004,145.9255179501752,coconut
32,17,35,26.83300250107021,97.52882477603015,5.8066714636345695,146.91888214874197,coconut
29,15,30,28.593963107723553,95.598930549722,5.9206192507243,209.02812217273765,coconut
14,19,26,28.179422258913988,92.73339089774467,5.61004784964755,145.65705833833553,coconut
31,6,26,28.800508049183623,91.27099874147216,5.753302881533571,156.3040010143701,coconut
39,5,32,26.055388768715705,96.55054116999638,5.970358241368833,144.00897858592927,coconut
22,15,27,29.20836726428059,90.30842285704688,6.01917922831125,189.084518783835,coconut
22,17,27,29.14328897485102,90.68928117503542,5.969767711551198,189.3604071155882,coconut
17,29,30,29.30897261372508,94.33136675517335,5.965571682630259,224.6789974905657,coconut
32,14,35,27.12156750133212,96.73779950970342,6.00874052254755,149.0438916151081,coconut
2,17,31,25.361861130338426,94.87331546861846,6.242952605875612,177.45844728199768,coconut
18,12,29,28.9008456994792,95.68309699870362,6.172527669487066,213.78285324268734,coconut
22,6,33,28.813220199230344,94.2852319757199,5.848298191833462,204.45156674955905,coconut
6,11,31,28.947452439213624,95.05225417825014,5.602948744254691,184.26002163979538,coconut
34,6,27,26.00274453076973,91.26271390163193,5.906757954980361,148.10094822024553,coconut
19,27,33,28.581051033504423,95.32584682824994,5.998075604620153,147.45077378523183,coconut
29,9,31,26.141665893580914,95.05693180342537,5.885851911547838,140.09722693151957,coconut
15,28,31,28.996465599166847,97.89161523357,6.135141969813641,224.49312092189203,coconut
36,10,31,28.77105557803054,95.32078092585843,6.133595757508315,222.54890984166028,coconut
31,13,29,26.226009363745803,97.56034929245926,5.66287556439742,216.58668988546293,coconut
8,16,32,25.845765369686355,93.68823089574803,5.880886283438296,172.36522961748284,coconut
8,27,29,25.65823955412808,94.37403853147987,5.994449333804458,135.87339740965015,coconut
33,14,34,27.16119036049747,96.7326956138598,6.036905118852071,149.4667156918214,coconut
23,6,32,28.1138855849945,90.03211593941579,6.385880271778154,172.4791850026179,coconut
30,29,29,26.587392856984284,91.32066713340384,5.591391320091337,179.49296082333112,coconut
29,11,32,28.99134980723241,95.5408036313014,6.1545484906003916,147.25712674714174,coconut
7,24,32,25.649351063709787,94.51134082446796,5.8787237199121405,133.00794528509107,coconut
30,22,30,28.672386516099845,93.59320243667997,5.9924839151668445,144.68860817222395,coconut
8,27,29,25.58065686820305,94.35252886120139,6.00604015260932,135.4658910018787,coconut
7,13,32,26.352855281455096,95.65267390724013,5.982552120045363,177.90563430179893,coconut
10,6,32,28.251169971244966,93.05574792762164,6.142836022221121,172.03311286440967,coconut
30,30,34,25.21868269012534,94.97902888031344,5.9429420341209465,167.54024287481397,coconut
13,27,31,28.981409873574066,98.9995113193187,6.195997196901994,222.91490551630397,coconut
0,24,31,26.97633600956083,96.67002181058959,6.040267697549738,174.66757168793924,coconut
39,23,28,27.34141103913529,99.04869218588041,5.850910714928363,173.9580483422466,coconut
27,25,30,27.537148516398407,95.39754042816772,5.992316245389432,191.31037267714433,coconut
30,29,34,25.179031178485207,95.61353553658275,6.029238859074245,166.43805487888258,coconut
19,26,26,26.557760426128585,91.64343584113638,5.644131614408724,166.4307985241852,coconut
25,11,31,27.95247150861944,95.72057038189027,6.192071463493118,219.83899855022108,coconut
32,18,35,26.667895661619628,97.9814218738425,5.69105458827687,145.7030257681143,coconut
27,13,31,27.710839565875556,95.29119190681217,6.036968789815136,218.3383684022958,coconut
36,6,25,26.140799132891786,96.13672171850705,6.17671735180266,191.50056144282553,coconut
25,9,31,26.262576887817666,94.85112198813997,6.466379762403844,143.0420567031037,coconut
35,6,26,26.571982748429136,95.55967739861313,6.191639142371202,191.64712679480513,coconut
13,23,25,26.31358145147459,96.77608768736087,5.621010675004785,136.3888786952679,coconut
37,24,27,26.981671717961014,97.50029686170458,6.042632338404194,172.85032624440439,coconut
12,9,29,28.91715705782052,93.79532740058121,6.05103309774098,152.401764622745,coconut
29,15,30,28.74707763984157,95.6167632101303,5.9303771220369175,209.5860001415919,coconut
5,11,34,27.90709651525093,99.00471145242135,5.92504410519703,219.98180324494163,coconut
31,17,34,27.722855586258937,97.18404364265912,5.873585579936819,146.01497157683463,coconut
19,25,26,26.73780736950043,91.78972462555339,5.741791748578701,165.8073256533322,coconut
4,7,34,27.449861177613396,95.14167027534522,6.079709974773611,149.55521091879586,coconut
12,20,35,28.95465528020004,94.46598557222971,6.207191494957761,190.14362770767863,coconut
20,22,30,26.17862823687943,99.32393487051219,5.775558290593713,166.14915444316813,coconut
31,13,33,29.05241293151207,95.58041494167274,6.262615589930966,148.53958654315994,coconut
9,6,28,28.524054336324543,95.43490548037265,6.087116468371416,176.11993883653014,coconut
10,12,32,26.831532768456707,96.19752605877105,6.005970944225955,131.23218203090136,coconut
29,11,32,27.923688194491632,95.45086726510421,5.941211920408839,197.8077740981052,coconut
35,6,26,26.555223077719628,95.58210652726673,6.19105914747503,191.64142994792113,coconut
27,29,31,28.66679026531282,90.99828765211761,5.79236806563748,147.50761428697348,coconut
28,21,30,28.241153652033894,93.76029574802882,5.894967889011294,145.21489249682529,coconut
25,8,33,28.562388391369144,95.59492024293273,6.056387514537097,200.78090943907839,coconut
16,7,30,28.539659354533235,93.00822174174075,5.980016626690093,131.95666038240577,coconut
9,11,34,26.668293037041494,99.771224388861,6.065346393924742,221.745056392583,coconut
23,27,28,27.732247971170068,94.5312272501948,5.851480822343856,206.788347252471,coconut
1,25,31,25.439946599927428,94.7637995651121,5.5954359878191315,193.02020867299905,coconut
29,9,31,26.092576634300748,94.97719425370406,5.900496146586659,139.85678639316106,coconut
32,6,26,27.696830173082013,91.14232644317633,5.793454138477968,153.15913451688888,coconut
22,10,29,27.71959398688913,95.66599549181132,5.9661605955454,218.6428281003133,coconut
31,13,33,29.629294732411743,95.28229952424405,6.325805054085838,148.2191718503965,coconut
24,22,32,26.82450668752492,96.1370117767373,5.716671966798046,163.5630855673225,coconut
6,8,27,27.909406207147303,93.93373459532157,5.581570246943306,156.70288662297637,coconut
1,12,30,27.684218167561834,95.96550728524923,5.595924409894915,131.10080510293352,coconut
19,27,26,26.421353900503572,92.04925799005551,5.556935640274903,167.01124410731168,coconut
13,23,25,26.131384882940058,96.75351396174752,5.644763604965867,135.39505469521944,coconut
14,19,26,28.217979265192152,92.5953641722659,5.603795598864081,145.6397158873338,coconut
28,28,34,27.702410356362062,93.08668098555528,6.157288834319007,142.4600790401072,coconut
31,10,31,29.247034577623356,92.72889894229718,6.461922826147552,132.18815419183025,coconut
39,5,31,26.314880910848547,96.35244880290459,6.044559924896122,144.64175441693095,coconut
39,5,31,26.293689976534957,96.05236615371551,5.8881137364898954,145.14150065700144,coconut
5,8,27,27.874828094555703,93.95608537033935,5.57994010694937,156.70029779565644,coconut
24,6,31,28.108919631600354,90.0464598107471,6.385238682047278,172.47834680922742,coconut
12,10,30,28.368411036945883,93.63704073570929,5.603209430646076,156.73725183710485,coconut
23,11,33,25.728156246522474,95.20565368742255,6.287703005725554,132.68469608380911,coconut
28,22,28,26.338569825234345,97.14142326592074,6.221184863944225,193.31677003264514,coconut
36,10,31,28.660575184076546,95.4113173762579,6.1154883188845135,222.40279078108807,coconut
16,10,31,28.689481730857825,93.4295054393445,5.618345889515551,156.76129006596508,coconut
17,29,29,26.883103916504325,93.25304335308138,6.4083622174730355,224.57944758664814,coconut
33,26,29,27.283771514789755,94.15427844264141,5.973745353743325,167.3277054919937,coconut
29,28,34,25.071882207112136,96.03333171403824,5.986298916433869,165.81088919823904,coconut
19,19,27,28.569283846614937,91.93354008142707,5.713331708115549,145.49975144723606,coconut
9,26,26,26.1386025588737,91.4975490260706,5.734985638243694,211.62971110871447,coconut
24,19,28,29.09545988072062,91.23587506872562,5.921262425440044,189.93066647075364,coconut
31,11,30,28.725792917483773,91.1681331423886,6.020365148304864,193.59656049380592,coconut
30,9,28,28.878224111970276,92.47328118321575,6.271450270130275,192.4310505456556,coconut
25,11,27,27.872792006512352,95.42896228954373,6.445396507390543,137.31559649854282,coconut
35,28,31,27.68008373273692,95.54743981386774,6.182218729827201,178.54857866985958,coconut
37,25,26,26.83735083346674,96.87910876916466,6.119547572986809,172.40592824973257,coconut
32,26,30,27.387901997656375,93.91093858127293,5.931959592436408,166.68793029355837,coconut
16,18,26,28.404885137859203,91.8485659186784,5.577017211239264,145.431617446795,coconut
23,7,33,28.92648380201752,93.90712061443956,6.038358883267179,203.24349220847978,coconut
25,28,32,25.799349244126912,96.91258217054921,5.866079006953466,166.12258620577506,coconut
28,9,31,26.236769116756495,95.2114115836832,5.857480859029321,140.56304512709386,coconut
12,20,35,29.057059752590376,94.00740622335918,6.191717310857911,190.89168007161103,coconut
17,29,26,26.526397102503022,92.9520938872493,6.048207671218247,196.76473451976722,coconut
34,15,33,26.948130568777394,91.34961396328819,5.682065919769956,224.671737677465,coconut
13,20,34,29.393383450877554,92.39100056095114,6.103855034924577,194.75698024041694,coconut
13,15,35,25.981483336700343,95.66606304696789,6.099608052590096,131.2997743773008,coconut
25,24,31,28.85916181320202,93.8811931593616,6.11829897701338,145.2086437438674,coconut
28,16,29,29.21823673829742,95.47645636093887,5.992366215117042,211.83850077031343,coconut
10,9,27,28.96489775182274,93.82835083832994,6.223823950111372,149.67695250918783,coconut
31,30,29,26.796919507362272,91.5319552890828,5.630675790811482,179.26014384442524,coconut
20,20,26,26.888000665953626,94.7274761362482,5.735652319188665,139.12770761036094,coconut
31,12,30,29.17704524278761,92.62137387284865,6.358179612991279,133.01348323891114,coconut
29,11,28,27.830069796651596,93.34766277780074,6.042468718811094,213.11239150714817,coconut
3,20,29,29.169929252305472,96.6164150532221,6.02405309672741,212.2231370907276,coconut
0,23,32,25.05061973733774,93.34778625122556,5.906159217013422,186.62099702089756,coconut
27,9,32,27.830710362072182,97.39324901371717,6.4552455034811205,154.10886439135396,coconut
12,19,35,28.874371469297053,94.8255059805611,6.219323059538407,189.5571641174698,coconut
24,11,31,28.50006595631796,95.2675964101654,6.0547076792525525,196.3447426209727,coconut
2,15,31,26.98813233929884,94.67059329979493,5.985155541221183,181.10055094939636,coconut
2,19,34,25.02993967479185,92.28208573801854,6.274626200276803,178.9658789034507,coconut
19,10,31,28.98453968390364,96.06537231661731,5.97125574624368,206.47812802812442,coconut
30,6,25,29.00300110107038,91.32065799900279,5.784035718523278,157.72658596096545,coconut
26,21,28,28.78158955138318,92.19879195669571,5.994203480251295,145.29667512702648,coconut
8,8,28,28.746219744089956,94.23892532288573,6.276089489163729,149.66429813166644,coconut
32,11,30,25.441230374677477,98.0495053951778,5.587846386603542,218.144952603907,coconut
15,28,31,28.685965847932078,99.13214613224108,6.233752718799448,224.41588831904218,coconut
16,10,30,27.689331766092195,96.50545192749983,6.067592071179718,220.3568021784442,coconut
20,23,28,25.96328965645051,95.89392441039807,5.712100161751519,166.39400752248267,coconut
19,25,26,26.683388858708305,91.74550939121241,5.712274340697394,165.99576798129243,coconut
27,10,33,27.75378530274866,97.41285341104188,6.427855638406399,153.64368762360434,coconut
11,23,26,26.997308430830355,95.76008041464291,5.668464975329715,141.56928768534115,coconut
9,25,27,27.009561517274204,94.74869029199537,5.792562432943698,142.97127436993603,coconut
20,19,26,28.441761896828638,91.00381674564042,6.0226019971667295,190.500851090263,coconut
35,28,30,27.650090986549845,95.55405693029846,6.1841967360103585,178.35913455312954,coconut
19,27,26,26.51277534219537,93.25978725685232,5.57747838069632,166.93238869197654,coconut
27,10,33,28.19849379841255,97.01827093575528,6.440595000635439,152.88070158384602,coconut
32,15,35,26.991001329499735,97.09571242621524,5.917310919359033,148.08239472227916,coconut
31,12,34,27.33071084524491,96.88898424563236,6.148094414231507,150.56721970091084,coconut
25,18,26,27.25098161155252,93.01990227340585,5.849632237270174,143.6099700494648,coconut
26,26,32,29.012117888005218,92.86844357370758,5.808016423874457,192.0813503650557,coconut
36,25,33,28.021307459197168,95.83637008170756,6.0135228652553465,142.54708333052406,coconut
23,21,26,26.568552335368214,93.52840471817622,5.9156526957022475,149.02676202988644,coconut
19,27,26,26.26859959342175,94.27524680017527,6.09073485864726,194.22805005542395,coconut
2,30,29,26.06894659272899,94.71104453846367,6.321356435878867,209.45206367243804,coconut
33,28,30,25.799322137938965,95.69109721706606,6.1286794636598305,168.72839703129858,coconut
32,6,26,27.40986662089862,91.10887079403622,5.803893731013872,152.34144841408556,coconut
7,16,32,29.095990022121164,97.68697697623067,5.5989170440313405,214.11959433013163,coconut
5,9,32,27.45782087822211,94.51713115280013,6.027515096128163,146.6675524705652,coconut
35,29,32,27.982883244181462,95.4806350068021,6.162249257803584,180.46116065332015,coconut
26,22,29,28.833637212617774,92.26590868678879,6.006754068066539,145.40574361970798,coconut
22,7,33,28.50155712700931,95.6052340089279,5.69761255070055,204.01960781244787,coconut
7,22,33,25.70933438334487,94.59092751362549,5.81703668672434,132.05332696839758,coconut
25,11,31,28.177358649349742,95.3356040081745,6.219492129648632,219.63197324669102,coconut
7,14,31,28.175528357018035,98.9965122313927,5.660488716607341,208.104432413275,coconut
18,6,31,27.94921546875099,91.77450420054932,5.861452687668322,132.98129453123633,coconut
31,18,34,27.205958224643613,97.69966803028247,5.750974242706146,145.41734153541677,coconut
27,11,33,27.925915118728827,95.63059350404457,5.789778799231269,204.96281930571132,coconut
28,8,30,26.93673867397651,97.68798988662611,6.038935505203501,221.53329960955818,coconut
38,6,28,27.696320892670954,94.27304047673886,6.302383801743691,150.88280192868845,coconut
11,22,28,26.022705090633377,96.08299583715264,5.670562524847001,133.8212796509748,coconut
10,23,26,27.54573087833557,94.94513349575419,5.706528419240276,145.7245319029833,coconut
19,10,31,28.934861772207086,96.04895833228876,5.943604811345599,206.24732616375698,coconut
19,26,27,26.73097976942656,96.1490749383842,5.626509732909359,166.7441768193691,coconut
1,6,30,27.241250135039877,95.03831296410043,5.933945325025143,151.39972772553944,coconut
20,26,29,26.756450136314953,98.51093787531178,5.701615200505466,166.5019379364725,coconut
25,7,34,28.35437956095826,98.5722987964041,5.698071714908682,192.17524537390756,coconut
24,9,29,27.454541805178835,93.79877191362601,6.1718980520888325,134.5161435031957,coconut
16,29,30,27.700625179080888,95.91896659603862,6.329184230892308,224.50528041021138,coconut
25,9,31,26.183664214149363,94.82280345938709,6.467408100006776,143.32269640158285,coconut
20,26,26,25.502983225940376,92.68560129329374,6.00367670197533,155.2155121160004,coconut
10,21,30,25.962779675194668,95.75786684210303,5.692071251007492,133.23337815421505,coconut
10,14,31,28.068185346192468,98.74069857764727,6.29114484181583,180.86858421951862,coconut
27,8,32,27.170292801685584,96.66977987184939,5.798426519321512,146.31325568130353,coconut
36,5,28,26.42332229233805,92.20051148176061,5.718904615256804,149.29512708949196,coconut
27,8,31,26.700494679775392,95.96465864180703,5.719142936682582,142.8343856536744,coconut
30,18,28,28.374131446597747,95.35660502918577,5.908784815816685,214.2708831902549,coconut
31,19,34,26.732152935028555,98.17230646965659,5.638584618651724,144.86953399008175,coconut
31,6,26,29.055861779665786,91.45974725252655,5.769855326774056,156.9161001483082,coconut
32,17,35,26.759414818924665,97.73054610680386,5.75514132773714,146.37697817208058,coconut
21,26,26,25.570038364579492,92.73947799002072,5.996478738023708,154.79331196226056,coconut
39,5,30,27.921982647922228,96.94736692842528,5.812206564696072,158.7235792689507,coconut
34,21,34,27.264585635909306,97.80290288145757,5.750573280989288,143.91752411325442,coconut
36,27,32,28.044972934370296,96.97239336618725,6.002780306349942,179.77632723604802,coconut
17,9,32,27.596124633146363,94.33604264595915,6.1210330224172464,131.71376010538825,coconut
21,19,27,28.618529580796643,91.97815821366187,5.767083440366057,145.48429330414442,coconut
31,17,28,26.42632140498643,96.73083584231324,6.200900458904278,202.18234080583318,coconut
33,12,30,28.10321532608442,91.17951362789293,5.86496429828748,194.04782980966135,coconut
11,27,27,26.762338043269466,91.57150928221462,5.73994265903621,216.4847150944381,coconut
30,13,32,27.920262608373918,95.52046724479845,5.877684836302862,206.57347165071155,coconut
24,10,31,26.400611944746576,98.7117454327322,5.910508850494652,219.6153589186082,coconut
7,9,28,28.01853409381009,93.86319596090344,5.586714938748896,156.7110569143308,coconut
19,25,29,26.7641258220614,98.91887380513836,5.694663318019118,166.4774767127321,coconut
19,22,26,27.706995525914092,91.73225676432193,6.038349107388814,192.0695298657034,coconut
2,23,30,29.60194884762707,95.63448417537158,6.085590004858185,215.0446967518866,coconut
32,6,27,28.314244220568433,93.57515409722728,5.823756874528573,163.01823555430778,coconut
5,24,30,29.509207794226036,96.54974818634246,6.110093421991487,217.25730402011925,coconut
8,21,33,25.835928178668443,95.06962631370327,5.73760141682873,131.98889475550993,coconut
38,6,30,26.939587444877606,94.33227180707567,6.161184448194962,150.96821425634087,coconut
1,7,29,27.342970792937383,94.72134470988641,5.795382559552103,153.3691313987215,coconut
26,8,30,26.539338607651164,98.1395999746788,6.019767056113535,221.13989226429126,coconut
35,6,27,28.258406079686893,93.10991955614821,6.082216559766689,153.37719366823663,coconut
20,9,27,28.903793408867365,93.94576379445712,6.171853303554897,133.58560372776694,coconut
20,25,27,26.102307854002994,94.42692404375906,5.657191365036539,166.6119974741484,coconut
28,27,32,28.87292335234179,93.25604112713246,5.804483572240098,190.78598268421044,coconut
24,11,27,28.252470392910013,95.14413581280701,6.3610897805704045,134.74574344358933,coconut
21,8,34,26.11675916848318,93.12902246496581,6.012691914833587,133.20726211812237,coconut
4,20,30,29.467241000283803,96.44254865388098,5.893180936576209,214.78012839727165,coconut
95,22,27,25.953943029198307,57.55219791999927,7.179190549661742,193.7733812356119,coffee
104,33,32,25.501843652965558,64.14503147589451,7.126226291404196,143.6667015684382,coffee
113,20,26,25.568854845411604,62.68089767250424,7.277162982554553,193.58177635271593,coffee
113,27,28,24.7479593229986,57.465094616592374,6.965859067034388,192.6140843110481,coffee
83,21,27,25.5813342902246,60.43591086525759,7.463184623419203,190.25161683063112,coffee
91,38,29,26.290910247316813,56.92718673989903,6.896318336677228,152.51974068730138,coffee
119,38,33,24.602215791381038,53.91419560968939,6.738520015191826,117.30565195774948,coffee
115,29,32,23.731812971959826,62.95408294373843,6.57629126087269,122.28252538053216,coffee
93,21,26,26.1448683831049,57.457951673786525,7.220469831615493,192.70854519898927,coffee
102,33,32,26.05729765740808,63.34181586141899,7.044058581683907,143.36242833477183,coffee
114,34,33,23.38508159376444,51.65675257767189,6.027842741526964,185.91134765792967,coffee
93,18,28,23.93988076030956,65.70905731495975,6.776314438802881,184.0977860337614,coffee
100,35,28,25.469092551592894,69.82787511000343,6.951764616254204,161.02701100775923,coffee
114,24,33,26.57730392075668,58.39634546047116,6.8578863433298345,178.54404655581604,coffee
102,18,26,27.181396122061827,54.03627995081342,7.244725137890446,173.21168733827025,coffee
116,36,28,24.869321164728625,55.695904758764904,7.1427279400947015,126.5193571165234,coffee
99,19,32,27.48787041415241,55.55925993483956,6.268881930685042,130.50238500388028,coffee
117,32,32,27.157903151894065,63.36325923480904,7.264970591040516,118.31172124407043,coffee
98,28,29,25.55307231012796,60.11801404155827,6.3137662816282845,199.30176264626897,coffee
85,29,26,26.730332117083087,52.726960985983865,6.441568685101895,190.97996028680484,coffee
82,35,33,23.693074674469642,52.06893385821309,6.983272979348275,123.55230812229928,coffee
82,29,28,26.354260096519504,62.6337108283736,7.2288826908514325,149.68473774983994,coffee
109,21,25,25.948986474760982,66.08984371854856,6.9312127551096445,195.46398748358783,coffee
115,36,25,27.38103610151339,59.18405518537903,6.247400962281044,155.47518402168203,coffee
117,32,31,25.942342710778547,53.19571566506306,6.863275470163648,126.53956958915283,coffee
109,36,33,25.816894114421025,52.324393309565885,7.08683474357604,128.1755456833442,coffee
85,27,29,24.298166299888027,59.70561381697433,6.897277213924375,168.5100691003403,coffee
118,31,28,25.605331263476767,65.1512765811493,6.570576824195905,163.3839338609275,coffee
106,39,30,23.461162106012758,64.24915055374335,6.782641754083029,122.6726451573191,coffee
104,34,28,27.486416224287183,50.67946885938329,6.982546867931652,144.04527926149368,coffee
103,37,33,27.193264725784623,60.05136889943043,6.873207060425214,177.79654959235793,coffee
103,28,31,27.03619285968648,51.28642031739483,6.814518324719557,126.35195244184432,coffee
114,27,28,25.29204039311999,58.50912388587759,7.041751912146983,191.53891969898964,coffee
117,35,27,25.219880795804347,57.20698899930887,7.275133607905879,123.69327243736785,coffee
117,21,34,24.34115780711742,64.52222253255445,7.196197422061586,119.75338763785827,coffee
103,35,26,27.17054089476815,55.56665986346207,6.724936380496484,140.15681369828545,coffee
94,27,27,26.00272889755013,55.529757744502994,7.251031910515813,138.6693314578777,coffee
106,39,29,26.802571444839742,58.69425924903358,6.510080650527364,144.18643257856738,coffee
118,30,28,26.340198816354423,64.66971338637107,6.5029781030202045,163.77936992511994,coffee
96,35,26,24.936419656571022,54.05355099616019,6.358572794354405,165.49323993698232,coffee
86,29,25,26.246529787688758,53.99398362954913,7.0179676165600124,189.87720702316764,coffee
82,26,32,26.480802545709636,64.6505292375163,6.818073385008348,123.02868736041147,coffee
108,33,32,26.423686696062965,67.20213993991763,6.675891362347937,176.05678890810805,coffee
118,40,33,24.56616646392272,54.230453918279615,6.883563876297664,122.1404099723168,coffee
108,23,32,25.391504808287188,57.37357177104223,7.329492803754639,190.16178958529198,coffee
112,27,29,24.44135968585725,56.88386510835146,6.720956545714599,192.29126966961138,coffee
116,29,33,23.567540046869535,59.44618903069615,6.471644302794566,121.11141619679944,coffee
97,21,26,23.600135969153055,60.09123881024816,6.096486884243816,185.22790980358977,coffee
85,31,34,26.955461181095654,60.1850566423048,6.515692677450054,191.28496377581354,coffee
98,17,29,23.543057721703732,64.24109917159893,6.326229834682645,185.96055587447327,coffee
85,38,31,26.334875898162686,53.3445717415549,7.000721156946171,137.72598350212536,coffee
112,31,28,26.604393813356072,54.53974461195051,6.149127395101085,159.67116470202785,coffee
83,34,28,26.2053443976559,54.633577415686155,6.350594965997752,139.23468819057615,coffee
84,35,30,26.39272830700608,54.659859570926514,6.637232857734305,135.3321649279757,coffee
84,35,27,25.53850602043659,60.38673365175035,6.9218513209427925,153.63995592341695,coffee
85,31,25,26.34783581385777,52.5679606966375,6.785272694476938,189.59895006771103,coffee
99,17,26,27.118942966656906,56.75867302890662,6.080987982764706,127.41932470844048,coffee
87,35,30,25.598845786266708,57.673677102649336,6.683663739611835,154.9568880874314,coffee
86,24,27,26.629592757889583,58.07485698410685,6.5778362033153766,193.15674256209496,coffee
115,28,32,23.676816857782374,62.465600170477394,6.547068353063786,122.26874233897105,coffee
93,21,26,23.951761180258014,62.34806361602612,6.5598666877592535,183.67918631059752,coffee
83,26,33,26.797693580226913,64.88279838480041,6.803154317184574,119.95500880135536,coffee
114,22,26,25.33821830859944,60.83008413138182,7.233893597879787,193.30965545768967,coffee
116,36,32,23.343300614800782,66.6610419220957,6.769068360250258,161.83452009025245,coffee
103,20,26,27.209056360662405,52.98754209204178,7.485834638256153,175.77492459289286,coffee
92,38,29,26.552445184299813,56.69701272261662,6.95495585171378,151.64719291724967,coffee
82,36,34,25.50281613210288,52.702665045074035,7.157766733251306,136.42286459068808,coffee
85,35,32,26.24144335770082,54.14266036764975,6.895037175451976,133.33837817211665,coffee
95,21,33,25.767790698933815,58.74729913443852,6.635235715366443,130.3356943542396,coffee
110,28,26,27.544643822782813,64.27741236652348,6.9265561887522,192.78641946138353,coffee
83,37,34,25.824652360675074,53.18883384477623,7.067919466120226,137.1744769253228,coffee
117,36,31,23.196714288969275,66.99363559493591,6.779858420459022,162.60595790668285,coffee
93,32,28,25.558749231184567,53.78242996528073,6.611980673889933,170.09458819649396,coffee
109,28,27,25.240891446337073,62.253493030142735,6.817936313855668,193.53387376423345,coffee
118,32,29,24.86183792032887,66.35620804376008,6.409375561375497,170.14284041292123,coffee
106,32,30,24.595039239055485,52.21987377694637,6.837573399892343,150.1258994200945,coffee
101,39,29,27.31560869400593,55.31987373902741,6.470147623449479,142.6456801013911,coffee
118,30,27,26.37987709976004,64.46590976585392,6.499154650911663,163.500818004575,coffee
93,24,27,25.06663626522549,56.31503118400328,7.124814862072576,136.56619762531193,coffee
103,39,29,27.217118993598586,55.52716740453923,6.348716269380969,141.98876499669421,coffee
110,32,26,24.190394059824982,52.437947285933575,6.773200803331584,162.54118530347878,coffee
80,30,25,26.260111553534934,65.25188700764988,7.434165359834733,148.0762830889872,coffee
82,18,28,23.868654856591434,68.20160675966287,6.652748425307308,164.0003072311349,coffee
88,31,27,25.743212527273364,55.97598075911691,6.6607280422477,139.27597050578842,coffee
113,31,34,26.147130660896593,67.23823729667103,6.304423181825127,174.65623209117078,coffee
117,37,34,26.62117338362059,60.13531020164388,7.394709281930921,120.46971583272597,coffee
115,35,32,23.893544328105552,65.7269129447031,6.725790105872556,160.10614148213386,coffee
86,25,26,27.10368804901397,53.049042631752556,6.122180710658082,192.40117439779445,coffee
112,36,28,23.506814542633578,64.34022666561508,6.871934833290552,162.0972660792174,coffee
81,34,29,25.42387653161839,61.20229463777549,6.5643741409907985,135.89956716294375,coffee
83,21,28,25.695033597786324,60.83717892670649,7.372177337748676,190.91008220142598,coffee
111,21,27,27.688939706802564,62.58399361601313,6.843207816570278,195.0297073344542,coffee
84,33,30,26.68254159200284,56.03559375375892,6.312000069399642,144.06542768818204,coffee
108,33,31,26.408991969714513,66.5255912069554,6.722307530206456,177.15860534126483,coffee
105,38,29,23.666192451262425,63.23372732497489,6.6822175532198465,122.8893589611697,coffee
80,29,31,24.631972756274052,52.150001958506266,7.035976557608747,135.12469376220577,coffee
109,33,31,24.352404001928534,65.44336062901824,7.155795582672056,147.1749517112269,coffee
117,18,32,27.5930535033799,51.15220400462581,6.36853697974491,123.01735138802118,coffee
101,28,29,26.39212577519476,53.9602458326806,6.43308313516034,125.39789995838382,coffee
116,36,28,24.871081219874654,55.63472782966259,7.138737078642861,126.63946380455812,coffee
97,20,27,23.58541525267039,61.16150498960705,6.155738542948006,185.41686226049885,coffee
97,17,27,26.708517801662932,56.59420133705072,6.388278510332178,130.37797445578408,coffee
119,20,34,23.71997369034953,53.17393693368561,6.966610693814311,128.3986224175248,coffee
113,19,26,25.724231526636608,62.556778560953006,7.238487863905539,193.8343083331867,coffee
89,26,27,25.06278047134495,52.577026786772,7.332519962389885,173.44000489223455,coffee
111,27,30,24.029588793366788,56.10325950952676,6.392046405059336,191.85772162548207,coffee
118,31,33,27.349415813729184,63.1345460454133,6.137693373942683,180.9460481201884,coffee
100,23,28,25.59806598250728,57.67090117195526,7.129374474382401,195.16094170693654,coffee
92,18,28,24.03041047855502,65.76723675353821,6.860309543173226,183.64333397335946,coffee
103,33,25,27.199926800969088,54.53092737185648,6.92849051592632,140.57897848950864,coffee
119,38,33,24.163897209296376,54.875166427201584,6.704920715436548,115.81857621631407,coffee
82,24,26,24.828181550830184,53.4486580071217,6.087931187461272,185.8765477473774,coffee
96,21,26,23.6595825438462,60.10275234363671,6.149840204229838,184.92664857643484,coffee
84,28,31,26.444757258236613,60.23023716809324,7.022570842737732,150.7288297986923,coffee
100,31,25,27.413190108436897,55.08278735026677,7.053163502089574,139.67560899546928,coffee
90,35,31,24.415698168333122,54.72531005882368,6.357843152746856,172.9576859305964,coffee
118,31,28,25.387939461407164,65.73002726261834,6.443078550869427,167.8511856658891,coffee
83,37,33,25.98543201556409,53.60611017306546,6.900496546844001,137.7848192105663,coffee
99,39,34,27.507248267922854,54.308181444547465,6.97967752894495,177.79230666030438,coffee
104,32,28,25.001747938110576,68.04149933198907,7.16270123627639,150.82132278438766,coffee
113,33,32,26.25356593934464,61.570342121596596,6.498305656775365,153.98596204198032,coffee
103,33,25,27.151125928755697,55.13895299208174,6.919797970234907,140.04136559037534,coffee
118,40,33,24.469342817292517,54.25197884869517,6.83939889214571,120.07663531229404,coffee
96,36,34,27.263734234547297,68.23881650588083,6.387969593790854,191.08356226233605,coffee
116,31,34,26.006076992420244,52.905868977943,6.727195208453041,126.70780636627022,coffee
118,18,32,26.379043132665537,50.94008377144719,6.524440430771896,125.1874723671094,coffee
117,25,30,27.851244466887554,67.90264727676075,7.083014649088869,115.32270386046254,coffee
82,37,34,25.615240501496295,54.53052825155942,7.094233598297334,136.43084570352443,coffee
93,26,27,26.367634470666786,52.28452312070172,7.448510934346837,177.2842328711715,coffee
109,19,31,26.263783263332414,56.175155769261536,7.093730696406275,174.24825268194036,coffee
104,39,29,27.080384605160454,56.775399403102995,6.421344209313192,142.70354507419822,coffee
94,21,26,24.550429791713878,58.88375227371745,6.485296157724599,187.40713823341358,coffee
111,21,25,25.040037402084586,53.90391217565373,7.065301654844694,142.2145064984909,coffee
114,37,26,27.069403127617804,60.223747525631104,6.366269225599071,153.57190085109954,coffee
91,24,26,24.486152952375523,66.92295842946848,7.430048136456934,180.778270558014,coffee
117,33,25,24.911384594839788,56.532509953447686,7.18961732439669,124.55395227435024,coffee
98,15,27,27.10116947880252,58.550009635556904,6.502874559931322,165.88536207616434,coffee
100,33,26,24.43062863607416,52.87127508244379,6.50138113844438,165.79634670764773,coffee
99,15,27,26.98860691827831,57.45008921560977,6.504864884599254,165.78205079825926,coffee
100,30,26,26.76568181202878,69.63071047729329,6.838275833295406,159.43166695324663,coffee
101,18,31,25.573825524937355,57.95152875850453,6.52626102149628,135.77666779530674,coffee
83,22,29,24.455901214506543,68.35782298142134,6.613413598070034,165.63984443912804,coffee
109,27,34,24.85402446251485,69.06360659966413,6.503093384862076,171.536849630355,coffee
100,22,32,27.39183444907908,54.008669214156406,6.434239078406267,128.92345254122765,coffee
98,19,32,27.371271703898838,55.570122289695306,6.3306622675384405,131.0342149594099,coffee
116,33,25,24.80453245519214,57.35997487595395,7.191974756167487,124.30166318931634,coffee
99,25,28,25.823480754070985,59.14940041369411,7.001618847884331,195.32917044590275,coffee
99,16,29,27.460504818224447,56.22926868711997,6.154849302212889,128.91108496323378,coffee
109,33,31,26.248577880119814,66.5748688486599,6.69696894696948,176.88839966561457,coffee
99,25,28,25.60978038646006,58.795691347552,6.81637898109249,196.96787922853332,coffee
119,19,33,25.31027025203248,50.79678382635734,6.669641595185855,127.16271607002417,coffee
116,22,26,23.432575374655517,52.05065453029386,6.874398173102766,138.2121959284585,coffee
86,23,27,26.39504967076347,60.49650155658663,6.809973127888528,193.4973339430409,coffee
117,32,32,26.015223188876373,52.95983104541473,6.840205715930055,126.67993682326725,coffee
93,23,26,24.187126280267204,64.26358608878085,6.95565345994211,182.24563548193007,coffee
116,22,26,23.440605775679998,51.963496265411635,6.876257447392455,137.75318608808743,coffee
90,25,31,23.606433093774328,61.15267936543855,7.220841714647276,132.6046728531714,coffee
108,31,27,23.082611090467985,50.937752106283,6.930920616852233,162.14573476327357,coffee
112,33,33,24.820752090035878,68.72443102390301,6.500430027240372,168.9657292051779,coffee
102,31,25,26.12367462179347,67.86584029566085,6.884996204828232,159.4332023457159,coffee
100,16,26,27.112368105620266,55.647004006195914,6.875411332087885,169.47444619449888,coffee
112,33,33,26.00846129718418,62.19244584385159,6.566312772349512,153.25668962182274,coffee
93,21,28,26.81291336712694,68.55773578169087,6.5240862186811315,167.9712266597602,coffee
101,32,25,25.863156802617823,56.931914964108294,6.335473511576125,129.3670875942997,coffee
86,27,29,27.090321002389917,55.60409934981429,6.220463622190062,192.0916291945491,coffee
117,31,31,27.31736044401452,64.322252088116,7.22642646407848,117.67060164560934,coffee
87,22,27,25.65263071091562,63.46249436327938,7.059688960825209,189.89073910568084,coffee
93,36,27,25.01320658662798,55.15240198151643,6.442939874481959,162.81148703112433,coffee
110,32,26,24.23758628412915,52.52273795737782,6.76482799881274,162.45955993705948,coffee
95,20,28,24.026565939618628,66.21437271497102,6.933285260259476,183.36182832886695,coffee
112,16,28,27.46588608704863,61.96429491975208,6.777974487639751,194.6821647158191,coffee
99,25,28,25.6109202356906,58.87994761148067,6.79384059975834,197.062253614757,coffee
103,39,29,27.267312026968185,55.34641432904351,6.348497792544432,141.71261849680496,coffee
105,21,34,25.626100944282925,57.06845951987617,7.415715088477062,188.8336835648699,coffee
85,28,26,26.745518696889768,52.733273911267275,6.427922309112804,191.03479172368216,coffee
112,15,28,27.113470017550757,63.47889780128661,6.779171295273543,190.4517099691131,coffee
95,22,27,25.92914248109467,57.56444018387341,7.17382851263088,193.9116997816216,coffee
110,33,32,25.025153788192927,64.09941765953685,6.912995544597232,149.7427057131245,coffee
101,33,29,27.02843036448731,59.31357622206336,6.909704628374714,141.4114100592764,coffee
109,26,26,24.04938053618751,63.89346684494138,6.844550507132908,194.4731635723442,coffee
117,31,26,25.666404288561438,59.77423155842105,7.17705000290325,121.94977485167733,coffee
107,34,25,24.329712492737382,62.20780049493569,6.957824342555855,161.1873583356839,coffee
107,18,34,24.15050531115084,65.28824515786864,6.876927309223795,173.13860099378832,coffee
80,32,27,25.623777620669877,63.68078076339926,6.9998997155765394,140.6180593165385,coffee
81,34,30,25.248351894212966,61.01656106314209,6.7197076816103545,135.24059666402997,coffee
109,28,27,25.239354211982437,62.252142521135475,6.817863834623528,193.53437252115046,coffee
117,20,32,26.646099716254316,53.32576254760312,6.368856560735215,122.68921493941811,coffee
103,34,32,26.94705157691362,67.05680316334352,6.6418444182742835,182.46616019090123,coffee
109,25,32,24.12213502772971,55.734934855605964,6.403607432940698,190.65748008922964,coffee
90,34,32,27.00530774396662,58.23686661426853,6.607933588746063,119.4368315385488,coffee
101,16,30,25.714346171289485,61.49511897748816,6.592665775102656,168.02791542496442,coffee
113,17,27,26.379219855765726,63.142349835092915,7.011985672571088,191.8005980800816,coffee
98,26,29,25.617851954858825,59.39233183219108,6.656778850073475,197.63616876462862,coffee
84,36,33,26.038477111814135,53.7409049354249,6.984589551617546,134.5226300265034,coffee
84,35,29,26.59047691944713,55.1749998057137,6.338391959269517,138.3927518059586,coffee
100,31,26,25.427164340884282,56.93764375343444,6.1082814458414,124.42104893436968,coffee
116,36,32,23.261874768591014,66.79927565492007,6.775472737801472,162.09028801150987,coffee
90,21,26,26.32921500876211,57.56789787422555,7.249633877348706,191.74164152681064,coffee
99,29,26,25.56826365611104,57.39476925193792,6.0501252784185855,124.79150504458075,coffee
103,32,25,25.74095663150441,66.65877266227194,6.900533120605978,159.807428224992,coffee
99,24,28,25.597283244602547,57.87191787428143,7.063486529376044,195.933172128021,coffee
101,31,25,27.31015616037582,55.30368457309468,7.006099810373903,139.61788227644706,coffee
108,24,32,24.574630875800693,56.127714899315706,6.7117154398392,190.02413064094634,coffee
86,27,31,26.623372003043496,61.50574109743999,6.72923188910113,192.58253671647856,coffee
115,22,25,23.428248457405164,52.94675983954179,6.862233961409512,139.49782901056346,coffee
88,24,33,23.395927765061423,63.97384473293268,7.150393490621037,129.03038088029754,coffee
83,36,30,26.32683448502641,54.49216238548282,6.544987647879457,139.08083121869777,coffee
119,20,34,23.933667964580316,56.88386957577464,7.052569695006611,125.58322426817907,coffee
95,21,26,24.1860193600365,59.19415609063865,6.326724436350647,186.53914054395162,coffee
117,34,25,24.806180889310763,56.63588848885542,7.186949452407971,123.91542087915755,coffee
81,31,31,25.00047388946639,52.452746203574,6.989624175365527,134.69542160541448,coffee
102,20,26,27.130082685552754,52.87373322427003,7.489024232418788,175.9066162897674,coffee
110,29,30,25.916137398998533,52.91869636012153,6.194007451640819,161.3560078550602,coffee
84,34,31,26.20812082795198,54.225747629584,6.858481114022875,133.16421256601382,coffee
84,34,32,26.250446253872393,54.33829858410821,6.853830540084374,133.0613159791161,coffee
117,18,31,27.622255428902527,51.13729007995118,6.370804189195545,123.02566493034051,coffee
102,18,26,27.179077884532678,54.09037452207275,7.2323220996926345,173.08617579786116,coffee
107,27,31,23.69373054801372,54.726796955514615,6.583693167626812,149.9296237717822,coffee
83,22,27,26.0275394698923,58.257129175107465,7.059263221154472,190.8736180324685,coffee
110,29,30,25.99453491218801,52.58679704306263,6.162483356475056,161.3490421066335,coffee
118,20,31,23.520552678951567,51.095789490791695,6.894767509510147,133.18349956845123,coffee
82,23,26,24.517312303449543,54.700998797201706,6.3140188687275,185.35851195104206,coffee
117,30,33,26.455765887126844,51.992005810003306,6.704612272884977,126.59803409503608,coffee
95,33,27,25.16165874115219,53.75716558725392,6.440990977428411,167.7275662975217,coffee
115,29,31,23.894886174838806,64.4025207393589,6.6629423496834095,122.32339453586067,coffee
98,17,29,23.544138791753795,64.1625002315633,6.321878470826326,185.94667945464744,coffee
99,36,29,25.1859648574559,69.85437151390559,6.972437043318421,161.52164578348155,coffee
87,27,29,25.486200228658745,68.48259612058001,6.638913808019145,170.0996603651685,coffee
111,27,26,27.366201647815316,63.518899361658356,6.970404830507315,192.73580886974582,coffee
102,35,25,24.435586059875988,57.52358505875092,6.661780181528509,163.82842701807627,coffee
98,27,29,25.629620654246853,60.262259727185864,6.424074885805526,198.61056410713397,coffee
117,33,33,23.776494567719652,57.8445719158427,6.553380825972855,119.25688520138385,coffee
87,21,27,24.675587809453102,65.50976367830812,7.196735493893685,183.29413359386513,coffee
81,34,30,25.29284050185805,61.066125786809216,6.741630329799606,135.1663976522699,coffee
95,35,33,26.91716671514584,66.67409249219374,6.317482486859539,194.09620184718625,coffee
101,31,25,26.457206177970697,68.9177771170036,6.871456073898844,159.10707150513932,coffee
97,19,27,23.57337156820368,62.03713819501339,6.204215006875766,185.57145281815974,coffee
109,35,30,24.54461955124542,65.57502409389694,7.160126185523306,145.75938981469736,coffee
106,24,30,24.209725916741494,58.07085136162783,6.425798717060656,147.6907347162157,coffee
108,23,33,24.647484495657693,56.19095403866657,6.761322046629458,189.92215887670017,coffee
102,29,29,24.74161504093588,60.837416258209764,6.409506010951297,197.47097911073706,coffee
113,24,28,25.771690182134808,58.9138408639815,7.04914648112115,193.9871610144945,coffee
117,27,28,27.156360066623762,65.1832544964416,7.112893815979987,117.51607722510641,coffee
114,24,33,26.526319006397603,58.160807424408794,6.8964346090558415,178.39317886969295,coffee
118,31,32,26.063954546076072,64.76876027885316,6.227548281388853,177.90052257269446,coffee
103,31,32,26.82950730125192,50.777877652863154,7.01984243325489,126.64702616142166,coffee
100,18,30,25.926136820581615,68.47164801707109,6.608335556978037,169.2382218711525,coffee
84,32,32,26.043963991014124,54.65977279946857,6.4207558638400535,156.1506769137323,coffee
113,30,33,26.502321448012577,51.98845603922065,6.741372702490765,126.91624795922343,coffee
87,21,27,24.847668036343777,65.14919141714219,7.172598377222859,184.45595092192957,coffee
87,36,30,25.444401509541642,57.755843694703586,6.671527692824456,155.4219830799126,coffee
89,24,28,26.074388258647215,61.950504647944136,6.784778061205368,195.21119046384996,coffee
86,27,29,27.09334208527239,55.40478608238122,6.210220740974447,192.11636737099062,coffee
98,27,27,24.933819920357248,53.605049377987626,6.995820842744217,198.07851115857815,coffee
108,18,32,26.215209008739308,59.64765518052029,7.168661473886268,189.22839224745817,coffee
117,34,34,24.961807025790474,59.40877695961238,6.96480178158942,121.86995415358368,coffee
116,40,33,24.857736749891146,54.16563473066233,7.016560282724679,128.3551662714203,coffee
119,20,34,23.95433308395335,57.24263539292467,7.060882285632728,125.31096363298761,coffee
101,29,28,26.074749014459677,54.93951492459354,6.326255541463822,125.07661269995168,coffee
106,31,26,23.426624334860634,51.06612988378328,6.847342109512146,164.84502862186613,coffee
108,29,28,23.315697236076353,60.527421547323804,6.713490459063854,194.29262972157883,coffee
88,29,34,25.06810086064556,61.34931455947606,7.007052229075337,124.5763344690226,coffee
118,22,27,25.63559241174925,54.9627500653437,7.007279638102777,195.40657405070053,coffee
86,37,29,25.26785436355007,57.63886157085501,6.635031835131955,156.14610153740674,coffee
107,23,30,24.088739866638925,56.49873499335135,6.45811880986145,146.79811544041453,coffee
110,29,31,25.826054746348234,52.36496968321781,6.187235363133189,160.67813481994665,coffee
84,35,29,26.61216458053635,55.231496722114656,6.3056172153889,138.72841520265422,coffee
117,22,27,23.460262546259113,51.750150753569756,6.880808568568677,136.62962437576158,coffee
87,28,30,25.66510093593406,67.54435178208097,6.57111700063598,169.33124763553923,coffee
117,35,31,23.64726673266828,66.64900655486107,6.740710504615385,162.75148497513493,coffee
117,36,31,23.32913713624975,67.09760579343529,6.695503979042859,164.9067648086674,coffee
118,22,27,25.63888177218408,54.64190761902685,6.995967205980159,195.48232751862358,coffee
98,28,29,25.63985761873085,61.01896364756626,6.221658107285426,199.45813869339162,coffee
115,20,26,25.591928017906575,59.221751538420406,7.1574457574158314,194.40098973609818,coffee
101,33,29,27.022303701395412,59.6099437658622,6.909591413678539,141.57025250976133,coffee
85,24,29,24.947669084837145,68.48864051251338,6.5804740932786006,167.01281459081198,coffee
117,34,25,24.787618139234127,56.559613613255856,7.172141624024016,123.62900427135007,coffee
114,20,26,25.561385077353062,62.20089352028751,7.262485916036957,193.69759048468288,coffee
90,21,26,26.379933475157873,57.105989104899145,7.19302615244326,191.6996755999784,coffee
87,23,26,24.942095034692635,64.43120749604088,7.476293794507377,184.3406217970887,coffee
113,33,33,25.694488546495013,62.66951466756282,6.584140651060266,154.44916915112037,coffee
82,35,28,26.212377395425545,57.804194953968505,6.2970784505636095,138.74459629471062,coffee
112,37,29,26.104360062806993,63.16603814320437,6.698241263996618,148.76633593111984,coffee
99,25,26,26.005397280425353,57.2154549053188,6.058825417586761,125.53228253860887,coffee
86,26,30,26.52978436801555,61.683739854437825,6.787852358442842,192.85500294163504,coffee
87,22,27,25.812241995040054,63.128049188117515,7.037300820964494,190.9683710858397,coffee
84,38,32,25.883244578941508,54.92231768870095,7.223678976314468,135.95950081498242,coffee
84,20,29,24.23237475946162,57.99100103875785,7.2976924619870065,135.77008327859247,coffee
90,23,26,24.507440361774613,66.74458167181112,7.417102425301499,180.79990344181667,coffee
87,23,26,25.00274494372474,64.04922788965735,7.475382854086605,184.9113626429205,coffee
83,36,28,26.70187903870858,55.46552692226702,6.154446605360975,140.5045533315516,coffee
86,29,32,27.045457352229043,58.56393893396385,6.3725723386251145,191.7242626122126,coffee
110,33,32,25.05349479670515,64.04280121771008,6.902767079146421,149.8508777846894,coffee
119,20,34,23.893632333802774,56.18881354770427,7.036465272713926,126.11068922345088,coffee
114,23,33,26.435845924595252,57.74284355662324,6.964838772173686,178.12546312123024,coffee
93,26,27,25.012431230770233,56.1888026753364,7.277139887149083,137.99175672197902,coffee
82,29,34,26.56177962463978,52.67214284978856,6.277792236127023,156.15372957705108,coffee
84,27,29,23.3249713962793,53.13355719135474,7.099250988848573,168.46859875003136,coffee
101,35,31,27.112715712859423,59.175993260270786,6.67520554897099,142.2869861344202,coffee
116,30,30,24.02789193234794,58.87623469426888,6.753878733466643,123.13309839177823,coffee
95,34,26,24.785965137685498,53.68181717584534,6.401894342012332,166.41734525743954,coffee
107,32,30,23.751985875791174,66.42130379529787,7.312497836765986,144.99195374564505,coffee
87,24,33,23.196196432859857,63.065380154693415,7.1993841356272315,130.4690443415155,coffee
101,33,29,27.030624607717005,59.207433209672,6.909745175827194,141.354521184152,coffee
86,27,29,25.2259470107124,66.0814538500549,6.640590797525048,168.74375687580397,coffee
97,34,31,27.071685199932972,53.5252799319477,7.1616916938562705,177.61109123563048,coffee
93,29,27,25.69708908563923,52.90912962173409,7.138393182171492,176.06775839281266,coffee
116,40,33,25.60382240417995,56.244392281874816,7.242925171395521,125.71020498059102,coffee
105,39,29,23.45272727302502,64.0097725258394,6.769147579457991,122.70742136559312,coffee
114,24,33,26.59724875801571,58.48848580936908,6.842806610507134,178.60306462979338,coffee
113,25,33,25.338785421356334,54.38361919473259,6.962773992476705,178.54648464008656,coffee
102,16,31,24.90820654840662,64.05413900105574,6.648211531280464,169.44872389567684,coffee
101,38,29,27.383630962152328,55.05503450662882,6.494681951140337,141.20620179580735,coffee
111,27,28,25.972130981533457,60.51287079810693,6.552102243903866,192.1458724759542,coffee
100,32,26,25.32881810857513,57.08511830891642,6.112583390989989,124.39011200327991,coffee
117,33,25,24.891262740857393,56.59763625334497,7.195986742356257,124.5151977400431,coffee
107,33,30,24.088781475906323,65.53027234011155,7.254265604279473,144.71753086300927,coffee
119,39,32,24.246708653228158,54.337000930038435,6.740648725236854,115.28296397704553,coffee
97,21,26,23.599710442214246,60.122176644799296,6.098199652571195,185.23337179048858,coffee
111,25,30,25.189612252435914,57.65782237485648,7.244720401064991,191.54095472199296,coffee
112,23,26,26.588952065302358,63.512644623251276,7.11994112860825,193.1794092572094,coffee
113,24,28,25.653562033798107,58.76467999327711,7.066421869240892,193.817915222891,coffee
85,39,33,25.8816148501985,52.2523080806825,7.3912567466295895,134.65367089600713,coffee
103,34,26,27.3408195719961,52.77549943371715,6.9535867241331495,142.1311181883145,coffee
111,32,33,25.227978538504154,59.63410685775537,6.616336864852327,153.3798336368419,coffee
86,33,27,26.21458308145141,55.774319273752326,6.403699151279422,139.9197125728444,coffee
84,21,29,24.242229136056302,57.94932913764073,7.297433009748511,135.82301990824425,coffee
110,28,26,26.68622908855188,63.52326786861327,6.886082697766438,193.06493280912474,coffee
103,39,29,27.1740316495055,55.68233176574487,6.348903817054425,142.22581819834502,coffee
84,37,34,23.949609725982114,52.67862249594793,6.93290389466005,121.28431445639357,coffee
84,39,34,23.990801338265065,52.17283801176372,7.089329774184346,122.5289032545665,coffee
113,18,26,25.87561536968373,62.85372864702398,7.175478947170625,192.89395106110638,coffee
111,26,31,23.88887278216365,55.343510062115826,6.193617825090272,189.63275732808376,coffee
93,36,30,27.159252301942377,56.27767993503711,7.043012535152477,149.72978513183077,coffee
117,33,30,24.08373467058487,67.21748770559681,6.382541244860775,172.81889487848457,coffee
95,27,26,25.26672996342479,56.27523824887723,7.186883255527707,138.18718561449003,coffee
103,34,27,27.515289700458336,50.74901977835795,6.988642905605858,143.90385169078206,coffee
89,26,27,25.066112290102332,67.8270619315049,7.011280690926586,174.69355090443887,coffee
85,29,32,24.078483944808028,62.99374420815057,6.9290595154371735,132.32208652223068,coffee
91,37,30,23.87777292643352,54.96041485831728,6.18934254167861,172.3173431281455,coffee
117,30,31,27.439486956134353,65.05673372119023,7.196905959083189,117.17957549452822,coffee
97,17,29,23.711618583188717,65.72879067851122,6.592861901269417,185.13229761439595,coffee
117,31,34,26.185857466961572,52.07730527714816,6.763511042311138,127.2779182777257,coffee
107,33,32,26.659069833618865,66.67304232493666,6.745760068771054,177.2088662674825,coffee
107,25,31,23.929078488208702,55.51433890876319,6.501491863241888,148.4924779966341,coffee
103,35,25,24.36407698276356,58.08818549627,6.710620362711892,163.46619666716538,coffee
105,35,27,26.86739102601548,56.69460614243128,6.619951957730767,142.41500842041674,coffee
98,25,27,25.084547972706535,53.99874347724608,7.180728060880709,196.8572975277833,coffee
103,33,26,27.019216316226814,54.61961886413574,6.958518658622889,136.7679135489792,coffee
114,32,33,27.269242729246958,64.15537891611399,6.360471586935416,180.1034283637107,coffee
84,31,25,25.838601761407862,52.71711248390252,6.750691467332329,188.1812942131495,coffee
102,32,25,26.921244095373723,55.92230653587022,6.827041804717897,138.02193563314728,coffee
102,18,31,25.108485547724378,58.52881993023143,6.5861333626969305,136.9951152395766,coffee
103,34,27,27.502090190146166,50.7661774036511,6.982312690563054,143.9077496425549,coffee
111,27,27,26.135201457099654,60.871844067497896,6.586974801965824,192.1971290480264,coffee
109,28,27,24.902072442107546,61.95582981720169,6.8019612992541605,193.6438038614036,coffee
115,25,29,24.519104070577022,53.50149494543241,6.414823219113702,193.56859480731225,coffee
102,18,29,23.693056921802192,60.03900229794748,6.8260961979003865,140.6428647915905,coffee
83,24,27,25.742761734368166,58.308392176837536,7.3147564374090175,189.91625674319155,coffee
112,32,26,25.056825714809825,62.67809631209886,6.760729445704026,162.47783784922188,coffee
88,23,26,26.69343691489191,55.34867147252559,6.729175917087209,192.003538669075,coffee
81,34,30,25.263906253429745,61.367218676757794,6.718006313919349,135.1275296213231,coffee
91,26,27,25.45949864783913,52.47974564978201,7.370240507295653,174.62013334758947,coffee
105,35,27,26.8657441691619,56.70123581719308,6.617909363828588,142.43545225465434,coffee
93,22,26,25.449622385709997,67.4497835321904,7.190305409052002,176.55406922168876,coffee
103,34,26,27.144216843608014,55.637078455375836,6.7965305791119865,139.90467896185453,coffee
90,25,30,23.774176952478467,60.35576501565643,7.232302848989993,133.47224698778822,coffee
119,20,34,23.698417652289226,52.79970393412629,6.957939729147631,128.68262080672199,coffee
113,22,25,24.114979514952285,52.97527450578113,6.954146114924013,140.59621530603908,coffee
98,29,29,25.482609345716963,60.99850851366511,6.251537056481571,199.1226442964472,coffee
100,32,25,25.320304299542627,57.44989534828562,6.083274018971526,124.92671112083637,coffee
84,36,33,25.08434464926608,53.471844044791595,6.893975642206441,127.12050009126057,coffee
90,26,27,25.308992108049246,52.516652068954876,7.355930125192858,174.1724174100626,coffee
81,29,27,26.307708904550438,63.87004312465093,7.33500825617087,149.1476631225557,coffee
85,30,25,26.59621912315258,52.67121141491547,6.562080107917015,190.49574275693712,coffee
80,23,30,24.421759910751206,60.014779766261505,7.079218041629865,134.79364833056465,coffee
98,28,28,25.211455783411946,56.52507454912133,6.690028229176865,198.62694421774444,coffee
82,35,28,26.018571565822935,58.63941474702336,6.362777126887589,138.04531585453026,coffee
104,21,30,23.93696820459825,61.33509087679082,6.626677833700211,144.1595448147272,coffee
103,29,31,26.98272774006993,51.154871240646365,6.867631266456504,126.42828168241823,coffee
103,27,28,25.103148276840965,64.78985586768215,6.547115695402227,151.77038647514607,coffee
104,25,30,24.35703895453114,61.490837779373614,6.414757484157288,148.44168842181384,coffee
103,38,29,26.863394932354076,57.0894911509338,6.588800581163431,146.2814822228789,coffee
117,21,27,25.625211250782918,55.975322918345086,7.042981465589379,195.16749750076104,coffee
118,32,30,24.561182448851486,66.6792430080484,6.332593412741066,174.34014239685737,coffee
88,31,27,25.696404372817312,55.9960061974289,6.686251588259373,139.2120454730567,coffee
103,33,25,27.113073779949165,55.61305684165692,6.913020016744427,139.62216558205012,coffee
105,27,28,24.19152929798236,59.40667819198444,6.8747479152889515,194.81156596758333,coffee
90,29,31,26.101756908998635,53.81697813902982,6.845803241632953,173.33140976981136,coffee
106,37,28,26.731138677920942,57.24311086003111,6.450958389910348,144.10642465545675,coffee
112,15,28,27.28030178415383,62.76189339570278,6.778604733334089,192.45438322953768,coffee
116,24,29,24.950117904791888,52.67577308903483,6.58772204452425,194.57879516454003,coffee
97,35,25,24.88493069228712,53.97578125116851,6.35488105561424,166.10458929636036,coffee
101,32,25,26.25935554671075,56.55386903724369,6.51954030995096,132.6078787339185,coffee
94,23,26,25.579574222409192,54.53712582243657,7.250510392731053,194.44329275688315,coffee
112,25,26,26.984376543377515,63.835058112354766,7.0589965751612915,193.0234380461984,coffee
80,28,31,24.585170902380856,52.67040637581266,7.056723166192146,135.09017804139944,coffee
85,38,32,25.94722408167103,52.22145478577457,7.380213035360626,136.15289764120106,coffee
118,32,29,25.284631280261017,65.39658104883851,6.598442028634511,163.280348742119,coffee
89,31,32,25.45144427483844,54.27262841883167,6.682282012022907,174.19063153866102,coffee
117,36,22,24.329101291802807,80.40545465653508,7.372331119977911,98.26755664884223,cotton
117,43,24,24.09747844553929,78.02773566402162,7.9016430094652526,70.37303244392535,cotton
101,45,16,23.656988212647153,77.55482435045036,7.297177122289069,74.85065100527615,cotton
118,49,19,22.868674176842834,82.15604114333755,6.375409300786587,66.08701115478469,cotton
101,58,17,25.634024708948466,81.2797030845373,6.668482386939273,78.5605437206539,cotton
111,39,25,23.25793874308149,81.99140358991285,6.78052835508596,90.68601573306081,cotton
111,40,18,23.457367814255655,78.5237539232804,6.110696137502722,82.32284004458555,cotton
124,38,23,25.232382834745437,81.63431871473107,6.644473457952242,87.5668994015789,cotton
115,36,21,24.682917808653137,79.72096085065004,7.382942100533418,97.68112056500358,cotton
122,36,23,24.046026865929843,81.8366407381154,7.520459521186666,98.15511372092217,cotton
100,37,18,22.77815892788507,80.70635834380843,7.574122847424747,91.04947933080955,cotton
107,41,17,23.941281766711356,81.094510451473,6.298511844916415,81.00615255952634,cotton
128,56,22,23.420685256961455,77.67724257567575,6.036103246613546,71.1894068613796,cotton
131,58,18,24.115746693920943,81.8108339737909,7.5478178093948,86.65509826892234,cotton
101,45,18,23.74526769628574,77.4177683451479,6.510187968826546,68.19498208754412,cotton
137,35,18,24.221629786867744,82.21169830281714,6.595318421758045,87.99804829595332,cotton
120,53,18,23.56541720749414,76.73314039402885,7.964043031483634,80.30281419972266,cotton
104,36,23,25.303887155809576,76.82189619563036,6.052655225905008,67.87044306435494,cotton
118,44,23,22.20532663024912,82.32225170914906,6.812443749371359,67.49786822123502,cotton
102,44,18,23.43275415172075,83.4750460967837,6.586061277051984,81.30585966466816,cotton
110,37,18,23.32295015746237,78.43033057425076,6.932191996809907,66.30751891492525,cotton
111,41,17,23.652153032028814,80.63150591019205,6.4988695425494765,68.06450761555807,cotton
101,44,19,22.66504998477135,80.49945441342913,6.896209851775776,83.26819789388536,cotton
107,42,18,22.830679545777592,80.85531596802448,6.8509997926245845,65.13306747506742,cotton
108,57,15,24.13542946703251,77.10812862984255,7.2382767265917645,76.69403867111244,cotton
104,56,17,23.108307792603608,79.59813937804502,7.230131028052352,95.6372106777991,cotton
113,50,22,24.513964277907252,76.82145325683398,6.3179360620511025,66.57345411803757,cotton
101,57,17,25.738089598051673,81.51944034883587,6.79568013687708,77.56503578237209,cotton
111,53,18,23.996982921155976,78.01462360888588,6.487538983369997,84.658442018637,cotton
123,38,23,25.012141718176213,78.21215842004136,7.448536211272262,86.01491034349858,cotton
101,51,19,23.111147851341524,83.34829113442399,7.44931286919037,92.51426530642196,cotton
124,59,17,23.963891141806908,84.26961368114307,6.627421554041799,80.20821814051155,cotton
132,48,23,24.12335987460969,79.50508698917713,7.293227083423082,90.9693304410517,cotton
128,39,19,24.351840075665123,75.51234959696349,7.022921661600943,90.6921328211993,cotton
125,38,21,25.047026114779985,82.27940372226102,7.871195155497642,94.7102064616961,cotton
138,38,17,22.849481953655456,79.65145932331617,6.310153336064955,75.48260499454324,cotton
109,38,24,22.96574454413306,76.93821859530456,7.3131897752534885,76.78460179259744,cotton
111,38,17,24.78578553245884,78.59388264896175,6.860103488420513,66.48378447224435,cotton
125,60,17,24.152528848840323,84.40986330347566,6.769236412022917,80.19595237775765,cotton
105,45,19,23.45464895062892,78.55028189676231,6.283066672628922,80.67963955695204,cotton
123,56,18,23.865245619971073,83.05437029343537,6.344576736118496,79.43778258917858,cotton
114,36,20,24.77175407628172,79.549098113797,7.385606306028464,97.53387816559636,cotton
112,38,21,22.241140381311276,78.25014168547501,6.5913403042248655,74.99366634942575,cotton
109,39,20,23.530185225872263,77.30695825343994,6.754129483649086,79.92327952170433,cotton
115,41,19,23.490844283285405,81.13876037693485,6.485753376861992,68.56144392662006,cotton
119,48,20,22.760032409409586,81.93059676018206,6.393561024436834,65.59410316760399,cotton
110,39,23,22.767697519440613,77.46465642899787,7.036900661398685,76.04369322047341,cotton
122,49,16,23.008008331876884,75.52936212429458,6.565160344328113,70.74027704068011,cotton
131,51,16,23.70970419801961,84.10430970427765,6.538546352586728,88.70375170955181,cotton
120,48,16,22.583526836795276,75.43673008370007,7.256635540308545,71.604093325237,cotton
109,40,25,22.764127531512987,79.38576662935854,7.215027306087574,74.05247012887607,cotton
112,39,22,23.65557882003181,80.63272298594265,6.357010526949178,91.0315121289126,cotton
105,42,25,23.65289312289345,82.1225147010053,6.892296616847702,72.09197527817726,cotton
121,42,16,24.563176484458587,80.71998070426893,7.1110723379247265,77.81289160203652,cotton
113,47,24,24.526795734652676,79.49407336513994,6.541598211925782,66.47499344438471,cotton
102,42,17,24.064084403352627,84.31020281347121,6.543198834405049,81.12506509481884,cotton
102,53,21,23.105846202327093,76.26143327864862,6.817220399847868,90.95637439616765,cotton
107,38,18,22.678937409330384,78.68324335008202,7.094925386103848,64.88524703295899,cotton
102,47,20,23.83350030463796,83.84035286078951,6.422226397237737,86.08606673265923,cotton
125,38,23,25.25721023505799,82.01581993954406,6.555178959512481,87.7328462271627,cotton
131,58,19,24.43033771865379,79.76537878957883,7.1192663423869025,89.57075856726883,cotton
113,37,20,25.16206877626027,79.57992830781906,7.229606270144805,96.67182348026658,cotton
119,48,17,23.353279787584782,80.47735344212342,7.193955582592267,70.16141306951963,cotton
105,55,15,25.92655051114122,81.94537511025001,7.182821761591321,74.36559582809204,cotton
100,45,18,24.191715248047682,76.05176395412981,6.428973889496011,69.10000249861947,cotton
115,45,25,25.061043292393755,78.28662611304102,7.330171135655961,68.15158290524028,cotton
103,47,18,23.867343164692524,78.03980257387107,7.685909109083523,91.28952090823202,cotton
122,40,16,25.00597641268457,81.07087935680474,6.845872278815459,79.93673404515475,cotton
124,51,19,22.718233415611547,75.79236012373713,6.3511974616859765,70.55690305510375,cotton
100,47,17,23.801091332179787,82.68357372137234,7.756995388345384,66.4084728732086,cotton
111,48,25,25.394459529685207,78.54673866240567,6.556035464092039,66.83448860233295,cotton
104,56,15,25.959542943828602,81.96252773275505,7.255189046268986,74.26470292603997,cotton
129,52,21,22.95173748727848,76.35254921163722,6.914089322002872,72.8167137067783,cotton
123,41,22,25.34863729121888,76.78774826008336,7.5355439176032375,88.40191799923969,cotton
114,44,18,24.329980014534296,79.94140109930832,6.859267974910611,97.45009181754243,cotton
125,37,21,25.573529748880297,82.2032357953535,6.889681396008284,79.9974003064212,cotton
101,45,16,23.67555787301946,78.37924128568163,7.3769585794112515,73.56003436947141,cotton
126,37,20,25.84453217855347,84.05382311316646,6.616621820089717,77.06237132239742,cotton
122,48,16,24.395737310739598,75.61949266414925,6.3382635865057475,63.25147758583287,cotton
120,44,22,22.40710250183889,81.51930670979806,6.478391790800624,64.62592595221825,cotton
112,40,20,24.40159020403501,80.49242233980276,6.976132440310539,94.38604764198887,cotton
132,41,22,24.295753689537044,80.95357466839924,7.788359432640054,90.43190895570227,cotton
134,42,17,23.725993221639392,81.51639894058836,7.051135333595669,87.87103178276465,cotton
113,54,15,25.115209692579384,79.79015441488531,7.010409541785104,80.75757862207836,cotton
126,59,20,24.230300315627314,80.59751574868945,6.036304421485724,74.51591214951692,cotton
106,36,21,25.296319887708627,76.05400673935365,6.154083371330989,64.3952887219802,cotton
106,55,15,25.830529677858294,81.86699772034166,6.974481448238589,74.88684068909268,cotton
132,41,22,24.295300736000073,80.9610416969732,7.790727764453475,90.43033444620761,cotton
103,50,15,24.910829906109893,79.94202577441416,7.282331729445954,74.48775280597778,cotton
107,45,18,24.10982521390455,84.66796615069816,6.9789018758543415,66.10156066556438,cotton
101,57,17,25.727011225217883,81.49727456389465,6.772692852576485,77.73013745527653,cotton
100,40,20,22.43871416967984,79.67147907324133,7.385461371731689,89.57149153161315,cotton
102,46,17,23.373718151033867,82.58686063755941,7.502517625582204,66.04896716507223,cotton
113,38,19,22.414211265325395,78.79783701191019,6.364546777748958,74.18171793827929,cotton
111,52,18,24.124164498407485,78.32974502565885,6.6140104464022285,84.63051977806721,cotton
104,47,18,23.937403001203467,76.96153547752874,7.613635101077187,90.75286333672658,cotton
131,54,21,23.068058931977955,81.65564581654944,7.707509568760896,94.43251636364816,cotton
120,47,16,23.578962931785142,79.42064266624833,7.66728861938611,72.25100351395983,cotton
127,60,17,24.61302474722966,83.43065989839616,7.040697084830403,81.59935228019319,cotton
104,46,17,24.07581085850838,84.07992138114736,7.320503320511117,65.56268724000658,cotton
122,49,16,22.89853279574061,75.50547193726645,6.74349466203574,70.96305883911147,cotton
102,52,20,22.978934947835864,78.12624818649999,6.947025260324532,91.53259241162696,cotton
108,36,20,25.11439886082543,76.49014186411303,6.234414534627639,63.896866254794894,cotton
131,51,19,24.271944889481237,77.00475238175312,6.507069607406652,62.35979302009129,cotton
127,59,17,24.540645731060895,82.58291363468162,6.908677278448547,81.90110231587504,cotton
120,46,21,22.614123829886037,81.62781938012893,6.417939238049189,64.9321155550632,cotton
130,56,19,22.186511917859168,81.87757942630024,7.690357225427528,92.31058963801203,cotton
110,39,17,24.529160460581327,75.79916275847756,7.647317035889547,64.35305157446477,cotton
106,41,17,24.006546048860187,81.74467143283691,6.340805555336722,81.01591583311826,cotton
137,40,16,23.40451917457216,77.26171407800027,6.180177090269963,77.79949269453971,cotton
110,40,18,23.545922264961952,78.05234254405627,6.208977721626122,80.41472375927096,cotton
113,40,22,25.438920162543333,81.02751086027034,6.845941281340927,95.59079358455462,cotton
106,42,23,22.19315399677602,84.6288344816059,6.169668740516927,85.6840199657084,cotton
131,39,20,24.02126345830206,77.61544351477896,7.174813910927074,90.44105520261124,cotton
109,39,20,23.53064578156579,77.31029296981944,6.751487753497091,79.92750760821787,cotton
128,50,18,24.444173665101196,79.97202430519052,7.097093904245526,77.74348226552978,cotton
115,46,17,23.845893771110294,79.51026919348413,6.572731988177603,98.26015756758689,cotton
110,47,25,24.986887115689832,79.43128613547462,6.674660401638107,67.71861149738581,cotton
103,50,20,22.813427985828937,83.78040179123929,7.043591208768896,91.59165791180656,cotton
121,49,17,23.565475453074487,78.18065663820455,7.833314529180477,75.80251064967233,cotton
133,49,24,25.512464611074513,80.87947354614523,7.515811503676662,98.48276086408742,cotton
138,40,16,23.066860303945298,77.16905724936626,6.093328167488061,77.67590788041427,cotton
109,39,20,23.563605964960015,77.54894567779868,6.562429380077676,80.23009534918081,cotton
133,55,18,23.66208483499529,83.20845476326335,6.63955507615709,70.92144052628642,cotton
106,58,15,23.920425428210436,76.30288172405297,7.4709535777645995,76.82117055649152,cotton
120,47,16,23.24904236963459,78.0856294947917,7.640320647611541,72.29756827443798,cotton
110,52,19,23.98282617936387,78.03158957764607,6.410593706799093,84.52775396342277,cotton
103,47,18,24.093191262108423,78.35633552797098,7.391465201112599,90.58842796752002,cotton
131,59,17,25.289726618321126,81.69500638925328,7.4339988971811755,83.4766525174604,cotton
133,46,20,25.17874343042725,79.0068044365436,7.002728682547785,67.7354542900289,cotton
113,39,17,24.533735616060486,79.43902898002075,6.587638346554289,68.11130795321012,cotton
130,56,17,24.582577309218756,83.1859884660999,6.5085132550571485,91.7908057643755,cotton
131,36,20,24.375675602192747,84.54017829720998,6.780932976095054,73.96229574529205,cotton
107,40,18,23.468256780470778,79.78282593463832,7.0181419457820695,64.4832671841901,cotton
104,59,22,23.636329300416737,77.41717184065718,6.229013942323201,87.1102060261243,cotton
111,54,15,25.37463512105536,81.27190247481468,6.24570026897547,76.87315536914252,cotton
131,51,19,24.31524361291138,77.10961242076648,6.535305556608721,62.52570436921965,cotton
106,47,20,23.810614345122158,78.52611827858958,6.143902546002954,80.73797210951261,cotton
139,37,15,24.15255747217863,75.98034079485157,6.037298911691259,69.82554998974716,cotton
133,55,18,23.920847818648696,83.65650762548826,6.7322480883907785,70.7130551667353,cotton
121,54,15,22.68472149509058,79.69117116041365,6.892392828106368,68.01246685163412,cotton
133,41,19,23.917617034535954,81.34971396194,7.308595560144563,88.7338006340744,cotton
135,48,21,25.661445931801676,80.83320949155791,7.01057390085203,99.7617908136061,cotton
125,53,18,24.48301651516982,82.80383107043711,6.689034635358225,79.26739423902575,cotton
111,50,15,25.142634049216085,80.15908353972864,7.889854956532902,84.65928290633619,cotton
131,41,21,24.298176642211033,81.01220828108328,7.7256291267813015,90.87339349976925,cotton
132,52,18,24.116788920481927,77.69632185970147,6.470499773443664,63.14509856779893,cotton
121,48,16,22.674579376516043,75.4565999311572,7.108312059833079,71.41880217009268,cotton
113,39,17,24.370423922153165,79.19165348602493,6.642645113873733,68.34202366923157,cotton
128,37,18,24.55106202383414,76.10128223504867,6.967872016800667,91.44854992314535,cotton
120,47,16,22.949080303396453,77.06771945522189,7.570570663470139,72.12896226022625,cotton
125,49,18,24.554642891242835,81.42232667791912,6.769368697598132,77.80277060467813,cotton
102,48,20,24.33021589412179,84.42039795933692,6.3246445958054185,88.23169626718717,cotton
107,43,17,22.763045964263103,82.13420965088811,6.778664623481948,65.45149577351064,cotton
130,59,17,25.227675922663618,82.05952652278388,7.086652306082185,87.22279940232534,cotton
109,38,18,24.68165410101281,75.44583336033641,7.485946748219882,63.65829739330233,cotton
119,54,18,23.931109255361296,77.07580890814044,7.977656533664615,81.90301317534919,cotton
112,40,21,24.89485744680288,81.34772415953707,7.035844816615925,95.21351376825808,cotton
130,57,20,24.41461568411691,78.4302947854382,6.50831027918196,73.09256074477739,cotton
119,53,18,23.77047306984087,76.94146801581691,7.977361780112124,81.21504656191102,cotton
138,37,16,23.750668116470774,79.27068618901048,6.362471493163017,70.43631861754362,cotton
132,49,24,25.6707712951416,81.18134081346781,7.519287980675675,99.8793261678549,cotton
120,50,17,23.008572416195147,75.47473566917445,6.351642459061222,69.29123592750106,cotton
116,53,15,25.841336442180545,79.42300410195612,7.3035310208796425,89.05946438846729,cotton
130,56,17,24.58544656001114,83.18198839745426,6.5085828516615685,91.80087089164411,cotton
103,36,23,25.306135318947625,77.05002882509045,6.022521891831788,68.90287825593794,cotton
102,44,16,23.85955840879678,79.78194256484977,7.050119619438186,76.8599258584526,cotton
104,45,18,23.512501511076433,78.25592155420344,6.573161062426273,79.02106074227375,cotton
112,40,20,24.37654640979415,80.49045115450906,6.964416745817087,94.30509163280652,cotton
119,46,19,22.911888991801344,76.41292831309546,7.715248305039393,71.76722993109216,cotton
112,38,21,22.260416483367074,78.20221287327388,6.62395059370192,75.00119266119263,cotton
122,37,22,24.140722486799497,81.87278334990933,7.562179747513132,97.85377107882961,cotton
120,44,22,22.43568213878421,81.40324642728883,6.4594906306792295,64.40982651180988,cotton
113,39,17,24.334990204838665,79.94893696103524,6.418378784073191,69.23245577126063,cotton
102,44,18,23.40768790357683,83.4418871511361,6.587763081488989,81.31303790702104,cotton
100,37,18,22.908302996427704,82.47890765773009,7.630721573082731,92.72239179654653,cotton
134,44,19,23.896828682575986,80.58542675648594,6.951379631337521,88.58878188830066,cotton
132,52,22,24.149186219312938,81.4686570439471,7.65126633878837,96.67258744860928,cotton
139,37,15,24.160915489846513,80.70713906042666,5.9448034257319735,82.67038684961004,cotton
121,44,23,23.082810131325306,82.34940188743614,6.719580842502226,64.40643395521478,cotton
106,36,20,23.462014612612393,77.621092087152,6.881487737131005,66.81884298683038,cotton
132,56,19,23.346448597197334,76.72990281858272,7.923470041718828,85.16106969535711,cotton
138,44,15,25.01805380834502,80.46762124074168,6.03091322444587,96.23719064461487,cotton
134,38,23,23.393359574056227,80.66892211873251,7.687183072912066,90.21742497222677,cotton
102,48,20,24.59647999029319,83.79879668872007,6.436735195798842,89.92659225679512,cotton
100,46,17,24.00826505355915,79.10754827598308,7.043406109526761,67.84721840816627,cotton
121,47,16,23.47287655260298,78.39923257604893,7.430914131287529,72.058617011549,cotton
129,53,22,22.72516554130467,78.65668295582678,6.308292180222239,70.58742649728923,cotton
113,38,19,22.68436218083519,78.98669705445514,6.36438561689416,73.51329697479562,cotton
115,49,16,25.34560584629072,82.57640452414736,7.367275614993188,88.06269124664848,cotton
136,36,16,24.277170121339815,78.28578443588601,6.412862532912295,67.69226923152085,cotton
126,49,17,24.425968901673397,76.15118446229683,6.367706929291836,61.88403317058116,cotton
129,37,18,24.368920332633387,75.9898283986246,6.92692410613784,91.18348575612818,cotton
123,38,18,25.30943982441889,82.42787973809621,6.761022144186505,78.86886536374259,cotton
107,44,22,22.890195664457735,82.95404391183371,7.084094541428161,69.96688156144961,cotton
116,56,15,25.864408720148056,77.12184007948713,7.429332208492755,88.73196085641469,cotton
105,55,15,25.940759810429476,81.95697350772859,7.2136522570684365,74.28846127323351,cotton
125,38,20,25.025075388909592,81.96765244666643,7.916754338879271,94.89074372942544,cotton
104,58,22,23.457962040691907,77.04786741939655,6.31557315210233,88.14489260263517,cotton
119,54,18,23.938773624801946,77.08221866087716,7.977670597121818,81.93583784851445,cotton
127,37,18,24.83307048125499,76.27384527800923,7.031271324474291,91.85894655647664,cotton
110,40,19,23.567952419276903,77.58041677370939,6.537498281440725,80.26999754806171,cotton
139,37,15,24.032240168373175,80.38113696479411,5.950305300234424,82.21084147746222,cotton
131,53,17,22.84420701291056,83.17587976116357,7.115454771481093,90.36487494084271,cotton
126,50,18,24.63375173744644,81.30746190925153,6.742485733062473,78.3805608450928,cotton
120,44,22,22.425054373023844,81.44640518045809,6.466519309971191,64.4901863231679,cotton
103,49,19,23.264692725975536,81.29629829866127,7.279907016707146,91.28799567482824,cotton
109,52,18,25.19599140818103,80.07328303977295,6.089617449092125,78.08316717904319,cotton
130,57,18,24.771660928909828,82.92238395284497,6.513099671105838,92.45409762497279,cotton
112,38,19,22.189840135450275,78.5585940649432,6.350776470968791,75.26528569455539,cotton
122,39,22,24.99811534645541,78.86565130168265,7.322201603979274,84.7466110413639,cotton
100,45,17,24.125775839001214,76.21021911530703,6.529556105804402,69.74069663256033,cotton
131,52,16,23.649304983534357,83.88932806839594,6.586976919904412,88.23953765785926,cotton
102,50,20,22.850828577249533,84.16464737642153,7.026179470585985,91.59158622123391,cotton
120,36,23,23.67014127538249,81.68027939784702,7.3525688658487445,99.35975532536487,cotton
121,47,16,23.66648018216354,79.43206582945868,7.662088204796599,72.83809294024825,cotton
137,36,18,23.37242108212925,82.50139656517396,6.687699658771848,70.932873486111,cotton
123,38,18,25.366528785534683,82.61172274765292,6.7455455587263335,78.67509652332718,cotton
105,49,21,24.249370679606177,79.50883163133717,6.173676326031873,80.13545824895184,cotton
131,52,16,23.653639097736264,84.20974516609921,6.531865999898617,88.406250866056,cotton
122,47,16,23.94535400452629,80.05698696680801,7.381783595376207,74.3969499187334,cotton
106,52,21,24.996575802602827,78.73603904597047,6.092158117636668,79.41007670517777,cotton
118,49,18,23.042522694415943,81.93240392980891,6.542194020442783,67.2841266211745,cotton
128,52,23,22.497606226272733,76.24526553725813,6.42945402750739,71.3303271021005,cotton
130,48,22,24.970165527200603,80.97098733940216,6.830523992367905,99.16975615413632,cotton
120,48,16,22.59156657612937,75.43848454760249,7.243538902655102,71.5877325230799,cotton
127,55,23,23.15492057527515,77.34686549458561,6.056347568242263,71.01661998333189,cotton
105,50,23,23.092371865847092,76.55111373842799,6.899535311734336,90.31175960130078,cotton
101,47,17,23.582041727113147,82.81829760309574,7.669138013241615,66.15988614964795,cotton
108,43,18,23.54348346636915,78.37310743792597,6.1517654484558015,81.05362657044223,cotton
130,37,18,24.103349788735567,75.82732383548196,6.867220263297044,90.79701061944469,cotton
110,39,22,23.040375687926712,77.67057274612999,6.746808998079021,77.57523614374253,cotton
126,37,22,25.295950317960173,82.62925723434907,6.295012528555163,88.9133098644525,cotton
107,51,21,24.936994637073234,78.62107712625004,6.006096600446523,79.24768787668437,cotton
134,55,18,23.845261139899122,82.18477051668395,6.999766284366485,72.19424512254382,cotton
131,56,19,22.14978500529171,81.29832981075171,7.779665785538853,91.48774829154279,cotton
121,49,16,22.80896590437345,75.48592629390347,6.889398039401006,71.14532671230866,cotton
125,38,21,25.147397596536596,82.71007407217519,7.331971785726348,92.71366517749483,cotton
100,38,19,22.776785690894524,83.23325042304548,7.54441187019305,93.07871871843095,cotton
113,39,18,23.2574303020541,79.38732375435107,6.364043748172011,72.09538304693027,cotton
132,37,20,23.443406643651297,77.47074460442983,7.110486768790346,90.3105343135148,cotton
104,44,20,23.1472070522974,77.93283263320198,6.563822761092626,82.83152367004256,cotton
103,36,23,24.684868191453884,77.8167829295707,6.238892211462156,70.78585693640524,cotton
121,47,17,23.929410006187563,77.50817710390494,6.352566093563965,62.62256098358446,cotton
130,57,19,23.33959905811671,82.12727116544659,7.222952642704913,92.78993299618824,cotton
106,58,18,22.829108806956075,76.59343240175252,6.6489029592715045,96.17566468144267,cotton
129,50,22,24.168036747027728,78.43675202462917,6.829193989345337,68.41540809875612,cotton
115,46,23,24.36426303640493,77.63520597051425,7.331640063053754,69.32847689688856,cotton
127,60,20,24.47038643978038,80.52067727904192,6.164583822102833,74.12588690618915,cotton
126,37,21,25.249340774242278,81.9257735927571,6.377941358159283,89.24778461681078,cotton
107,37,18,22.71945148737326,78.22516843904981,7.151120577190162,64.77930327201736,cotton
133,41,16,23.57918412690464,80.18371528427421,6.744466293380817,87.70720868714709,cotton
130,56,18,24.621283651612334,83.13202733206192,6.509452116869874,91.9265848546272,cotton
118,44,23,23.065043795938706,78.71382424402664,7.672227226046882,70.58282620624962,cotton
111,41,17,23.56605256502823,80.69497372439555,6.516170496628551,67.88746496681595,cotton
127,45,21,25.356426404110966,75.29965527025483,7.252370391261297,90.61458887741011,cotton
135,36,23,22.961476589328736,80.67895897526758,7.480022461219455,89.93756684132251,cotton
109,52,18,25.180875752096334,79.98852891307445,6.084742977419644,78.15113132505846,cotton
116,56,15,25.43393036079463,77.3488624366265,7.634786175342576,87.43055575783744,cotton
106,50,21,24.583140420149448,78.3025528792222,6.0261361468779295,79.88173739892284,cotton
135,36,23,22.769302122612675,80.30748596315394,7.5805052482426145,90.08169616785923,cotton
113,44,18,25.24231007038852,82.11701234183792,7.220939460444877,93.0477487075346,cotton
105,43,22,22.279958649691892,83.97458369428936,6.301577904036986,84.5515766154591,cotton
112,48,24,25.588942346541195,77.88562891714355,6.535562842297531,66.43229682462716,cotton
116,52,18,22.895740711285676,76.0114536410438,6.202983406603529,66.95040461288465,cotton
128,42,16,25.574603516927525,78.36158280542071,6.722595579247651,78.45945981613309,cotton
107,44,23,22.91965513185357,83.04425599917666,7.105642057466706,70.24796871546269,cotton
109,38,18,24.7747343383063,75.47946337679423,7.290797678946597,63.50339586576237,cotton
116,51,18,23.071872395802853,75.39157291535524,6.1290892689261565,66.68416235260258,cotton
104,56,15,25.918118197942835,81.87964444092829,7.1692339673921035,74.88205846624355,cotton
105,56,15,25.48450431762788,80.63395809506224,7.333835311894508,74.68262948048313,cotton
105,43,22,22.259529416507263,84.03182710241393,6.2878658475365885,84.67878520803805,cotton
124,38,21,25.02579742423429,82.2105911553649,7.952118863668123,95.03726470137393,cotton
103,44,20,22.551145131486884,83.21470992345519,6.483597675748954,82.8629547095947,cotton
115,41,21,24.549373419999,79.13543500914638,7.272597118169411,69.36501074963832,cotton
132,41,20,24.078085350946345,81.21012975530986,7.52419616046891,89.45629468597876,cotton
112,38,19,22.237367201864377,78.54444404163533,6.342752694628621,75.45155213058793,cotton
102,45,19,22.740838194036275,82.68318349268915,6.610919243225487,81.68177540194188,cotton
132,46,23,24.39587532408898,79.30304973581337,7.264859265476033,90.77994126223086,cotton
106,60,20,23.227700146900474,77.03582328022023,6.346228108800001,91.57441228344416,cotton
132,50,24,25.652514313351936,81.33607662456147,7.4574620638778155,99.24557220191757,cotton
107,45,22,23.494489592531693,83.99894502671978,7.128547673500951,69.55294134388618,cotton
108,36,18,25.382251435140805,76.38546293302767,7.300824438588184,62.53558122083012,cotton
103,57,22,23.358701238309305,76.8261730923415,6.456986581715391,88.9374441107016,cotton
128,38,19,24.649426881636135,78.13469534438288,7.339954652224492,91.33784740002088,cotton
126,37,19,24.988076868973476,77.98248496913413,6.842788429241513,91.12264055927272,cotton
110,53,16,25.303608049679166,80.67669412674756,6.124321484929595,77.59929316818514,cotton
104,49,22,22.95356791083156,79.23650999975169,7.006173657070146,91.00489888905312,cotton
104,58,22,23.404889575844802,76.92933256881092,6.391183655865121,88.56865163985555,cotton
106,60,20,23.182154288499035,77.00884939477537,6.366853199795432,92.17487073153741,cotton
107,45,25,23.170711786016643,83.37290054152417,7.203262627051813,71.65833394978037,cotton
130,53,16,24.05325899584093,83.92391963424053,6.49567409949567,89.93399484917188,cotton
132,52,22,24.194730994322516,81.46077974616982,7.648896973696102,96.76695518381048,cotton
110,52,17,25.22527576967167,80.2374817004302,6.09906102135475,77.95149663764148,cotton
121,47,17,24.05955209520227,77.17187195575121,6.344490157831427,62.48022568088797,cotton
116,56,16,24.882982265359168,77.63941719407138,7.897736610076595,85.76495133226756,cotton
111,49,15,25.196806599317966,80.59222460973965,7.830553703919544,84.95324372249164,cotton
118,44,22,22.088231292766253,82.83086790394324,6.715495697933086,66.68336036227144,cotton
114,45,25,25.10562340632282,78.25964509712425,7.269173022663827,68.0127601452559,cotton
111,42,17,24.31604107961114,82.12074353403067,6.601644467061736,67.59697401743895,cotton
113,40,20,24.759178350055976,80.45342373614788,7.267496827828463,95.84884701044656,cotton
125,38,20,25.018681274904207,81.72353562915063,7.879033367996203,94.76287773406096,cotton
102,52,21,23.038231349458638,76.15463965571183,6.922277461495137,91.39222737903016,cotton
139,37,15,24.11822875775919,80.59899117350604,5.946628616764528,82.51793733591748,cotton
115,51,19,23.39553830802584,75.78947927352911,6.173142522834059,66.93418952910004,cotton
104,50,21,22.899494870800424,80.98977226768602,7.020611232734866,91.23130006719977,cotton
115,40,16,23.84139580623059,80.74064026364964,6.525442022993087,67.49430933253407,cotton
133,36,21,23.284247363609193,78.14051271639049,7.221460364814963,90.25650454013099,cotton
111,50,15,25.18032812932344,80.25571012214581,7.876953777006421,84.69032409104558,cotton
121,46,18,23.827380254741254,77.77183608568416,6.358897525014971,62.73415006030903,cotton
105,40,22,22.265869063792433,84.14336449335609,6.518447940033264,87.73839237668732,cotton
136,43,17,25.04376468558179,80.43093448872806,6.590884895109598,95.86706655578388,cotton
106,44,20,23.43343516532364,78.25881509705715,6.412772298123973,80.75289149644806,cotton
135,38,18,24.703937293231654,82.07532054347494,6.9867027311240335,88.7528385950457,cotton
116,55,15,25.86357136962885,77.11616919598157,7.308003176903107,88.83382249596002,cotton
107,45,17,24.23275633848176,84.75363540291458,6.925325093555858,65.04393301880175,cotton
125,39,21,24.932438838041826,82.05371862586588,7.935386265415304,94.40311952640405,cotton
111,40,18,23.62228274289617,78.13211926201849,6.1089437644824915,80.87926525275797,cotton
130,58,19,24.841840519812706,82.4525694625942,6.614018140672568,93.41442133007085,cotton
116,42,21,22.775673269652575,81.99837284350912,6.590485129861385,67.8002050696613,cotton
101,46,16,23.71413979193905,80.09212061213772,7.5427193767689555,70.87853856391752,cotton
104,44,20,23.19143982137547,78.03939120403967,6.508624816332153,82.57604618250056,cotton
109,38,18,24.394651083405122,75.5811661177866,7.720437955073538,63.94450405706374,cotton
133,41,16,24.379372528349222,77.52922317668474,6.430918211001312,78.15629383618432,cotton
126,37,22,25.49596342963631,83.77950290472864,6.296612353826528,85.31342542823033,cotton
112,54,15,25.280156519604734,80.63431336603693,6.613620178490841,78.91755106943307,cotton
104,49,22,22.949423541319923,79.37088688488593,7.007280209399593,91.02225116182287,cotton
100,47,17,23.87823607535839,81.35197836869945,7.491277992900888,66.94421482954694,cotton
101,45,16,23.764884117786302,77.2203375237179,7.117361595042605,73.70555959722594,cotton
107,36,19,23.413618013362818,77.04823342600268,6.978750575657304,64.1184218219741,cotton
108,36,18,23.267523343413195,76.931340955829,7.383540905101249,64.4128870934169,cotton
129,51,18,24.265613331813494,76.5137153800018,6.4099374497976545,61.922126947923196,cotton
116,51,18,23.15119106506157,75.40377849493996,6.138036592135543,66.44083255989925,cotton
109,39,18,24.032494865686182,76.88889164452283,7.518118126688005,64.28514225281023,cotton
109,39,18,24.448475484274685,75.68534384792837,7.71837118884648,63.95883248122179,cotton
114,55,17,24.511513998450166,77.80946179901831,7.560081172015275,85.08355462174178,cotton
100,51,18,23.470915166456237,82.32640622669321,7.897536768050076,93.44063026537034,cotton
105,54,23,23.28720418525139,76.84509660773908,6.594100520620962,89.08817623840892,cotton
119,44,23,23.520959501255565,79.97592492533998,7.108605953771727,66.65002116440142,cotton
127,50,18,24.571428531707774,80.86844092164768,6.859062074069918,78.1711232297894,cotton
103,36,23,25.30785716132357,77.22475299082907,5.999443116694153,69.69360853400232,cotton
101,58,18,25.27686111451137,80.61646774012172,6.570528711311658,80.23822091089218,cotton
107,36,19,22.862882169445875,77.45323553012966,7.205474077252847,64.5512641848413,cotton
112,38,20,22.151299507162264,78.47352535363613,6.4393522672042165,74.95858817717406,cotton
122,39,17,25.1487665170719,81.91046509609234,6.804580025144967,79.41421563535093,cotton
108,43,18,23.559197688761852,78.33417787760847,6.144464644106671,81.0391322312563,cotton
118,44,23,22.701855330822546,80.2382084076133,7.309010747781555,69.27958230204469,cotton
117,44,23,23.924754026867607,77.88620186474915,7.9197005849069715,70.6832267630941,cotton
115,56,15,25.29592301470335,76.99047190991935,7.193978271382999,90.9808345558914,cotton
111,39,18,23.089309209694786,78.29079911512719,6.198923238249663,78.7904538023707,cotton
111,40,24,24.689798506527307,83.80350467599777,6.297902334945893,91.81737743957817,cotton
115,48,15,25.587060765088193,83.41068059649012,7.194561266510256,88.95953581653465,cotton
118,51,17,22.983504455500352,75.43548759908856,6.261315282966256,68.44897384351654,cotton
129,42,16,25.495222559712083,77.83542311434755,6.717924955500875,78.56470045811557,cotton
134,38,19,24.66659922588586,81.98020423931112,7.061305269708308,88.90347221934346,cotton
100,46,17,24.038576177632685,78.58434798666248,6.9390024572498,68.05771805131593,cotton
109,40,22,22.35543114374441,82.25579448552949,6.139301798514828,87.4314479534635,cotton
120,59,15,22.426227195786346,83.8406961547041,7.191104363571176,66.67297920436432,cotton
117,56,17,24.380802023043273,79.34509509754788,7.497652761106593,83.76223120286053,cotton
112,55,16,22.846537568153398,77.64372701326701,6.326133408883653,98.66539138774439,cotton
132,44,23,24.35231017029974,80.02122990579228,7.492645851195051,90.62850465189788,cotton
107,51,21,24.919027817450495,78.52033640430305,6.00030269029106,79.32847163793348,cotton
128,59,17,24.77790985872812,82.34304339985171,7.065829674959076,82.37716455001832,cotton
137,41,16,23.121523860224052,79.51309311956055,6.380128393401948,82.37472451365443,cotton
133,51,19,24.428181506737484,77.61475741752257,7.7867294719112365,73.38812910162865,cotton
102,45,18,22.950995425233472,81.56641054564079,6.765988066175281,80.152771909561,cotton
119,47,20,22.687546171664593,81.78017933287241,6.405671929727487,65.26523291457596,cotton
111,53,16,25.36806700814342,81.03811824899022,6.145108102811813,77.30946796704866,cotton
128,36,20,25.21356836445521,84.3289707139304,6.686335477211651,75.70816964543786,cotton
131,37,19,23.79371267757168,75.99659989301105,6.866236353213056,90.42945264251634,cotton
116,55,15,25.971792774777825,77.37712359537367,7.359438037553888,89.11073281950674,cotton
107,36,20,24.340721726793745,76.36645656540654,6.597086294000359,63.38977892288414,cotton
127,59,17,24.687896834401812,82.43404512647253,7.006209358018961,82.19655654203964,cotton
131,40,21,24.202922276315803,79.90753788621399,7.602461940913518,90.42484566961024,cotton
102,43,17,23.654114696884964,83.76787341754908,6.571032607592742,81.24246846102929,cotton
104,49,22,23.603918720882355,79.33058889244631,6.734036696087961,90.35797770796192,cotton
118,44,23,22.67959785948048,80.33162805084034,7.286751559694813,69.19971491462564,cotton
107,45,21,23.645733092771373,84.16338390041771,7.091766194506226,68.70462560152045,cotton
100,40,20,22.438593949734052,79.70368763124493,7.385021995674767,89.59716141774291,cotton
123,59,17,23.88616317854696,84.16323879225362,6.559051856889069,80.14202985161229,cotton
121,57,18,23.504025690990098,81.54617297517419,6.750794261799163,79.90381205219279,cotton
100,40,21,22.511073282249246,84.22112009052127,7.376167318012635,93.36749404694372,cotton
112,40,21,24.8448019242787,81.72623485240777,6.932309631213161,94.692403240312,cotton
104,43,21,22.344432933465313,83.79392455225374,6.344852901876305,84.15010863953314,cotton
130,58,19,24.68761881075475,82.41917399281192,6.6765320054555035,93.35031069233796,cotton
113,54,15,25.09883010228041,79.70632753554223,7.049811616520093,80.94029748969578,cotton
101,49,20,24.65998795175176,84.7797848402729,6.297716553773727,89.89900946473588,cotton
116,39,21,24.469448573109297,80.99798685970254,7.29490242006476,97.53731008605686,cotton
132,52,19,23.572746470498906,76.49925597081243,7.576811528795773,74.84929660362437,cotton
135,42,16,23.345820301366892,80.901014077403,6.5931434185283075,85.12137211299553,cotton
111,38,23,22.43394863624564,77.77073611816554,6.917523107613965,75.0689479096532,cotton
108,40,23,22.239921886976656,83.14236266477269,6.1412922905541185,86.89970570209069,cotton
106,45,19,23.444739338073745,78.61773077355224,6.197641823582385,81.1447052666937,cotton
115,51,15,25.7461234057826,80.91618186696662,7.2627275067264625,89.02204632762319,cotton
119,46,19,23.496138585203166,78.4280170150377,7.841687967910143,72.1165611699473,cotton
100,46,16,23.736293693520206,81.07566319066491,7.637899930082791,69.33881229238794,cotton
104,47,18,23.867600087246693,76.9233808670457,7.564674207038414,90.74469414307842,cotton
111,53,15,25.26943211111904,81.11080569775207,6.2069126121729905,77.88306664158011,cotton
117,52,15,23.956678812121556,78.16719578051898,6.481509858491059,96.242905237546,cotton
131,51,18,24.199151267274743,78.24602234807199,7.555411384306693,76.92008260101515,cotton
35,142,199,36.324229338850294,81.59900162538621,6.058512409805266,69.47292931174462,grapes
30,121,197,40.79278501569817,81.1997124106095,5.858721877871126,73.52260870539563,grapes
32,129,196,40.65297806940678,81.24997967735099,6.371611891625835,74.03058166020367,grapes
21,134,201,10.569656128231523,80.05737293855084,6.344487044759187,65.84882438507991,grapes
37,132,197,20.513103861479927,81.58598445957604,5.9364800244722655,66.97118444666806,grapes
29,142,204,9.142895615582193,82.5991351647545,5.666834547561111,66.6390856759084,grapes
37,137,203,24.51445741508563,82.77075144677403,6.338934603140872,72.3640094010566,grapes
23,131,197,22.6878396803644,82.41652034933995,5.831598994233131,66.05153821299346,grapes
33,140,198,36.10750935324994,82.13658973451757,6.209144070687857,67.99842079107434,grapes
17,121,196,18.6521635193156,80.96346988814945,5.830432713356251,72.4974457299935,grapes
31,139,198,9.993200064361792,80.67704545399128,5.896979915168746,69.07101047656744,grapes
6,133,198,18.319737772355072,81.28452928228137,5.77927217425232,72.59214146426676,grapes
37,124,201,25.700170524925586,80.85983265219268,6.000226629008504,66.55739448405417,grapes
17,121,203,11.043695579264325,81.91221699527306,6.367839389754806,68.48609321258304,grapes
2,134,203,17.25874885164934,81.37269173391952,6.155935254840071,70.19633445327798,grapes
11,141,199,28.363336321972763,81.22351848168918,6.179568545858485,67.43652409401133,grapes
5,128,200,26.046963758347623,82.56122938655115,5.84001887589117,70.21661702382728,grapes
11,122,197,21.32166516467864,81.63805634000498,5.817868959840561,69.78876197999665,grapes
30,135,197,31.361494532333207,83.1356897315781,5.656717674139689,71.72163144251084,grapes
14,131,202,25.99865609353503,82.6169719925471,6.101408004299833,71.33258539914861,grapes
25,139,197,36.28065250580689,82.49392473823306,5.879167349944411,70.05069577111935,grapes
23,131,197,27.804641265692506,81.03780821854603,6.073512058526906,67.17809728151481,grapes
14,144,200,28.371442855781954,81.36289599258023,5.9602185569805455,67.88620193459754,grapes
28,144,202,20.62919195368696,83.01440423739102,6.403757231562218,66.78410743607462,grapes
37,125,195,19.101364403608677,83.03350409486343,6.145746513266689,66.6733785282044,grapes
0,134,197,19.35224819352455,81.56663426271597,5.974551039610354,65.98692208796842,grapes
25,142,201,19.274745451688432,83.09973103172513,6.268731171165008,66.96801460976991,grapes
14,130,198,32.45876610111797,83.61827805539465,5.590472925766981,68.13688559016346,grapes
13,130,197,33.18346249312099,83.83706012023227,5.574586258319479,68.05436393005351,grapes
39,140,195,14.957823983891437,80.50148061549821,6.2950559376376525,71.60553549750175,grapes
37,140,195,15.823008507292265,81.55840515050517,6.205949712820939,69.34503040038287,grapes
32,139,199,35.17993634633781,82.62429175796349,6.172307335250049,67.6972704905163,grapes
6,122,203,12.403510627868803,81.87227961134228,6.133616806006086,67.67387167972883,grapes
32,123,198,39.69624060516047,81.25263600774085,6.191154095386232,74.0682225233295,grapes
24,130,195,29.623045400706626,81.644909503482,6.094479912874826,67.04176883696186,grapes
34,122,203,12.015481337911657,82.85875383122021,6.251019990760966,68.78396254121469,grapes
38,136,202,41.283058967870346,82.00175318458011,6.039897193926833,69.37002945590743,grapes
27,137,203,32.02523592781498,82.25458721683447,5.7732502475371,71.09224135109184,grapes
24,130,197,39.694603046411714,82.6367241296113,5.5734141647530935,74.89479599317518,grapes
11,123,203,13.332841846247394,80.33018606189728,6.3073484980329635,71.26712701287677,grapes
25,142,203,9.58512866619468,81.66146746055215,5.8507242574123985,66.76143883200467,grapes
8,140,201,21.9023659223243,81.26368123529174,6.1522371334392565,67.85921526880415,grapes
22,136,200,10.085294166218896,80.17127692212432,6.088888151107162,67.58774827829808,grapes
38,135,203,24.851216677781164,82.01821670377133,6.153852543116482,71.40682822627937,grapes
6,123,201,26.483991500332287,82.83249915719317,5.8528453469381025,69.88277619689599,grapes
21,135,201,10.37893968907487,80.1022223773107,6.243845552088829,66.53352177853532,grapes
39,142,201,24.994141420496014,82.8102599146619,6.453190646952509,67.68319435818341,grapes
37,123,195,18.6254030663313,83.44226343187246,6.217891937764132,67.09852122869138,grapes
20,141,196,11.494866244179486,80.25190433454335,6.1916161661,68.58553381413662,grapes
37,120,196,17.78679395627286,83.05828143906068,6.2999488083847694,72.27181514940052,grapes
29,130,196,40.34691968998961,81.72218942977165,6.103912988184797,74.32126015151368,grapes
34,133,200,17.63118397341889,80.2593341656859,6.018524148532666,72.87573661636964,grapes
22,131,198,39.53819425011827,82.05001666557422,5.794958918531036,74.6531740047241,grapes
7,126,198,27.291175145806378,83.10056698314939,5.803843279604119,70.65081822458028,grapes
37,135,204,14.84859920712962,80.94338787982853,5.797514080823914,74.27194408839688,grapes
15,130,201,28.285118435865034,82.74438634476553,5.7945040345065335,69.51444951106731,grapes
39,142,200,23.852677881033827,82.73158350602705,6.426130343392381,66.70872789265135,grapes
21,137,201,20.661261013522868,82.41815429887421,5.987118242326904,67.18676270694029,grapes
14,128,200,20.740774606169385,81.41802430644523,5.951115881822988,71.31427832542195,grapes
23,131,197,22.562823936008304,82.6698833594797,5.812672213375145,65.9165475263543,grapes
35,133,196,33.84934963706543,83.33169141796232,5.726198051235692,72.73541201380547,grapes
10,140,202,20.196584169992864,81.12336708158868,6.159500878088619,66.24690076744864,grapes
20,138,198,10.830488426077189,80.01830259853709,6.292220533566487,67.37490734085573,grapes
16,130,201,28.687857457103238,82.57316978878292,5.708554575538186,68.7216863002616,grapes
3,136,204,17.604058567108535,80.84978314129663,6.33365528362078,71.3805064946285,grapes
35,133,203,14.016806119938867,80.16617854640799,5.695446876271679,74.55382969653762,grapes
24,122,205,32.96561743824278,83.57107458677928,5.829219597925421,68.9289093883929,grapes
8,126,196,26.817614698895987,83.13497399163153,5.848934732356712,70.87592201061709,grapes
7,135,196,22.532739263959957,81.2319983925093,6.390578048550373,72.41352007980065,grapes
31,121,198,39.50188811156949,81.24858460999211,6.104860783360028,74.02961999245957,grapes
25,134,202,34.45540818026719,81.33580159708393,5.670332295194583,74.57860092754997,grapes
15,130,200,29.24029883018057,82.82065885458792,5.679092339360767,68.82466911363919,grapes
38,135,203,24.885566269352438,82.18162665298713,6.176538433207689,71.6187725066866,grapes
29,125,198,18.3453343771033,82.85251354645007,6.133239814990922,70.49307615154851,grapes
35,133,198,24.291223708176936,82.85722508452581,6.285081288274172,69.24611166953662,grapes
37,142,196,12.433157868345617,80.70715216140705,6.3757968869260155,68.07894152399618,grapes
36,141,198,12.742270872259848,80.32524309950453,5.774621244106447,70.36614194735525,grapes
4,133,200,28.530798250652346,80.98574088446054,5.840228888767778,73.28739883657032,grapes
6,128,199,25.077781114909335,82.32008259199478,5.938179697366238,70.475721930986,grapes
6,141,201,27.018862960616293,82.76083659062999,6.233819816375072,70.93937304855372,grapes
34,139,197,14.963756393732767,82.24658772454792,6.056774366789075,67.43310216312058,grapes
36,128,203,25.209798491261203,80.68778012780565,5.706511933911719,67.14200846103648,grapes
31,143,202,10.355271027047923,81.26580948009202,5.769323580072197,67.9351934858551,grapes
39,135,202,22.97548694490806,80.67318073101201,6.146824966034994,69.50783827926688,grapes
17,134,201,39.7484478112231,80.64992614596166,6.463731553304712,71.27721081842019,grapes
13,124,198,19.397777978668284,80.91906055432224,5.652616120486645,69.76788000557254,grapes
17,130,201,27.68105681360502,82.06623215335667,5.769452261870818,68.42226663255798,grapes
22,132,200,24.034589852638923,80.171439766495,6.006794378416473,67.26882138064201,grapes
19,130,198,29.521100712730817,82.21963909242919,5.878978403458467,68.06154068742111,grapes
30,122,198,39.424215790346764,81.4798244006746,6.038979026925442,74.21277726174786,grapes
37,132,197,20.684083656012938,81.34894286003204,6.022386165198002,67.40992927793717,grapes
8,139,203,30.74618287353031,82.24036115961496,5.94244908758011,65.22150054801314,grapes
17,137,202,19.628535614059835,80.70887988164058,6.193714443797302,66.27613309174062,grapes
22,138,199,9.996169720930787,80.19727369868393,5.9988908139196475,68.46485120111382,grapes
14,130,198,32.88749948756011,83.72452924649455,5.578667896199751,68.04526565609684,grapes
32,120,199,39.241574186855765,81.28447027016591,6.11217515493259,73.94802050348127,grapes
5,134,195,21.028632453931625,80.75055053881431,6.419953103782108,69.61401525466974,grapes
6,122,202,12.731544233218067,81.70477483958113,6.110470443084688,66.89560203872047,grapes
31,137,197,33.985673380110555,82.93635629279272,6.07725310174476,68.48991924128966,grapes
36,127,201,13.530400077367734,81.32016787026735,6.277629882430381,71.34492724630896,grapes
37,122,195,18.409122302632145,83.34323288515414,6.2390547446448705,68.43273516292018,grapes
38,140,200,24.17033597988175,82.18169632055935,6.457682795991407,67.37651823567282,grapes
8,139,199,29.61990581204419,81.70331586961458,6.291415141360048,66.54861235875755,grapes
5,139,205,17.65917187218168,82.76074008992441,6.314839400831845,69.99162367330958,grapes
30,137,203,33.53128170334912,81.93331971588695,5.689781812645939,72.33196166266087,grapes
22,136,200,10.122802796362464,80.16245628234083,6.10868153935603,67.45308730515413,grapes
13,121,203,9.94008982640337,83.53342733327591,6.170470798397992,74.2858248607178,grapes
8,122,201,29.44610803721029,81.09004246290226,5.584131835901426,68.22160043229249,grapes
7,132,197,17.88961117821476,81.27624457018116,5.770970544105736,72.92635625077615,grapes
32,122,203,11.814568536304485,83.33956318125723,6.222545620099454,68.39043233175467,grapes
38,138,203,25.098080927708477,83.20508074544848,6.339680968382324,72.41791793158734,grapes
18,137,195,40.815677310877554,81.68870732076405,6.318610089092635,66.52501642531617,grapes
14,125,198,18.267681476113623,80.60094393518936,5.580024677620746,70.0610378662884,grapes
35,126,204,21.669886644607665,80.34562783855937,5.95872771109648,71.28730408587268,grapes
39,142,201,38.884569535844406,80.79642210925951,5.661724589380359,70.52496114546524,grapes
36,133,200,22.73506984336706,80.60344164535418,6.253652483724076,69.50253398328647,grapes
35,134,198,23.406144716234376,82.04556634675599,6.325751616890078,69.29893467273345,grapes
25,133,201,35.382974155464964,81.57423696897897,5.649934776959646,74.63802045500671,grapes
39,140,195,15.271473576167384,80.50620191225235,6.297042977739044,71.52192761431331,grapes
36,122,200,18.457472117375602,81.73416116018893,6.229994948495683,73.73794199777741,grapes
0,136,195,21.45905623727416,80.62344244291305,6.217058496870184,65.5840930539279,grapes
32,121,203,11.098929122738934,83.3922528035977,6.180846615238561,67.89221367603321,grapes
38,135,203,24.928007639499715,82.38353129939394,6.20456846833878,71.88064478067557,grapes
8,136,200,40.528135856926816,82.15864712513539,5.676009580651931,73.45654409266778,grapes
37,123,195,19.41059602757299,83.24972338640104,6.219876695904213,66.54585525412794,grapes
5,123,201,12.770251643505787,81.49536089425347,6.219745385958958,66.87995032124999,grapes
6,123,203,12.838861058380402,81.63272730851372,6.120717929029921,66.9118051315416,grapes
23,122,204,33.430295777418856,83.59790108424232,5.955703395418565,68.20669942588893,grapes
32,139,202,33.385921598762664,82.51306054634037,5.704697821877586,70.60991308410317,grapes
14,128,201,29.230881024855144,82.34804568240905,5.655867423670767,68.66427798814007,grapes
26,136,203,32.98986362530013,81.65587165039491,5.7248966304225775,72.9810935648795,grapes
36,131,196,37.503274836069295,82.60679752340882,5.984425618940602,73.80121179150616,grapes
10,141,201,30.096751467220297,82.01435733699778,6.205708020599612,67.33726675796952,grapes
28,143,202,22.872721058547363,83.18821459278509,6.276594316343548,66.70987710035836,grapes
23,139,204,12.021469751867858,83.42228813560199,5.955740380180422,68.50617878338674,grapes
37,131,196,20.33377534203252,81.64038967575071,5.945281330364907,66.91366077327476,grapes
5,123,202,12.761692476430154,81.57780963220844,6.1628547906472635,66.81538200964964,grapes
9,123,203,13.254281348020244,80.47297754565636,6.300918871735348,70.19458403458702,grapes
8,122,200,29.532013803048162,80.94473097389482,5.5743991617878415,68.09866419926085,grapes
6,126,202,16.498290843970178,81.95046459956586,5.712419694186831,72.87558245546931,grapes
33,131,202,13.162892234788519,82.77852436668614,6.165014561319331,68.78818494439902,grapes
31,142,203,9.836915837830709,81.81877529412903,5.690472813813876,67.69816859936418,grapes
38,133,203,39.157709544905956,82.91985066090176,6.260953137048673,70.27154027143044,grapes
30,140,201,32.06199798225627,83.31298479924826,6.070589776799412,66.50586359267069,grapes
35,135,199,21.737881033024248,80.55417045557316,6.39786697971963,69.38965477772997,grapes
11,121,195,12.509702474300397,83.43170668247451,5.663053675778735,69.85013640261673,grapes
4,134,200,30.31502610499644,81.12426870012257,5.809579188466907,73.45577656114119,grapes
4,133,197,20.350194732980995,81.19641592251291,6.049480018782351,71.15047622069719,grapes
4,137,203,29.399640464921475,82.00974509139229,5.963754924127263,66.49859865472247,grapes
5,137,199,26.61149470619121,81.40655501194551,6.145484585203305,73.86162325752035,grapes
5,124,199,12.781570053925437,81.38633291915842,6.294975966349088,66.96533370544367,grapes
2,123,197,38.026734172130176,82.33417774032388,6.1990987763197944,70.47071227142804,grapes
14,126,199,19.403853404451482,80.9200892236373,5.730459344230747,70.41466865601294,grapes
39,126,201,14.614100368839395,81.37780072066023,6.413057435217033,71.52603295522505,grapes
38,133,200,39.29244501361953,82.99524792140099,6.19533171097587,71.32708307367544,grapes
4,136,203,29.83515038557029,81.7345451241897,5.977504374668924,65.63262643945265,grapes
38,138,203,23.71979485929742,82.34119732923365,6.333982366895809,71.70944541942568,grapes
36,140,196,16.404139928668116,82.28683742312076,6.145089611546043,67.7697216084204,grapes
16,133,202,37.51294725646441,81.19306782498907,6.24295431640108,72.25114223336767,grapes
34,125,203,18.943896043557064,80.7642857488056,6.189243723204369,73.2363667640001,grapes
8,121,199,27.50475310295119,81.57751869547108,5.752647018464368,68.72603062600601,grapes
0,136,195,22.352045243914496,80.23039218464373,6.309538150361691,65.6181908259891,grapes
22,139,203,14.865077545041938,83.50502253389598,5.9505699513607295,68.08895368377893,grapes
6,138,203,30.39967707870861,82.04198112254286,5.92381784492971,65.35053128363039,grapes
16,140,195,12.463499543566028,82.32817322824346,5.8743966615382845,66.79644828504922,grapes
10,121,197,21.89323368791014,81.85166312652585,5.86696400139817,69.79496581532054,grapes
12,132,201,21.17802775725879,82.08739147198204,6.203880322066907,73.60929161843582,grapes
11,123,200,12.991168920177314,81.25913372588751,6.117956040601147,70.79779394139571,grapes
34,139,197,14.888147988966294,82.22547903516495,6.054712193934574,67.46107206810453,grapes
38,122,198,14.477911039488385,81.50057166718204,6.221171973225315,72.48701992542955,grapes
31,138,197,34.42429191421759,82.8747628068859,6.141855502949572,68.04140071693436,grapes
39,142,201,38.283239302490394,80.73858671465608,5.693525495581638,71.004546497486,grapes
6,141,201,27.138049353040223,82.86182267263,6.22875301560402,70.65848384634559,grapes
6,124,203,27.985389962446934,82.85373128538033,5.727142667854593,69.84816896947373,grapes
14,131,202,25.907874712005416,82.61191315090035,6.113593276656589,71.40477241254172,grapes
8,139,199,29.43243928202514,81.57316458823873,6.324639739143252,66.09800568979502,grapes
27,133,196,30.607048710488055,82.5271173285217,5.86104433363126,69.48418353983624,grapes
3,135,195,21.60195023541826,80.52060337134776,6.383102679280039,67.8961434188548,grapes
29,121,200,15.788717539413696,83.04066943108235,5.978418028340972,68.6827509637632,grapes
38,133,198,38.176100997962635,83.10178611697081,6.060934793499601,72.08584515671888,grapes
6,123,201,26.886019491298274,82.86052945583249,5.819445462053573,69.89345699896458,grapes
38,127,201,15.457188344087236,81.84231367423374,6.479016633993388,71.59536373782652,grapes
38,127,201,35.15838627508298,82.55282622571018,5.936817563820122,69.98212345902176,grapes
36,130,200,25.40028259536135,82.60077569513409,6.005137170033101,68.27752395315841,grapes
28,120,200,37.314825805543386,82.46492644685874,6.189915142971191,66.1051610605502,grapes
30,121,197,40.819310999886596,81.1987081606311,5.853664094639737,73.51219038822329,grapes
7,123,203,12.917393372286122,81.25308910638812,6.185385952643876,67.881236705419,grapes
8,138,199,33.30308092440868,81.75805935884232,6.103619179495289,68.71559002863145,grapes
6,127,201,26.47207365202844,82.67033549193657,5.811384500783163,70.21459675639674,grapes
32,130,200,17.65188818920273,82.41977712348124,6.46686114440729,71.04198115565333,grapes
7,124,200,28.218443214025392,81.5459176954314,5.67169479420293,68.91544305860941,grapes
7,140,203,19.453908695007172,81.99411309542808,6.2096449818950115,68.00625409591514,grapes
4,136,199,27.136056942732672,81.28646499846325,6.064077329701928,73.723120464123,grapes
7,127,197,26.612882837014862,82.9399723719739,5.83542408198179,70.7077589209402,grapes
26,127,196,40.3747031307485,82.23055795542713,5.5796834735389575,74.36549886599757,grapes
4,136,203,29.880324621034383,81.75342115832784,5.942685908899528,65.58394747646076,grapes
16,130,201,28.836845246293972,82.6481871400803,5.699542849421281,68.7659948479562,grapes
24,121,200,30.683692051188647,82.64800971605108,5.617986911262165,69.90051075497165,grapes
35,140,197,18.028538981080413,82.74872997472481,6.1628342888961685,66.75327181244674,grapes
33,126,202,18.48272503552253,81.16454552386563,6.242536412611427,72.93628105791646,grapes
5,138,199,25.79931938173327,81.59248937562974,6.2715267581702,74.0760659743798,grapes
39,143,201,38.17138020069509,80.7278282080428,5.6994410817382,71.09375868695469,grapes
32,122,198,37.7737372780961,81.48124149744706,6.196474729405439,66.25022465631272,grapes
21,140,197,10.382306415277919,80.11989168641182,6.088179046690271,68.56297063213636,grapes
2,123,198,38.5087354423907,82.24139288743267,6.218530949851137,70.39229500831105,grapes
10,122,195,12.202257339438246,83.35176162674742,5.717841956024513,69.39949982255636,grapes
18,127,202,30.44239680373596,83.22590642200818,5.767452400568221,68.80618382454077,grapes
11,125,200,17.683919656745122,81.20209360496688,5.610695668436035,71.33267533137558,grapes
37,131,196,36.858203282198204,82.88405425669843,5.905032447895253,73.75439970457595,grapes
38,139,203,21.333830035457073,80.77498831357262,6.34856327495524,69.47862490111808,grapes
8,123,199,29.027640346955543,81.41177667423193,5.627812220378191,68.69677139211254,grapes
3,136,205,17.595290994678212,81.08418190833657,6.332310883525694,71.23187564717338,grapes
34,132,202,15.31486203483618,80.2059039433709,5.851281705560426,74.59900947952276,grapes
20,139,201,19.324694922057454,83.29913583957709,5.988196446808879,67.11738098556165,grapes
6,139,199,25.654884146695267,81.61941553672592,6.290300615293333,74.07776423807341,grapes
5,123,202,12.953559422688654,81.69859736266646,6.101840516168153,66.76705814646185,grapes
8,120,197,25.518538705127668,82.20519291256616,5.926552893842361,69.35721695944942,grapes
37,142,197,12.209797808215317,80.52157874739481,6.0560453141341695,68.7520142250538,grapes
9,132,197,21.388671295289235,81.41940684596531,6.446412301815393,71.8690841565673,grapes
34,132,202,15.314464797882655,80.14648874460866,5.82589540868682,74.72049273187746,grapes
6,125,196,30.96499014401938,82.87140433251805,5.964246067886137,70.78270572277829,grapes
39,132,201,23.898227755866788,80.84307560373719,5.965175611307214,69.25361335273345,grapes
10,122,196,12.223768116648,83.30943070812882,5.711519201561557,69.25142669404565,grapes
38,137,203,25.024590839400414,82.84300272449443,6.268356005755579,72.47658365115402,grapes
17,122,196,18.606241456736843,80.88042159004529,5.7771620423189844,71.93861812697207,grapes
37,120,196,17.802677330992815,83.06555411211467,6.298394639691892,72.17383223353002,grapes
38,123,200,25.806295739072084,80.8992978444966,6.0697442077182835,66.44755468091583,grapes
31,140,204,9.178236464817875,82.97282547923231,5.579387714976967,67.39060847667417,grapes
31,120,199,39.17896871134937,81.39922857936423,6.145219642043226,72.85253716441356,grapes
12,122,203,11.527792763379061,81.9560558727541,6.257217350980413,72.97309805629156,grapes
4,135,199,27.900891602761345,81.11136851183828,5.945381994338532,73.52117733989144,grapes
39,140,202,25.030560250176194,82.94859915617101,6.413418574121248,69.34216981445581,grapes
23,129,195,30.64879247242675,81.4722979954099,6.1197930662627265,66.93085864888138,grapes
22,132,200,23.12206316023074,80.248337244717,5.975990374409,67.88382639408272,grapes
9,134,200,39.71712526508751,82.61082474761706,5.598258404298099,72.71154223532628,grapes
32,128,201,16.266718271754247,82.88171277071105,6.486643786661167,71.5607509365498,grapes
37,122,195,18.232173220209425,83.26221151240736,6.256368994858286,69.52431597380442,grapes
13,124,200,16.676915425309755,80.38468009979046,5.846571926716424,70.33278221688373,grapes
22,122,203,31.880107865699433,83.54441059984502,5.8081841484630115,69.13114411750433,grapes
6,126,202,26.977443811382077,82.7618791297872,5.784215270229891,70.11210109272234,grapes
3,134,199,25.443037305603173,81.09465867554336,5.831532793928367,72.48194230997231,grapes
7,142,202,28.438721150628044,82.8331749764084,6.150315002326991,68.828375654013,grapes
7,121,197,25.025191315633087,82.73078831677644,5.974040286925765,69.84401980087249,grapes
18,121,203,11.112970894172443,81.815835110334,6.378822192961042,68.17217782509108,grapes
12,122,203,11.334287917833215,82.14830154650596,6.246644920919239,73.13308957083662,grapes
1,132,199,17.29456916066095,82.53164844938252,5.670576907380574,67.7140375480151,grapes
7,124,196,12.533341701699973,82.16478173550303,6.105374296098742,68.12826928348608,grapes
38,130,203,13.82611345125402,81.07674680306201,6.063449651688162,72.67287047844236,grapes
25,141,197,38.24379998088658,82.20141399553535,6.093204871538368,68.59067639469622,grapes
22,128,196,31.10587657320472,81.42373913059107,6.125041939547442,66.79451841151747,grapes
21,137,201,20.153848598501682,82.78698946406861,5.984567630498955,67.17275110612334,grapes
4,135,202,29.589513846819855,81.56717207452267,5.883932573164805,67.52293727410053,grapes
16,140,195,12.523912613253389,82.41742868656745,5.861531985398019,66.7231778459768,grapes
27,135,201,33.1488132613256,81.68018676353589,5.677662472413189,73.79798338540355,grapes
6,125,200,27.562895249084637,83.02800336065461,5.773466986518495,70.33545190319988,grapes
33,127,196,39.13408436634482,80.96797762388401,6.268961721095132,70.59477683722787,grapes
15,144,199,26.42687510254687,80.80245173860192,5.967687273117752,69.0668322042219,grapes
11,125,200,17.641740921113108,81.23875281070188,5.613049345385184,71.42209513139693,grapes
5,137,201,29.68941210413886,81.67364844830189,6.089833522272195,65.7896714527311,grapes
6,123,203,12.889994495467134,81.31653506497712,6.17598973655208,67.69309369326994,grapes
3,134,199,20.46700644239992,81.3142675364294,5.817687554764193,71.11641491115067,grapes
28,129,197,17.265559455478314,81.9885639279608,6.092629967890653,72.0095887999494,grapes
37,132,199,25.214841362393823,82.92621632574154,6.145769082387455,69.34490111579069,grapes
37,134,204,11.979453671796582,80.34302134684295,5.552886600772504,73.99369563762649,grapes
36,134,204,11.68618066398653,80.453678016246,5.535808639051993,73.49230802855814,grapes
35,140,197,16.323783415525167,82.59518065089206,6.131213356015648,66.72884242363217,grapes
26,127,196,40.274656553418644,82.29886403054361,5.575955771573475,74.44793286369568,grapes
5,136,202,29.7641915662841,81.704895013203,6.032196550307775,65.70909041725979,grapes
21,138,200,18.64664549770388,83.12448141464569,5.979450469040455,67.2472831373568,grapes
15,130,200,29.84234071115778,82.96986036062572,5.662515318698518,68.69601331219062,grapes
15,130,201,27.923728327033086,82.72424768524664,5.843012184844812,69.80181760556887,grapes
37,132,199,25.241449774295752,83.01859053784584,6.153009814614721,69.32986606449968,grapes
39,139,201,41.16807621100668,81.01604770317141,5.540963021844009,68.70377156957919,grapes
38,132,200,24.861629788340966,81.70000106045214,6.049652469463913,69.54448289286297,grapes
31,123,196,40.2262847338849,80.96528607904801,5.8369349130253285,70.67508799880054,grapes
31,141,203,9.402838343708535,82.28183618342943,5.624442138826878,67.49968082319677,grapes
38,139,203,21.45734481991627,80.85606661240355,6.347808461766804,69.59410829497735,grapes
39,132,201,24.614560742839544,80.84227198974793,5.98241956557188,69.68408896124551,grapes
23,130,195,29.639357699439778,81.45943123173747,6.105980587655256,67.13394589540128,grapes
22,139,203,14.958049170406976,83.50204519867368,5.951190467035183,68.06957059366214,grapes
0,137,195,22.78157234783324,80.3393256955675,6.325389572721904,66.32736256027486,grapes
27,126,197,39.59470638791569,82.20513654344572,5.747830049109746,74.63510666188463,grapes
29,140,201,29.916321384156365,83.65138019823966,5.850910318937475,67.3239898575776,grapes
36,141,198,19.670352945149105,82.74389641697043,6.237056958784678,66.740714963994,grapes
17,126,199,34.257375698425555,82.13501674733793,5.932413006128404,66.56537972965339,grapes
20,124,198,33.66800371884505,81.15154855231012,6.154463835220264,66.03028044612213,grapes
24,130,196,19.537968072469265,80.89655517967337,5.837300217886749,71.01571403414945,grapes
30,120,203,33.45886574647038,82.43064801880988,5.566474191039335,69.84736629423669,grapes
23,139,203,11.505831459136159,82.71856194117011,5.940697876520675,68.60571727898945,grapes
22,139,203,15.385361383462968,83.48836089770704,5.954042454671686,67.98048286285017,grapes
25,130,197,39.51628245345388,82.6367240885369,5.559041801545288,74.90279862978518,grapes
18,141,195,11.566354073203975,81.00271285096336,6.065439526710364,67.88452811389149,grapes
3,135,195,21.626102460297506,80.51091636027233,6.381550277159942,67.82377443217392,grapes
11,125,200,17.765634756278025,81.13107178317574,5.606135765364357,71.15943761456239,grapes
18,121,203,11.235900417764942,81.64480479146475,6.39831125291903,67.61513280719514,grapes
39,139,203,21.128939306334033,80.86000598278967,6.356476276455847,69.99041149486213,grapes
39,138,203,21.187727146944088,82.2016719264775,6.395657442874876,74.22063514701509,grapes
22,138,199,10.055444481480347,80.42349109218688,5.949564507961757,68.27174419877875,grapes
29,121,197,40.328905302529215,81.61064875998831,5.886885248515686,69.99918818570907,grapes
38,122,198,14.955070863249082,81.72568959858336,6.237132288110429,72.68679389037348,grapes
0,136,195,22.261953469202847,80.27795540509322,6.2880921769808165,65.85548839278319,grapes
14,124,198,17.90691262564971,80.80548584527033,5.575682385095873,69.74690659839705,grapes
30,120,200,37.698452090700556,82.24996190769723,6.15053181974984,66.19652629312056,grapes
29,121,200,15.62762948982586,83.05271712510391,5.98319945956099,68.64430033202211,grapes
22,139,201,19.338461276579682,83.28566770432771,6.063629652905874,67.09823172538556,grapes
39,140,198,17.503808920082815,80.55498639067372,6.317212204456834,70.66522009627403,grapes
19,135,200,11.2928117023556,80.80428683212914,6.263966499542253,65.40982123592613,grapes
14,143,200,29.02764276669813,81.63098062652776,5.963037898762493,67.24448812978221,grapes
4,134,200,28.598281166758344,80.96836746306573,5.8411198044056825,73.22726483501395,grapes
17,121,203,11.016595702775769,81.94992071673641,6.363543016497148,68.60889407231457,grapes
34,139,197,14.962523137807107,82.24624341869536,6.056740730490302,67.43355838291743,grapes
37,128,203,30.791877355294414,82.20266374861514,5.797894318805179,69.46135625028647,grapes
39,133,196,36.745846030429256,82.93135186271049,5.737830664231498,72.82722629139894,grapes
29,121,197,40.27339152988384,81.6262325808444,5.89540403620155,69.89398920318936,grapes
4,136,203,29.76559446977075,81.85135452657444,5.919623648354606,65.83414700163867,grapes
39,126,201,11.508884489847485,80.09143104603746,6.1302677250131286,71.19829084666284,grapes
14,125,198,18.100864696791007,80.64773416164579,5.591327521974579,70.37903870794543,grapes
38,138,203,25.056505413046892,83.2186487064262,6.325813573503908,72.95923808214523,grapes
39,131,196,35.722248316608415,83.31492469734987,5.785030238874194,73.48015990317492,grapes
7,121,198,25.254696813331098,82.74678995791686,5.954973313044017,69.8501171444646,grapes
32,125,197,40.05984992918363,81.25162646590358,6.259737316758337,74.05391706409088,grapes
7,142,202,28.25607538260194,82.85028356384551,6.1615974493466705,69.07107179300574,grapes
25,135,202,34.242372375651215,81.23912196972228,5.71249645214882,74.08161747073854,grapes
32,125,202,13.880687756315652,83.18744321783828,6.342934622948215,69.82883709376395,grapes
32,144,200,11.067308929377635,80.62482492669156,6.019852528894464,67.72000557072288,grapes
39,133,202,23.735923153504412,80.68923315941743,6.063651591220344,69.60206714031449,grapes
29,120,203,33.37809146988301,82.4385053026572,5.567234075229446,69.85378762529274,grapes
31,121,198,39.99245346754307,81.23001224545187,6.011323321612368,73.83694606805425,grapes
38,140,197,13.45186074014972,80.32743761207239,5.8671983946467074,70.93637353062343,grapes
25,141,197,38.26785911475724,82.1966334014999,6.090492841048553,68.61167007252162,grapes
23,140,198,37.61446957374815,81.79774309999767,5.913903822348638,70.74398406757311,grapes
6,140,204,18.35914821325047,82.56644474806838,6.27296833701687,69.14542623578855,grapes
20,132,202,10.853891377623768,80.12383816822094,6.4329641265444035,65.27037410809143,grapes
17,130,201,27.832340538772282,82.14240553923005,5.760301662989139,68.4672579851272,grapes
6,142,202,27.400796609393765,82.92136638783164,6.218338473829952,70.32924505116418,grapes
39,140,202,22.154372241524868,81.19667129484058,6.3839655586972714,68.58525808127608,grapes
28,144,201,19.153813024564673,82.9009150063869,6.475934414105842,66.82962234079602,grapes
27,140,204,10.462332335995855,83.24704005129256,5.735062513363436,67.95457744409033,grapes
11,122,199,12.755256569422794,81.90053727418886,5.987187646506172,70.47373704448717,grapes
35,134,199,22.246981759971526,80.57599002387887,6.32839384153165,69.4485466134078,grapes
10,121,196,22.330991467761418,82.01526211567219,5.904565330933352,69.79971726167835,grapes
21,135,202,10.973473971608437,80.67730155146097,6.3348262257351164,65.91697702937347,grapes
11,141,202,31.249398976989493,82.53127185469614,5.984494802779964,65.04693379419275,grapes
22,137,200,9.928315323334228,80.20819252851715,6.00605006365419,68.15132321198533,grapes
37,141,197,12.669180922103575,80.39236936491452,5.894107492214991,69.83742261469635,grapes
12,122,203,11.243846772999266,82.23815417409494,6.241703532109506,73.20786710779367,grapes
6,139,199,27.447920860933902,81.58220982278526,6.31280606676107,70.28093992057981,grapes
28,136,203,33.59802703563359,81.72969029991064,5.688544705478707,72.91458155097807,grapes
6,132,196,19.5647577366449,81.39947759945487,6.276205676006239,70.28101697576459,grapes
23,139,203,11.280713561537578,82.37947533973288,5.94405585841516,68.58154097754039,grapes
17,134,202,39.46311330087224,80.46205173937682,6.4781946151005885,72.32845967206225,grapes
11,141,203,31.178476814970146,82.48785626477768,5.965693066294543,65.06052429278034,grapes
8,129,195,24.516496590661937,82.33084870061597,6.071661682920426,71.08735631620847,grapes
32,128,201,16.245637507492397,83.01332157657367,6.480735936431983,71.47528370297118,grapes
29,121,197,40.42503517369314,81.58366319190759,5.8721337747157305,70.18135495540058,grapes
30,121,197,41.01206019780235,81.19141084881538,5.816912068620379,73.436486419453,grapes
37,132,197,22.690697739265197,82.62884249534491,6.0635635753752055,67.92882931962858,grapes
34,133,203,10.438083009157273,82.32804560837351,5.837831409720843,66.81020160182209,grapes
27,145,202,16.542929712808263,82.73713199237466,6.2971567356619,66.61130129525102,grapes
37,137,201,21.41574446043398,80.59572113884222,6.372885473563431,69.33142810539948,grapes
23,131,197,27.211581679288273,80.90152145225207,6.063016827709856,67.1923689162514,grapes
22,132,200,23.297710825423422,80.21656968162976,5.982787237098699,67.73034030117687,grapes
30,137,203,33.47371899114362,82.10893441533082,5.690848722366775,71.82949684888979,grapes
25,121,204,11.12230581519331,82.09327815063084,6.321387484829041,66.17587422709187,grapes
9,124,201,13.239436192403955,80.41176084562453,6.378181927067069,70.10148885619436,grapes
35,140,197,16.018961905697644,82.24981825188341,6.035122451141096,67.57564081733935,grapes
12,123,196,15.028941543066711,82.18463372803637,5.611386170780463,69.68915437099577,grapes
13,125,199,18.164079512120647,80.78476770223072,5.583901570259089,70.31472641463819,grapes
9,140,200,29.68341673756551,81.74474338657858,6.279999836419811,66.65365299458323,grapes
3,134,199,28.028887988919212,80.98053644869307,5.83872762895604,73.19155405764877,grapes
4,136,203,30.000113272283226,81.8132245363157,5.9023337302537655,65.49931959435872,grapes
28,140,197,37.09606167402963,82.42947170258012,6.2225819845823365,67.5891753277185,grapes
30,137,203,33.495557074569824,82.04230988861235,5.690443959238022,72.020121440773,grapes
35,127,204,24.067167146952123,80.57515218921864,5.781943986900534,68.43056892024767,grapes
14,130,201,26.800348312919965,82.66164672561416,5.993799617261667,70.69510042147172,grapes
35,123,204,34.87143615496658,82.58144514323516,5.657797653095087,70.16428268802066,grapes
28,135,199,32.34748607054744,82.33274754389993,5.668272073213725,72.86707092839428,grapes
28,125,197,39.55280146020039,82.02686188579743,5.819391631060433,74.53130221027772,grapes
24,126,197,30.208780556462603,82.02995989529309,5.897187493103579,68.35304989597007,grapes
32,139,200,34.87193661766183,82.60519538038548,6.092027279893931,68.19731829099698,grapes
35,127,204,23.546519885917515,80.52530352762287,5.820338309846098,69.0510016722887,grapes
24,121,201,30.85639568717907,82.9279469457384,5.648639436107305,69.84023133306228,grapes
26,140,204,11.097207889983158,83.38261569813928,5.812030383197645,68.23341185097267,grapes
37,132,199,25.130865704363952,82.63468501319869,6.12291746479961,69.39235146082923,grapes
11,123,203,12.964179103609442,80.5290163639159,6.335696492317023,71.78548114986707,grapes
39,135,202,22.89997392189367,80.67158668882686,6.155084268913478,69.49848114178123,grapes
21,139,201,19.36004748376139,83.34866096454725,5.994143557826953,67.14234782434656,grapes
38,138,202,39.51810488157907,81.91869981671583,6.178158383264724,70.84507560357649,grapes
39,133,202,24.695454919834354,81.27721747229464,6.050981039859665,70.44574507527592,grapes
22,121,204,11.545017429755152,81.32337749915436,6.4252795865339145,65.48344714603361,grapes
31,137,197,32.760865669308835,83.10835125107106,5.896855984479643,69.74237189513423,grapes
36,132,197,23.747078124111294,83.13474710152694,6.1252135330555575,68.3933958624372,grapes
11,123,203,13.312036272370595,80.18342276604366,6.354702195133566,71.49786977187566,grapes
8,139,203,30.691297136447936,82.20893820877302,5.939497940727994,65.24193872577659,grapes
25,132,199,36.949650038425766,81.97695866940904,5.6154829959053485,74.7383811227463,grapes
32,124,197,39.82993323035707,81.25226481731873,6.216370915483762,74.06296266261116,grapes
32,120,199,38.92150783098618,81.36094745987498,6.06856656996037,73.61918772523859,grapes
24,127,195,18.08357970146506,81.16990728195321,5.7971331153668135,72.52407583028527,grapes
35,134,198,21.327805169948743,80.87702453658389,6.245699095865278,68.58239500297451,grapes
38,132,201,23.674857183004335,80.65629826528132,6.109742021239099,69.60648375882559,grapes
87,50,41,24.49478407941239,72.61402120304973,6.549730296406216,153.7728013346858,jute
71,52,37,25.100223742466437,72.36623714317453,7.36096041522177,199.39884861605987,jute
82,39,44,26.20914146361523,81.73394985677388,6.6711331503724685,180.1038402712465,jute
87,49,39,25.312607831283724,80.1254511029525,7.071181860496864,183.6751276267379,jute
81,56,36,23.459666315571834,72.61586253702266,7.095800582739762,174.8316666070226,jute
64,42,36,25.095499605932254,75.12661661343915,7.073922128241704,195.8115144722453,jute
87,52,41,23.688890054219552,80.62979550489011,6.324509250242128,196.75731789333096,jute
96,41,38,24.252509557104474,73.63021921493004,6.540777404728673,189.7693604987121,jute
88,49,43,24.278630666675408,71.96027696424837,6.529345029396673,153.7055566140409,jute
76,54,43,25.163302960842223,76.45471150226527,6.527673764698085,191.27683548573617,jute
63,45,38,26.465813998835472,88.38774880220888,7.337012203846825,194.72413887846972,jute
85,49,40,25.381688489389123,79.59298892820021,6.743378915008352,194.71858503340317,jute
77,49,39,25.48906566712349,84.92690649766382,6.845346520860613,157.24716129299262,jute
80,50,38,25.686564083840018,79.67098322740368,6.4653528693520315,193.41361452399605,jute
90,39,40,25.40628571632128,81.96810388843633,6.662280261661764,191.71536612066572,jute
69,44,43,26.72593552249848,78.12346859467185,6.7723498007689855,154.29069877862617,jute
71,51,42,26.417011255770205,73.97591006227988,6.733034284935156,180.2730379007408,jute
96,50,38,24.226298278081188,84.064164285239,6.663448050717508,153.37978941190485,jute
64,53,37,26.061683022228795,78.5137149015163,6.792585361977379,183.6720057028108,jute
81,40,45,25.958500766532804,81.17174737679309,6.531940722823694,176.9470003050498,jute
83,40,42,26.0408476455594,83.96640046138388,6.506536472539621,178.54313510088457,jute
82,40,44,25.49628516780086,83.4485664642941,6.71183610975316,172.7006245228129,jute
77,47,37,24.94928955630116,82.23249982409902,7.272458552676997,155.01987487523343,jute
66,55,43,26.004318836943234,75.1122064742048,7.241432121422528,183.65737443334956,jute
90,39,41,24.531911223046112,82.1484660157498,6.790458923771934,190.92708970252528,jute
90,39,41,24.867045841881176,71.62013925276173,6.261331851847259,191.7646467043104,jute
88,52,41,26.181269013814408,77.06145305034202,7.029123585878323,180.1033018414945,jute
72,44,36,23.795877858675503,76.01104244002548,6.614249153653334,180.25587139117206,jute
61,49,37,24.301220627571094,82.69002631433206,7.417681952232358,166.36998496985677,jute
87,49,40,25.619577660303587,79.9506622393249,7.049260510725491,182.2857551794599,jute
67,43,41,26.307506637048608,83.29918632745391,7.220443661573625,153.23062212620357,jute
65,58,37,25.12833534817755,79.40464671698206,6.903050452156702,162.58221361056638,jute
78,46,43,25.693428611275017,78.78769541392143,7.111928062529282,187.9355661048068,jute
92,41,36,24.718242092607042,81.49941226390858,6.432124629838992,191.32483772391106,jute
89,40,42,26.120439024372907,72.9265866153442,7.075526909247582,189.99238141940742,jute
75,54,43,24.81689390133585,76.96023343481596,6.105448197949395,167.93733352870515,jute
64,58,36,25.326145849647496,79.92902001978936,6.747652029447152,162.76063058224625,jute
67,56,37,25.606761141101174,72.64119869545998,7.2529488765333845,196.4090075616978,jute
72,40,36,24.11919247164945,80.6223880701428,6.1916512162947965,176.71247364027423,jute
93,44,38,23.704528158812483,85.8377438586714,6.939786624599355,150.69710201670313,jute
70,44,45,25.61687177800448,87.91436621355324,6.3603494581598525,191.62693985785296,jute
70,52,40,23.40119025124468,74.25136001611064,7.375135249637197,198.14344074840574,jute
86,42,41,24.370493273750004,87.16110118149479,6.581463243093933,177.00300168471617,jute
85,50,39,24.404196415730528,81.60554069960503,6.243600667932654,195.0005664044126,jute
92,55,42,23.861955603103414,74.90523317882304,6.72264062886847,189.1288535049883,jute
87,49,39,24.915250927866346,80.34175102335467,7.095255608096588,185.43706815579333,jute
90,42,37,24.26882964433225,82.93290860145817,6.133934981739587,192.92130286432388,jute
67,54,43,26.297417266596852,75.06348898484802,7.215524551793198,182.12737573692115,jute
64,38,44,23.650445715447177,71.88966281127723,6.760534142224876,184.5535554360586,jute
70,52,43,26.435492001953396,74.20916345479353,6.841259364042705,180.67278771982546,jute
89,49,44,24.335133481012218,71.51195480167922,6.7757329255986445,152.52447603327522,jute
72,43,42,23.14191327673698,77.31006927293694,6.718893768079824,156.49876817986754,jute
86,51,43,24.43148401453825,73.57997626301054,7.262720930909757,151.555070477944,jute
83,41,41,25.40957454667089,75.25885174910317,6.668077098887137,186.87284534980816,jute
75,39,43,23.220875436175493,75.62547303927018,6.768834019213043,154.2738564280923,jute
81,40,45,26.145001388008446,81.5621528898059,6.631328211270337,179.27381645054953,jute
87,52,38,24.061658295922708,86.12710256698767,6.840285597813957,154.55679885791648,jute
84,37,42,25.355519547598846,83.22940360547565,6.847445508812997,169.77977942645992,jute
78,42,45,25.610931503259735,82.81885954469455,6.6008814296844704,171.3437849232658,jute
96,41,38,24.124928338439055,73.31989123478678,6.454735850940519,189.89437190983,jute
89,43,37,24.204408618174753,82.25504955243845,6.564648947789849,191.4258921634738,jute
74,51,39,24.029852850257534,74.80601997685088,7.356570250137127,198.89598493920525,jute
85,53,38,26.39207144831538,79.85106336491042,6.993643223268454,176.6588913992116,jute
72,40,36,24.18357571017408,80.78019171571313,6.203944298015817,176.24669501745439,jute
89,40,38,25.716781134404265,81.8569378820807,6.629279670674829,191.95636975856007,jute
71,39,43,23.21007127079617,75.77748013999114,6.547413368760438,155.8649919352518,jute
65,41,45,25.387092849100654,87.17450740398624,6.908833589229386,195.22645011313594,jute
84,39,42,26.273317577521713,73.20718906184523,6.684962137494765,187.1446255665278,jute
84,49,38,24.722527916792632,81.64300282399077,6.268455479020094,194.5975942178839,jute
82,35,35,25.505399427801223,87.03125888545034,7.24365639551665,176.48021321784645,jute
89,47,38,25.45237842830518,72.21093400003923,6.1518739647139435,151.70137476707646,jute
72,41,36,24.08786053154101,80.40836720399213,6.203072463782499,176.98242139769485,jute
68,56,36,23.34689397275514,83.36794993665097,6.841095884083972,179.95950284176615,jute
81,37,44,26.43880717019574,79.32942133336478,6.321757891863237,171.88594410862504,jute
85,56,37,26.01439816389071,83.09233894235692,7.003105863698858,173.7814360265615,jute
83,47,40,24.0821063526624,79.84709422508826,6.735967758961428,185.65198864868754,jute
79,43,43,24.051194371618454,75.93609650742978,6.127190516173921,172.0459013813665,jute
90,41,37,24.47340207517651,83.165150350741,6.151261609679825,192.19676739025266,jute
79,45,41,25.731013369684028,79.5763060755906,7.039144408277938,188.1509415529132,jute
67,41,39,25.940870950932098,87.68065416964033,7.156241666420819,152.6697964582792,jute
64,39,42,23.90679002417752,82.87267167528475,6.528868839820145,185.26479236765834,jute
79,52,39,26.383433963393532,76.82362969124272,7.146196475540423,197.07441214707453,jute
74,51,39,23.90866528047802,72.14691566859422,7.069951869837831,165.572474708418,jute
85,53,39,25.02570298663253,73.01315862890982,6.706801786520998,173.25260476208084,jute
72,39,38,24.89635782297002,81.86230393872412,6.591332923098379,167.68300386024535,jute
94,45,38,23.819846836085983,85.44575734412322,6.878711837748082,151.2900143942585,jute
72,40,37,24.381062409199714,81.26423262095547,6.241651629699793,174.81798337129806,jute
85,52,38,24.9224376044196,73.78649827851449,6.567672517494203,153.82918156623148,jute
73,41,35,24.49733355094775,79.68275398026003,6.49369662561585,172.1876705703303,jute
81,46,42,23.4182055237371,74.51078418097582,7.370813257402387,151.6423043870904,jute
81,55,36,24.072263090399332,74.00118984900776,7.070197554446637,174.45992969715496,jute
78,47,42,23.929707205438667,81.44837492115118,6.788143516818936,157.10735034791662,jute
78,42,44,25.344818177716697,85.63891930920673,6.88738152263819,168.9747706802599,jute
86,43,43,24.198353381038025,86.08869369194683,6.711656475768803,177.87570077167783,jute
62,49,36,24.451185785085396,82.69419047941396,7.314127356211917,165.76652363315216,jute
73,49,38,23.327411060677935,71.44167255043969,7.476942797352102,164.36275331226236,jute
76,45,44,24.850906319819753,83.97411956516018,6.850367851273234,168.05173936199787,jute
67,54,44,26.20233162907897,75.24838733246575,7.207690332984315,182.37989955508198,jute
66,57,38,24.38071966675515,75.58605744183667,7.147158641403054,161.4090169099867,jute
67,47,37,25.078463154571132,75.22089551093187,6.380760788136559,179.15129066735275,jute
68,54,43,26.33302731286548,74.84315489132142,7.119000009355251,181.75223146120112,jute
90,53,38,24.148976726583772,86.57140177416586,6.748776516686172,155.08752308654957,jute
98,58,39,23.37261621072443,88.24790041093371,6.739776886872628,163.30424575603274,jute
61,41,35,24.991555526855933,78.78063928350758,6.879871905926177,195.76584739050392,jute
76,43,43,26.082506166603803,79.90441235256824,6.82057169898306,184.6542044108943,jute
87,48,38,24.38159078305023,80.6322471638591,7.127587246278398,187.80339784531543,jute
77,54,42,25.552939729795906,76.04974992123634,6.692780631570681,193.917627342207,jute
88,50,40,25.43011360990617,79.41752176815952,6.999491411599016,182.47097838311518,jute
85,50,41,25.291493601446177,79.1164132222101,6.829077769732909,195.0420065074729,jute
75,54,44,24.79055090402246,75.89340619020635,6.352827576393918,167.60510226135463,jute
89,50,41,23.224936870068074,81.61613185514149,6.140506831070443,196.24311681004554,jute
60,40,43,24.775928791320286,82.26469194146898,6.445671917756093,160.1635565776204,jute
87,48,38,23.886247561628196,80.68339866926773,7.164846777305637,190.71484783482947,jute
74,51,39,24.368824405253267,75.09698158978725,7.329490901576831,198.65681830946477,jute
62,52,36,25.068453089234286,82.27522260640269,6.878071196764712,164.7892443341805,jute
66,56,40,25.35148534506309,76.62645664372442,7.275771236951275,183.29409910267225,jute
87,57,36,25.394324509302855,85.47413881619845,7.036560525828497,174.2712784639807,jute
89,48,39,25.35251910879101,72.15904519303574,6.35811994588786,151.44503654731105,jute
66,40,39,25.884212530542484,87.58400185030447,7.271128560397766,153.03111402599768,jute
63,51,36,25.411752954525248,76.4708649652573,6.353297476201203,173.80078211686956,jute
77,50,43,23.552239953920246,83.18129455945618,7.001241025071351,165.16199383130837,jute
75,55,44,25.032045171495586,74.82210883766734,6.231427811289143,167.82367013281566,jute
86,50,39,24.017133196840604,81.55999003810022,6.213379394975667,195.49054528215643,jute
68,46,43,26.48249139817945,78.22739793647123,7.0935200011159365,154.05448217593542,jute
90,39,42,24.45102917800245,82.37309111091223,6.709388685960898,191.08742135555684,jute
68,54,43,26.343645931563348,74.77745310290894,7.090217196117572,181.64036656806084,jute
92,42,38,23.61784305201068,86.18061141813351,6.973963648102544,150.23718531991935,jute
63,41,43,25.283512560742395,84.08098770319826,7.153032108145458,196.49163068163026,jute
79,45,42,25.67792915684829,79.16632030780129,7.1609401640102055,187.1758775523129,jute
89,39,37,24.41545222471926,80.02957331696128,6.7388901002205115,192.92963511712475,jute
69,54,36,26.17328727594748,71.71735832096881,7.284835309348688,198.01438635083426,jute
90,40,37,24.599445949918564,82.68012137822402,6.384852731585622,191.7319106786893,jute
60,42,38,25.488098359318883,82.90037759206861,6.705293401015394,163.5190636178702,jute
65,56,42,25.562851560605438,75.05823330312131,7.2249931190957,185.84946205015078,jute
76,55,39,24.44769154107452,89.22346945219172,6.556533662076902,196.95822863601913,jute
90,39,37,24.7957503155422,81.71738076574586,6.856404572917653,190.79778473508787,jute
74,40,40,25.17803754334798,83.27485978363781,6.426453045921402,169.27607220531885,jute
92,41,37,24.373573822797738,83.80279534819341,7.0655973082694885,152.22335903728091,jute
89,40,38,23.176145884830216,74.65703752383628,6.356678747501166,199.68530936388038,jute
76,51,41,23.997011130037784,83.53187042944143,6.140138019203276,167.79374221879894,jute
82,36,43,26.7707982803241,76.0197785844155,6.749232571060755,164.5916488617668,jute
74,52,41,24.371569592684523,72.68880502320742,6.744462987707151,166.40977269918153,jute
67,57,35,23.445643054602904,81.5948640837013,7.05927332197779,182.36590769210912,jute
62,58,37,25.623884648845756,78.89281360207457,6.487883900992145,167.95335134747907,jute
88,50,40,25.70420964041012,79.58877124266961,7.007024764884963,181.65300943161733,jute
89,39,43,24.54766845716585,81.76721548748527,6.789119716837802,190.9128867098499,jute
67,41,40,25.97842178098624,86.54004146744381,7.301295573823747,152.7921534520748,jute
85,48,37,24.534889372583347,81.24158586916441,6.867429383952028,191.3774160927623,jute
96,42,35,25.289733135749135,77.48478637596705,7.228611202082876,189.06551152918925,jute
60,55,38,25.360756471928994,86.22409268147354,7.061550895444253,151.21564544163414,jute
69,53,43,26.393804420953085,74.46710177090048,6.954257663765362,181.11195753339183,jute
98,35,36,25.43055802641749,72.13679109225806,6.446603021443555,190.48237791587766,jute
76,43,45,25.539882437104104,83.78004272961631,6.681812805225721,169.86523412764151,jute
71,45,36,23.910889904463534,74.60216459105328,6.712174019991634,180.25506597746542,jute
90,39,40,24.461700501299187,82.63055070259007,6.531153242032317,191.4409766711218,jute
90,58,36,23.840616880917583,83.13062504128506,6.197746544424411,165.90192867669353,jute
83,45,43,24.878021509048132,74.06076614546723,6.097810328824906,172.23558671990563,jute
63,37,43,23.469674211110398,82.15223146735985,6.6838754117283665,185.47983889089903,jute
72,40,40,24.923974688143957,84.67756169655141,6.328892576566635,169.2780151576335,jute
60,56,37,25.726431673691664,79.92015851736697,6.370290361434597,170.3406296939329,jute
89,40,38,24.10865516496976,77.39137723879334,6.451045427845658,196.8667521098117,jute
77,51,43,23.28057001352157,82.73130249292689,7.084316871619149,166.2748012065805,jute
85,55,39,26.890227669993898,77.27220268319327,6.9727559448411744,174.675112619757,jute
72,43,39,24.668226618112445,76.74656877104445,6.6114598650096426,181.2828268333402,jute
69,40,43,25.569399761304304,77.45656996613275,6.495725420754297,182.38352829051274,jute
96,51,38,24.347051122715634,83.65370617204218,6.599495233861634,154.00064162684123,jute
80,54,43,25.30642595692503,76.32219427266381,6.836729062305159,194.5915922331084,jute
95,47,38,24.02060633551816,84.76334389380057,6.772386098274774,152.32222179499763,jute
64,39,42,23.92718800649653,82.780291015122,6.523314938562761,185.24476661503036,jute
71,48,40,25.10106296162605,74.29687170046587,6.737718032005006,180.7608085717189,jute
74,40,38,25.08683277588947,81.74052269976653,6.530777509650687,168.51047318448636,jute
86,50,38,25.11809563935819,73.28684020160756,6.384068860562393,153.1982099001758,jute
67,41,39,25.890581351315088,87.75491360093737,7.252860897139829,152.64229317417,jute
94,56,40,23.34263244524209,73.9002654638135,6.45879724556568,184.66915767278672,jute
81,40,45,25.95109597190302,81.15624677082555,6.527994655862123,176.85461672175467,jute
73,43,42,26.470511152924114,78.02239642348098,6.336139941243632,154.84208236334794,jute
90,42,36,26.071898345407693,74.94716579897396,6.706555777666004,155.15721613518906,jute
76,48,44,24.201078069256948,83.45569567819247,6.961980753577703,167.30389845048487,jute
70,58,40,25.003959133845317,76.46599364639164,6.707939338987707,164.76941250327403,jute
66,55,36,25.12849122872956,78.52951193023547,6.470329373888789,185.0347975311636,jute
88,54,38,24.87539585732204,76.05602604720299,6.525834258925127,154.5599209012673,jute
72,42,42,26.202096907389937,80.1040404704959,6.402559440505534,181.28987957963292,jute
70,56,36,23.468389806202914,84.29247437959513,6.415328269807865,178.6363636568767,jute
81,49,37,26.055944675247495,79.70861873443837,6.693354590941387,194.90638217405515,jute
66,42,38,25.22706911162631,73.00932288984514,7.275735036665254,195.96559918705583,jute
84,37,37,25.621490703658893,87.64177636172893,6.685733196446902,176.0109448635413,jute
66,54,42,26.27434373691729,75.949098020211,7.157247358193609,182.54006327380264,jute
74,46,42,24.28914157095337,78.37774313139661,7.094745878258402,154.91607064376288,jute
90,57,42,25.961683286591178,73.31718500554072,6.8520498900581,179.18548031774503,jute
78,49,42,24.640752434587487,83.99435174852913,6.526397162542179,158.57439602606266,jute
89,40,39,24.30577811598633,74.03684119232756,6.639115383174716,196.10993052854644,jute
62,44,35,26.047941104376108,84.5945965642175,7.158113714146552,194.75300544137403,jute
60,55,37,25.56538018110692,84.6952166849742,7.080444162445114,151.0601650612466,jute
85,40,42,26.26835437449391,73.20737852386827,6.8678262756980875,187.96827820805382,jute
87,53,42,24.891044100875586,72.48998831188676,7.101950410673322,151.33600697574627,jute
72,45,37,23.871301813617993,74.79772063043453,6.681442180394844,181.5332261521709,jute
72,40,36,24.15435134796055,80.70856265506875,6.19836431351724,176.45811779606157,jute
87,43,42,23.911684972297888,86.80372836974564,6.708145539440637,177.5830696391968,jute
85,52,38,24.752198863897352,76.01690417406117,6.632680141388911,154.01554096197796,jute
60,54,37,25.456846748330566,80.44409116954328,6.568409078376654,169.5895648151634,jute
60,55,39,25.043939294068277,88.59123860242212,7.032298608131953,151.4563744144642,jute
62,51,36,24.786593487515436,82.46653375641213,7.0771852833245195,165.23549436577102,jute
66,49,39,25.792104720905755,77.3358198899149,6.480073359143321,183.62415303279607,jute
66,42,42,24.507762066623147,73.52787178417441,6.4535175347823115,184.14964101826834,jute
99,35,36,25.269113393414223,72.81927459752148,6.38955287079077,190.57699023834667,jute
70,42,40,24.427426098380494,88.28272148862905,6.196063020811239,169.13716512816265,jute
61,41,38,25.10140350453635,82.42207812668417,6.953872380980049,196.10215955159728,jute
79,41,40,23.394260883898877,82.70999612082008,6.755970801576517,153.12308021690097,jute
90,40,37,24.555519610695647,82.88307890672952,6.287542493940634,191.9246592574903,jute
87,48,38,23.77697790776783,80.96773857918058,7.106955288651018,190.65369154266114,jute
80,43,42,25.842371539558087,77.88734658285487,7.068967521957368,187.06775219401683,jute
90,39,38,25.623177772478734,81.84187897217744,6.653118741994041,191.83147045460748,jute
78,44,43,25.77763053102317,79.27612354863419,7.114534686436794,186.76726864983584,jute
60,55,36,26.098796298226084,80.70972008301285,7.1296954108160016,150.65485650180491,jute
62,58,40,24.2207336385443,74.89141925287169,7.176176241751826,192.52154008367037,jute
67,55,43,26.173585930215708,75.33619673326237,7.192342677884149,182.49008569532896,jute
89,40,38,25.04344271084654,79.9740284484786,6.5524131493970605,194.03482470116776,jute
80,45,42,24.631935306377727,79.44628775899349,6.903434945247103,187.2353307309558,jute
80,42,43,24.368655710563736,76.2489841162959,6.136109118252155,173.19227748846737,jute
78,44,43,25.745616669346028,79.21014926759945,7.14540265133868,186.98915370185568,jute
92,38,40,25.953660892677018,72.67301054226034,6.881544965357163,190.15413353552887,jute
75,56,42,24.96835773559682,73.55996166838212,6.270575417195918,169.14281114975947,jute
74,54,44,24.559771238236813,77.29914744431362,6.319765388632087,184.6190651758444,jute
70,56,36,23.24935199181242,85.11936172946997,6.625585429799663,177.58251369249504,jute
87,39,43,26.20290158163933,72.23268298167098,6.829195420421569,191.30463192049396,jute
70,52,43,26.432876847008473,74.22534450072294,6.848347999439548,180.70033782184746,jute
77,48,38,25.572388181706863,84.74459160244275,6.958814960755226,156.7163272562073,jute
79,52,39,26.200290779940527,78.26594466537315,7.099260320073762,197.20064639370665,jute
82,35,36,25.4231614536174,87.17009815685002,7.288695378314944,175.4844627086677,jute
86,39,38,23.692159933014203,87.0876262720877,6.652390136732835,150.2771501376759,jute
60,55,36,25.863730489498852,82.46604868249233,7.107991371216197,150.83346787339934,jute
90,45,39,23.903065420796107,82.47152996558584,6.1362376582471345,194.085216178548,jute
90,38,37,24.807437908751982,82.42235806075814,6.806662511491113,189.19754835690017,jute
80,42,42,23.992047606102826,75.17749106574493,6.095508816313539,172.3193898339595,jute
67,45,43,25.959395592905526,77.84021879810875,6.954871155519216,154.6777341463604,jute
72,44,37,23.968944499645357,75.21591788152783,6.706696295636847,181.27961152928026,jute
68,53,43,26.362161503555818,74.66288959629868,7.040028912140959,181.44530894886373,jute
74,53,44,25.058627421276647,76.34511952212709,6.371412775007042,183.32397755368333,jute
78,45,42,23.108902019996687,77.44926213004864,7.1785766830009115,154.36915531635717,jute
92,57,41,25.014996095042672,73.43455409118921,6.706356034375032,181.13370312024043,jute
62,51,39,26.391399576188498,79.62696663035635,7.1176248512341145,151.87524347249203,jute
72,43,42,23.146575473246724,77.19584092748237,6.6814790954389744,156.6094278756068,jute
95,56,38,24.829756075843783,80.04060561837407,6.413930361844614,155.7491294439565,jute
88,49,42,24.340848324814512,72.14845088685789,6.535212730293986,153.7249123530402,jute
78,53,41,25.898997437342572,76.37221701166396,6.881713969313189,195.23302444985254,jute
86,39,43,26.17102164900017,71.67706616871666,6.607599226746176,192.30682556620462,jute
76,46,44,24.583502891247456,83.76078885091547,6.896296406584997,167.74400385866753,jute
77,41,42,23.20185517254307,74.68829138124522,7.051692538059314,152.69254818062942,jute
63,51,37,24.36796204163129,81.7332077708342,7.397109566600654,165.13885987996113,jute
90,38,37,24.802548556063016,82.93794229388824,6.768521986135776,188.08215023566555,jute
84,37,42,25.410770652754113,82.40983537339912,6.786270204992549,169.83808816154863,jute
63,54,38,24.35893912999213,73.53788657938212,7.126571271064244,157.67015220235874,jute
69,41,43,25.642808798418812,77.71009834352171,6.4852131224438265,182.30322931081147,jute
67,56,35,24.767295839349227,78.53562622954567,6.345598983085265,185.56227122790548,jute
97,56,40,24.505874792707473,77.51919531978069,6.834314564249355,181.31922772947388,jute
94,41,36,25.56016882445347,79.0302882517034,6.988681620824127,190.2269535662414,jute
73,42,42,26.309836643593144,77.69842441538934,6.335786311572844,154.7344345120251,jute
79,41,40,23.411247927679433,82.95125940792673,6.736703196676407,152.99467929069652,jute
71,45,38,24.431849296377397,75.33686194866475,6.4754098342151325,182.39047798540574,jute
91,38,36,25.947723034630958,78.94831622325594,7.227954308548247,156.34706078944907,jute
66,46,43,26.809490974952197,78.25448655090815,7.094191845640812,153.8473337164614,jute
76,46,44,25.3264467315362,85.03422126495114,6.5666768749942825,164.69432754581672,jute
85,55,39,26.887846882021645,77.66130447772743,6.970269268801813,174.43169233676159,jute
75,36,43,23.27481373909937,74.30738073277699,6.646632127317316,153.6648306206576,jute
75,36,43,23.528990167913395,74.24170262946647,6.662190513465017,154.16504672732444,jute
86,47,38,23.776099661105906,80.84769249035926,7.1149389389191375,190.06935274963456,jute
87,53,42,24.89042670597332,72.40405786862456,7.13461797300989,151.17308703842252,jute
92,58,36,23.739043613129738,83.85471855318362,6.267996779231456,165.09733857488888,jute
88,56,42,26.649689243378223,73.15417878484695,7.006240047223952,177.03957161192756,jute
72,41,36,24.033242670681577,79.58580992771599,6.27998658685566,177.59474826805132,jute
72,41,37,24.634029872749664,80.64424342456073,6.223525538592506,177.8211244859271,jute
85,55,39,26.886710401572838,77.84704406782853,6.969082242181136,174.31549450827305,jute
88,47,38,25.522088709150395,72.25515039444242,6.0049655693929935,151.89538489530574,jute
87,56,41,26.902933015297208,75.1957167821765,6.9860263738360135,175.97415259531556,jute
67,55,37,25.71181212737631,72.46989090128837,7.258861580308211,196.70669307834166,jute
74,54,42,24.759211788693765,73.14259033882699,6.471894291070243,167.1109371154441,jute
87,48,38,23.754655837848908,80.98355389291608,7.0753796774059685,190.85005307483584,jute
88,56,42,26.913485660857294,73.47105529515325,6.99704835948613,177.05309284473043,jute
88,47,38,25.488586480140455,72.34070609024842,6.036403745512479,152.00342521811496,jute
81,54,40,23.881615198419354,86.56143043949993,6.3894548497368255,196.93922153042638,jute
76,49,43,23.456812318235244,82.74631819263764,7.0455397164023035,166.54945837529846,jute
85,50,43,24.30144353944146,72.95104305689955,7.3400968786950544,150.80494190308545,jute
62,57,40,24.56739146905249,75.50821395543836,7.120905703285187,190.95131220042262,jute
86,52,38,24.557536757321262,78.86695036735239,6.691203734872957,154.16812055992014,jute
89,36,38,25.047049247725713,87.0257295896648,6.787951484804129,178.13951016767652,jute
93,37,40,24.775141907641654,85.82798453626422,6.554730092706172,181.82992706765913,jute
82,38,42,25.042210082875183,79.3350086559644,6.511166664612643,170.65096241084078,jute
63,54,37,24.553527611165475,74.93500596655535,6.804147705727671,161.26362762791626,jute
77,53,38,24.758245235313957,87.77974577515111,6.4993864728624615,196.11335609848334,jute
81,54,40,23.805265337303574,86.06586092590594,6.3653917001013385,196.91201678399716,jute
89,52,43,24.907537980746255,71.92782451192502,7.277168561520023,150.30277290334536,jute
66,39,44,24.479261725416688,73.6916257817069,6.651835031822564,183.57598327229917,jute
76,48,44,24.173702678945872,83.43385597479386,6.966682683297888,167.27239406940333,jute
79,42,40,23.361350983862796,82.24258397049968,6.793298953513298,153.3718381350248,jute
88,49,43,24.291277810370275,71.99852756239123,6.530537772078194,153.70949110498393,jute
89,50,43,26.916265630677145,73.44825795903658,6.352682156755083,172.23767402959587,jute
99,56,40,26.14980022167311,82.57638894038033,7.3572119059466,176.8081715900477,jute
81,56,35,23.43117099307728,73.16920825909794,7.038073781885837,174.32795239136325,jute
69,49,36,26.04652326322095,70.92603549919463,7.306172250022242,197.88941223111985,jute
69,43,36,24.415246614977963,78.00413991459446,6.348921382042737,176.32117750201087,jute
83,54,38,26.63364972920349,80.08442634491489,6.887223986407266,172.66698894341238,jute
75,54,44,24.459557148657698,77.42426616670569,6.265592287655737,184.75567868811018,jute
66,59,38,24.66931901301402,77.61981849168205,7.157508858223105,162.01391772019343,jute
70,58,40,25.012020710189425,76.38498200673237,6.690115186053859,164.86691754429668,jute
88,55,42,26.703668064719515,74.3120242730223,7.007529205654514,178.0532325961033,jute
64,39,39,26.15405113366067,85.81175798620637,6.798652224074159,156.1675682468942,jute
96,57,37,24.62394317069233,82.09230901713366,6.298592971768997,158.74038964478362,jute
75,44,42,24.90778409144595,78.22480258121375,6.687652772652239,155.09350222670187,jute
66,46,36,24.83749685490019,74.4435997511391,6.575064300558704,175.65690753154868,jute
88,49,42,24.379710981055105,72.26598887665922,6.538877838395372,153.73700241643235,jute
63,51,37,26.429374535294052,81.15139479851698,6.999957684817018,186.02877749190094,jute
66,56,37,24.348004501985173,83.42266165310706,6.324798495338807,174.29025717278202,jute
60,55,35,26.102395902096184,80.69091534820761,6.979144196142135,152.80505596021032,jute
70,44,41,26.05210205624015,78.89449361658743,6.256833639416446,182.3841624500149,jute
72,44,36,23.72969969815602,75.01438444922707,6.707442755578733,180.99780205779288,jute
66,46,36,24.812078438326246,74.44794945643002,6.578825455127252,175.7830428975701,jute
76,52,44,24.485577988618584,77.83396008368814,6.309726117371172,185.2736549911497,jute
88,51,41,23.10420160468926,81.44440442359598,6.155281762044795,196.57193237620334,jute
90,40,37,24.579094437057332,83.10497345003705,6.1697928776399245,192.21152510463622,jute
90,53,43,24.386439296726543,75.97676927859763,6.969199847329571,192.86227244192608,jute
82,37,40,25.878201812616556,84.15682687382481,6.961667050651055,178.44884342709796,jute
72,43,42,23.149854708455123,77.11549647794475,6.6551628490992725,156.68726225467262,jute
79,44,43,25.761918948216696,79.376702658514,7.127340065240068,186.56138128131377,jute
76,53,44,24.093333928419096,78.98634379044259,6.703320273181139,166.97407597696852,jute
82,47,37,25.11744710159322,81.22869138985742,6.414964090134084,191.61712586243075,jute
83,54,37,24.251223798640318,72.81924479859921,6.892519816133311,173.9821214914651,jute
63,54,37,24.59251825037272,75.11898601365263,6.788581611679555,161.32069284888877,jute
82,36,35,25.54862803614831,87.25859570017752,7.035903975861035,176.3054729736027,jute
80,42,43,24.192603321840355,75.67909111927692,6.099287473125996,173.02624821783155,jute
83,41,44,25.625184322720603,82.98406503552391,6.6804800103800925,179.46775181011543,jute
81,41,44,26.077378844155454,81.00435152980981,6.805939079121692,182.06057135431897,jute
61,42,35,25.3891506452749,81.46088226253944,6.965189692040669,195.36772116499077,jute
81,45,42,23.254943432209053,74.5487664261434,7.274299492540265,152.11489250443753,jute
86,43,43,24.15107125490668,87.16651616829692,6.8425445896726,175.54692730669154,jute
89,39,37,24.767580889885732,81.65187338897223,6.875175409142227,190.7662960628841,jute
88,51,42,26.905260720598914,75.17938239258783,6.442359193838565,171.90959304385447,jute
90,38,36,26.468754832537176,77.04331832291145,7.2700558005617655,157.76132898808268,jute
77,54,39,25.40315861145913,83.39790400721326,6.85728603185679,197.1659297684517,jute
66,45,38,24.28983126465614,85.96994713295037,6.797071256587323,167.69759291923748,jute
66,55,42,25.82540918786749,75.87427499918785,7.263612801395089,182.77289997667336,jute
97,52,38,24.43953434218868,83.33934100837097,6.550514504545433,154.4761452212129,jute
76,55,42,25.296555974224283,78.55049636830196,6.642915881722584,194.3399075494162,jute
88,52,39,23.904704151672696,88.06508361440656,6.873112899727979,154.85177751975613,jute
86,43,42,24.03806073193386,86.91395570249314,6.673525109879623,177.3462197803185,jute
79,45,42,25.220624793899486,79.28872096709412,7.048359903648754,187.20187024622055,jute
85,38,38,23.70371524624724,87.22865534385352,6.602389617319913,150.28336414963712,jute
76,38,36,25.19169778346074,87.39020878349149,6.195001644710734,151.7015411043411,jute
67,57,35,23.994984637525583,78.93005941390604,6.664040348699962,185.82403451575814,jute
89,39,43,24.81314314991352,79.90715972705989,6.696715400002812,191.42763418077072,jute
85,41,43,24.601626486313005,87.77639163749073,7.044507317851819,172.3372278504537,jute
68,41,43,23.40240302867009,77.72896633590244,6.514108081291802,157.6672998483399,jute
72,42,42,26.290394124119068,80.29731327092809,6.390534091174375,181.29028557085152,jute
82,46,39,24.26980010299162,80.55121234752325,6.493811017990743,189.58009196312557,jute
76,51,44,23.295275860424127,82.52662449507895,7.104506036339436,166.2517820068089,jute
70,43,41,26.098771080505085,79.07641464825862,6.265517811376274,182.28526104705256,jute
84,38,37,25.638475758727402,87.73109980897569,6.604104700333057,175.9422872595922,jute
86,56,36,25.27235293280063,81.06514847427457,6.479627893636058,169.74836859829028,jute
83,38,42,26.257600390119986,74.24216663065215,7.2464592549391105,158.96401823500847,jute
75,53,40,24.7674485482641,89.47399021240783,6.407187527700189,195.01645047325573,jute
88,54,37,25.007257248611733,84.43768812179292,7.072823431587723,179.05232987093737,jute
87,49,38,25.243351940212925,72.96696924703522,6.266529527726416,152.7942746523385,jute
80,42,42,23.940581731844105,74.97374137723551,6.0751384497956264,172.40115534916998,jute
76,44,43,25.971879080268025,79.67643165603195,6.927239024926089,185.42095029909632,jute
78,56,39,24.291006794080666,73.1486171458388,6.626853843151051,171.574618144825,jute
79,41,45,25.679802124792978,81.88714732193485,6.522431501534015,172.777001681387,jute
83,38,42,25.148879963084596,79.757307027051,6.553386962773018,170.48149248852062,jute
72,43,42,24.87577216056207,86.81881935525428,6.4359719583445685,168.964339071718,jute
78,44,41,23.20088153379009,79.96347128291984,6.975311904235072,154.58478762070524,jute
61,46,37,24.765943793502114,82.87336063082834,7.145157975171314,165.0066913529488,jute
60,54,36,26.174133655035085,80.34019141710819,7.129802077459472,150.85042448621138,jute
72,44,37,23.835972325794724,74.92485656191107,6.724806003973213,181.27900012229708,jute
85,42,43,24.761508400738528,84.86332973249357,6.69935145597475,178.5040664089258,jute
76,43,43,26.013848672179776,79.76292274166303,6.886771682899575,185.1300630210008,jute
78,51,39,25.74735730452128,76.28026717804828,7.219364336881504,197.6841730752402,jute
81,40,45,26.023892657918655,81.30863354211188,6.5667885201028255,177.76284160068448,jute
65,51,40,24.800873077351877,73.5579306648569,7.113900146595108,157.9818605303991,jute
66,54,36,25.3476219044271,78.52580249601053,6.546001034215589,184.714788829563,jute
84,49,43,24.084352240969515,73.334412227933,7.347646665297721,151.01075744285177,jute
85,46,39,24.535585967300207,73.38994036063879,6.574663774186186,151.89386952856347,jute
64,58,36,25.27077586113307,79.78224043256849,6.791150270524586,162.7106891200929,jute
64,59,37,25.203711576465086,78.70830039118118,6.831136985381345,165.06756486216383,jute
79,45,42,23.134068845392704,75.62082651167594,7.329080156286232,152.53047092378804,jute
65,40,42,24.13792244965219,70.88775817594639,6.929251113709559,187.92358380806212,jute
86,55,40,26.89143359339241,77.07511375133504,6.974015502960309,174.79841054395604,jute
79,52,39,26.30355717011468,76.74919806738458,7.102587017252871,196.77079312471005,jute
85,53,39,25.102610509033354,73.0324147076782,6.688359569165004,173.18016211277953,jute
89,46,37,25.551541850168842,72.38093471565124,6.037072528940198,152.04747084411525,jute
81,48,40,23.842490082990405,74.53742085389948,7.064978247094322,152.69790580007347,jute
67,57,35,23.480279298998465,80.9729541500803,7.135799067018516,183.20995428931838,jute
79,56,37,23.730837275073956,72.80843504935662,6.921496254148562,173.5857235722329,jute
74,40,36,25.028400471917934,80.17762713528373,6.694446466900629,167.5723240532688,jute
85,56,36,25.87080277599652,80.58791669342929,6.657784461394739,171.000676885275,jute
92,42,38,23.619549319274483,86.20143588940016,6.966580529382448,150.2381028861482,jute
72,43,40,25.275644109077867,78.07613819417269,6.528734635503002,181.28561974320195,jute
67,55,39,25.36379061760018,76.72796901121917,6.755993008146104,184.11465439614835,jute
82,36,38,25.74991831549602,85.09601665027598,7.074287900547209,177.8073101981538,jute
73,49,38,23.360311514911988,71.418844726219,7.44956842867162,164.03073832066084,jute
84,37,41,25.525621081376364,82.0396752295887,6.628809642310696,170.66009451371318,jute
89,58,35,24.163918722910104,87.29834468865613,6.767669857591725,172.49493684569006,jute
66,57,37,24.43897048847953,78.07474192396587,7.29918165034635,184.29763997307455,jute
22,75,19,20.3017547420501,22.47143450433953,5.964814403569041,65.9251524052416,kidneybeans
12,70,19,18.30117435131156,22.218516707858875,5.903039506371276,114.36283576844333,kidneybeans
6,63,24,22.95919660620309,24.037311659030014,5.859114182306521,107.79754413792459,kidneybeans
23,62,19,16.389088811956494,20.57692713850137,5.590710346222706,98.1432635840378,kidneybeans
19,64,24,18.125000369399725,18.292977320989323,5.627321415116172,144.77166631859743,kidneybeans
10,75,20,18.29179172899486,19.232136847495248,5.85653247493576,87.97368580608982,kidneybeans
5,62,20,20.67309011117541,18.162515778662687,5.8317183783996285,118.42136209660029,kidneybeans
3,59,19,20.737574257376934,23.501634408577566,5.861344282283,76.45814217229307,kidneybeans
24,73,21,20.114336428894493,22.13389763440045,5.963366807563185,64.97074658539599,kidneybeans
13,68,20,22.73559417401784,23.839084812261078,5.658667911312192,84.0956248024235,kidneybeans
13,65,16,19.274040609144688,24.16562865632736,5.641402823734891,138.0739365041544,kidneybeans
27,62,22,21.6873459100755,23.685307241555282,5.886566606164851,125.77463747415538,kidneybeans
21,66,17,23.23923523010606,22.596280812926953,5.883155093165725,107.89949296085649,kidneybeans
36,72,21,17.659921427609866,23.465113244070626,5.611440678531352,77.16239124106549,kidneybeans
26,80,16,18.480058294539464,20.701381049881853,5.750218326834168,88.86247026438512,kidneybeans
6,61,19,20.988054461691014,23.480805512783125,5.832623104662626,73.30744592522603,kidneybeans
21,63,17,15.927134334197294,19.297770266750447,5.976891607177083,108.34465409669393,kidneybeans
10,59,15,18.65189017652587,21.762307573491327,5.834819341602352,133.59656215461675,kidneybeans
18,77,16,21.01616907659356,22.890342265681152,5.939600417874422,67.38690273048402,kidneybeans
21,66,17,16.8072563888784,19.29795347911504,5.775513839275185,108.06033201326558,kidneybeans
19,76,18,18.704384164558615,22.774489721993902,5.717439816938203,86.76001006079225,kidneybeans
22,69,18,18.851097934449456,20.63257238452687,5.548173914593457,106.60283197418735,kidneybeans
0,65,17,21.32259936891183,22.12476730071023,5.604198259632862,98.3090853355039,kidneybeans
26,79,16,20.339477759502806,19.16116964891995,5.795693233702042,144.47133037172964,kidneybeans
27,62,19,21.13610423288101,21.653495016612823,5.615594919285841,132.47081639520323,kidneybeans
5,57,21,20.808498101320666,21.799782787982128,5.724750211105559,139.60502151035314,kidneybeans
7,60,15,18.654081153661206,19.8376972672711,5.863089257696803,135.99313148386074,kidneybeans
27,78,15,18.2370457891437,21.263434134338684,5.796677660511198,86.83685541047657,kidneybeans
25,62,20,15.937482027373491,21.11788454680737,5.504729796304705,95.16082238091425,kidneybeans
12,77,22,16.107518516212057,18.757657664327937,5.996089503912338,88.04772351416258,kidneybeans
21,70,16,20.63882245142074,20.97750602381132,5.7089470757984815,107.5605880276084,kidneybeans
39,73,18,22.524413869454413,19.733647421351893,5.747256941047317,61.57768504141049,kidneybeans
32,75,18,15.901042685320473,21.367457959938232,5.806153138676842,87.87027819728135,kidneybeans
11,65,18,19.06056533353016,20.219956381167048,5.689260506181122,139.2197702330768,kidneybeans
11,61,19,19.46340596699133,24.087510897912345,5.66980009436683,68.89400141419546,kidneybeans
10,73,19,19.721198937972805,24.769280667764658,5.895693414983901,110.96061969498771,kidneybeans
15,74,22,24.427342316338965,20.910354531880177,5.7376542813342875,62.44206224534857,kidneybeans
18,68,20,21.007373702177343,19.996291231566055,5.660711474165812,145.5098465423353,kidneybeans
32,59,22,22.626030358629777,21.62566575762439,5.943993388095034,122.5395016768274,kidneybeans
7,56,18,18.431896529202263,24.02745589063637,5.705215989276747,74.99463406940068,kidneybeans
24,58,19,16.959754918765775,20.049494411878136,5.57964103741336,91.292491752363,kidneybeans
9,75,17,19.5862633965721,23.60538924303487,5.7987896597296285,107.88423603271565,kidneybeans
27,66,19,19.52106090157774,23.675593333115703,5.685585905111398,72.23169165319077,kidneybeans
9,65,20,18.966915416975134,19.026437557298074,5.843411424840644,117.90239234579704,kidneybeans
23,73,23,21.63742312759331,21.43295697546816,5.853157803834838,64.08923235421635,kidneybeans
23,62,19,16.228991172369295,20.727849854327598,5.567425743486443,97.35402925394634,kidneybeans
8,67,20,19.496826599617076,23.048942970238336,5.6277861150501085,127.95936368162974,kidneybeans
10,61,20,18.671071198243013,23.08985428598092,5.536261784144656,134.9184032398446,kidneybeans
1,61,23,15.840569659476813,18.463475715697708,5.616288269841495,138.900965851365,kidneybeans
9,67,20,19.16342620503625,23.767343713310726,5.5791385990817615,130.59695546147867,kidneybeans
26,62,22,18.46597367910564,18.613603478102476,5.883599451434081,143.31699889504245,kidneybeans
11,60,22,18.090209510152633,22.15306280192989,5.587285930901381,132.79824649420794,kidneybeans
27,59,21,19.837276377526923,19.94913148618842,5.688903437148479,142.35835812288767,kidneybeans
31,58,22,19.87002276054753,23.65381609055465,5.624834474311048,98.5448094736489,kidneybeans
33,72,17,22.663462621186888,20.381269320489448,5.695117837095733,64.78546431045258,kidneybeans
21,69,17,17.792941665375704,19.362458143711393,5.5805232659439445,107.78966723283493,kidneybeans
29,62,16,23.011403402197907,21.715228957920743,5.528197796064705,99.82671093492458,kidneybeans
24,69,17,19.77600872005104,20.06890894378447,5.71837022434759,105.85489444197329,kidneybeans
22,65,19,18.176446193859096,21.258137198228376,5.780334259219081,106.28824475927578,kidneybeans
3,59,19,21.005247987517944,23.410170109239097,5.879340818685079,76.49310355116754,kidneybeans
31,64,17,19.702220385810207,21.24095740727389,5.752173017310121,128.48787980488677,kidneybeans
9,75,17,19.969631939467256,24.57347939934525,5.826404652425308,107.99669719101871,kidneybeans
23,65,20,18.72063440657121,21.94942428563037,5.615188951621079,102.35362989125038,kidneybeans
31,75,17,16.156646111801567,21.381375361283332,5.8145794052283515,88.2934781757787,kidneybeans
26,79,15,19.068037214221057,21.22339628874283,5.787820957873025,86.22349037973414,kidneybeans
38,73,18,22.832605343623417,19.539968343876826,5.7260515099216205,61.722999262162325,kidneybeans
31,55,22,21.893171591657342,20.720476485804905,5.826946326965566,107.56366279698305,kidneybeans
33,60,22,20.37256704951955,24.752314128693143,5.649794977439942,100.08860488288764,kidneybeans
36,72,21,17.739328472890247,23.328182235036152,5.614448514523287,77.3180270748297,kidneybeans
4,66,24,23.62176446259545,24.038751326571553,5.941865426187139,119.68158846487765,kidneybeans
20,64,24,18.28049597810336,18.291885649013683,5.639053196594578,144.67377190956293,kidneybeans
30,75,17,15.567397765170552,21.431541206388168,5.823219038727907,88.81425778684701,kidneybeans
31,67,19,19.98795148783138,22.408511194383156,5.827555293293021,66.80780753448329,kidneybeans
10,58,20,19.94782155170522,19.521543784338824,5.723370541533552,137.72975818960165,kidneybeans
24,80,18,20.533270451758607,21.869184109197843,5.610060066241741,103.25010775919644,kidneybeans
13,70,22,21.279125302031975,22.776072665038743,5.747233703764811,85.7653432677259,kidneybeans
21,71,21,16.79683387877093,22.154799012670185,5.912108160451737,130.8244075090238,kidneybeans
28,79,17,19.712987714393364,18.662838597505363,5.80405927851698,144.2582068470756,kidneybeans
28,65,18,19.574871066992902,23.504392099740446,5.5923544754457,73.70039962663498,kidneybeans
22,59,18,21.851111203991998,24.88224926351751,5.825614907325594,128.87361444068145,kidneybeans
19,60,21,19.391591268987636,21.464922054466125,5.825027459900787,62.978581453623775,kidneybeans
27,63,15,20.19083588887354,24.700221047216385,5.516763163254688,138.04029988514208,kidneybeans
20,78,19,21.225875444136253,19.95227442489954,5.808017200326017,114.24580029587939,kidneybeans
16,62,20,19.602699000096685,20.43152305658913,5.696382988593807,145.5608197976343,kidneybeans
27,61,22,21.722897670444297,23.54822649471269,5.860142932228035,127.00024869341016,kidneybeans
14,59,16,18.495575664017387,22.869576642511294,5.738473692202366,133.18684615594927,kidneybeans
31,76,17,17.760042974693526,21.250004200273118,5.792163614225502,86.90954044965025,kidneybeans
16,59,17,18.372230352973517,23.329861900144387,5.689723085177015,132.81598133723114,kidneybeans
33,72,21,17.417431882518226,23.01860310097721,5.82201136115495,86.68192188845197,kidneybeans
27,62,19,20.743409011815242,20.72997164532528,5.591583829894465,134.86151826410727,kidneybeans
20,65,24,18.047411863846754,18.38707674887772,5.688241312234625,144.46137720391096,kidneybeans
5,71,21,18.285357774009494,21.77714699172739,5.628879090367375,104.4714001195804,kidneybeans
21,68,17,22.444216865211583,22.810389651152263,5.839394951607943,106.57581160518788,kidneybeans
26,65,18,19.850915635808917,22.926220559116718,5.584044096832221,72.82230249211572,kidneybeans
24,62,19,15.883159715172736,21.05386229818888,5.5171280119565616,95.64918176744469,kidneybeans
39,78,19,19.32961682784524,20.83130904668985,5.670362247375843,80.19708085442629,kidneybeans
33,59,20,17.055528864642103,19.752029829950416,5.65241060834372,102.58735123524397,kidneybeans
17,59,17,18.52369872193689,23.490338565064587,5.688742779121144,132.63644181194684,kidneybeans
38,69,18,22.088674884145924,19.781884676647472,5.760358511016394,62.11744534547073,kidneybeans
11,73,18,19.677548689752257,21.427440225564695,5.697473424455703,87.52001271771401,kidneybeans
10,63,20,18.798051594238142,23.264581616012887,5.5473198923482965,133.80388395477996,kidneybeans
28,64,17,22.730811082645705,22.154515400545034,5.549219440947328,101.60817406335562,kidneybeans
5,77,23,24.075725998559793,22.93349288931191,5.674408826434797,63.22763589989162,kidneybeans
36,56,24,22.10335045211968,19.764743845592477,5.788685058398104,126.37571547094635,kidneybeans
5,64,24,23.311159875536447,24.173132399023434,5.896971966393584,112.83229396423188,kidneybeans
24,62,19,16.013976084441957,20.93054279281988,5.536153946365638,96.29406803704492,kidneybeans
39,78,19,19.460598144887825,20.82887458493934,5.671387230801458,80.23726723300722,kidneybeans
22,70,19,18.381142307937072,21.13777461623721,5.553456786131589,68.98971074817534,kidneybeans
27,62,22,21.660116341322365,23.790299218947137,5.9068048514362275,124.83592544940284,kidneybeans
11,73,20,20.57140536135186,24.40278794983223,5.948628360346971,113.17279717598134,kidneybeans
6,62,21,20.415583118547797,18.643406942905905,5.802262629265496,121.28583819870151,kidneybeans
26,56,19,18.874743187133763,20.395930068587298,5.547048323529942,93.68121689386233,kidneybeans
33,66,17,18.98940581826302,21.4728884749597,5.896581234121063,124.79763432638852,kidneybeans
26,64,19,18.68465154295485,20.970418027650105,5.792588897471404,141.339614608911,kidneybeans
7,74,23,24.593927925155224,21.992425133076434,5.711123048618065,61.27657084203703,kidneybeans
30,69,20,20.925434903069473,20.830490535343444,5.8664790159761075,63.877717301308856,kidneybeans
23,80,19,21.403936937682047,20.81394518080293,5.630986593911015,102.1487530361181,kidneybeans
21,63,24,18.53595508223414,18.290092173640158,5.658326990956472,144.51294410072734,kidneybeans
22,70,17,18.386329012640157,19.531082242511786,5.524786167198198,107.72313052773156,kidneybeans
17,78,19,22.49772566961013,21.415191401222547,5.924552344731711,114.84600871791251,kidneybeans
31,56,18,16.708390062720746,23.37230128576342,5.723622115340045,107.67704756335272,kidneybeans
11,72,20,20.048019454449587,24.663838410896926,5.949900025609439,113.25322939369681,kidneybeans
8,64,20,19.428962545604055,18.75038231188699,5.837702234384665,118.65548489275608,kidneybeans
5,72,20,16.52806959936163,21.613324952094402,5.597581247506158,67.11208688554274,kidneybeans
27,63,18,20.861287780167636,21.533234982465423,5.55775069345141,133.66644227795467,kidneybeans
15,59,18,18.481034240651738,23.302427365997275,5.640730323242052,133.7143239055839,kidneybeans
30,63,16,23.50817273629397,21.959385262768144,5.529968357328622,100.69651277463565,kidneybeans
29,55,22,22.18917105387521,21.148097135481866,5.830653051518379,108.35443041193822,kidneybeans
6,63,24,22.852406780778,23.96469644692667,5.852821913312231,107.65536222111736,kidneybeans
26,68,20,18.26786011703111,18.75148849631163,5.916694802392436,143.34885522792175,kidneybeans
18,66,23,19.41006044816306,19.062045817635642,5.641174722076781,145.1150995555637,kidneybeans
33,63,18,20.137801717919864,21.38763468761325,5.909487233843108,124.1511699839383,kidneybeans
24,67,17,21.21842898692719,20.54226831878894,5.793949568486607,107.2931683008322,kidneybeans
24,77,16,21.47179982994604,19.933720531151938,5.774027969926719,144.96786195108828,kidneybeans
18,78,20,20.071499056950202,23.191943878010214,5.882103667538515,139.30222307127752,kidneybeans
27,59,21,21.7670479170777,23.103359134789535,5.782362522330078,130.22001533052915,kidneybeans
22,80,20,22.29525785848402,18.903678908901902,5.665756953757141,99.73947247178833,kidneybeans
8,57,18,18.579178347606014,24.2803555093338,5.687245634444766,74.15118034306349,kidneybeans
27,79,17,19.556396500584142,18.767260275383656,5.805679395338321,144.02167996845787,kidneybeans
26,80,15,18.913920911708413,21.075504930681348,5.778243111295613,86.92166784323494,kidneybeans
22,62,21,20.917016733377487,21.339161740761114,5.732513801247076,106.31702728640592,kidneybeans
19,77,20,21.071224748387635,19.606340283412425,5.7268341281780355,112.47464886545245,kidneybeans
35,68,22,16.87423391401378,24.5905844916728,5.668802675036252,77.46988382102701,kidneybeans
34,76,23,22.57584436843723,21.545329495533505,5.8671837409403915,62.52030106873591,kidneybeans
10,55,22,21.197667658102677,19.818312836101406,5.73108660782967,137.71442710909747,kidneybeans
34,59,22,20.30716173016927,24.803517931169633,5.663985939985175,99.35951228353312,kidneybeans
15,76,22,23.41517482320789,20.887342542703742,5.6596568214136775,64.56357588165473,kidneybeans
35,68,21,16.961735760013386,24.207167917190397,5.760433932732676,79.51412390684457,kidneybeans
34,61,19,22.65375802030828,22.567251478497287,5.759103415898017,86.95132017223133,kidneybeans
5,69,16,21.505837735207262,20.87223302120033,5.69013119471836,90.44967217244042,kidneybeans
13,60,19,18.535150643992786,23.196546715224372,5.599405136627444,134.33193167007914,kidneybeans
26,64,21,18.14525346939306,19.55568415894606,5.8940486238510434,142.4736220528543,kidneybeans
23,66,21,19.29947199915035,22.20592658339586,5.687024053751031,105.32733301470746,kidneybeans
10,71,17,20.036522324528445,21.164522697899326,5.740168624575535,83.61698950553433,kidneybeans
30,66,20,20.519111399890896,23.140833693193567,5.95630632879166,122.33477945491742,kidneybeans
11,72,21,24.41596223799639,21.36309080060298,5.782940143845961,60.62342969873735,kidneybeans
12,60,18,19.57406152160607,22.985190069033635,5.6181803030146575,139.21226842038894,kidneybeans
18,59,20,19.543699811803428,20.47288506110767,5.732665599844042,62.68271754450924,kidneybeans
27,60,21,21.571254308516888,22.653439221600955,5.730611420593256,130.91848093632427,kidneybeans
12,77,22,23.22632331107874,21.925707299901287,5.86070036982943,111.8800514934048,kidneybeans
24,77,16,21.614573481291615,20.03113089979673,5.771296212861031,145.0304692502339,kidneybeans
31,56,18,15.709013656265354,23.636585455776274,5.700783726149798,107.43409031477985,kidneybeans
15,60,17,18.39464391650078,21.881744542398785,5.700274176546816,135.05476521049968,kidneybeans
22,67,18,21.39719049496768,21.40295504091724,5.724679540190943,108.14037061728303,kidneybeans
0,57,22,20.386959073173404,19.820402903028764,5.810407616607886,142.19622270547157,kidneybeans
9,59,15,18.698329726476512,21.4333484997984,5.863442714608712,133.71828486788473,kidneybeans
34,64,22,18.77390730152883,20.553609958496974,5.967877057568878,121.54252551122566,kidneybeans
10,56,19,18.84848022302685,22.96255576235148,5.729314661270099,70.9566229932754,kidneybeans
19,60,21,19.37104520077502,21.512882356107152,5.826521969059628,63.06449804506588,kidneybeans
11,68,17,19.43389761406803,24.31592535763261,5.640423014167523,134.27910039294133,kidneybeans
20,72,19,18.956560220656765,19.246423810381284,5.52746445218644,108.09881453027893,kidneybeans
18,77,18,21.998159811286232,22.307657232259054,5.863913455357454,66.49060063012668,kidneybeans
22,59,18,21.924570011092513,24.87722369616432,5.840051459909518,129.25126490219768,kidneybeans
26,71,22,19.862625543486537,21.771570296427832,5.944444860917114,64.23891964698295,kidneybeans
21,66,17,16.7681208783138,19.29539239492015,5.7832557177678,108.07107844990878,kidneybeans
4,65,16,21.187478602221855,18.531351531335407,5.855531640264837,108.9130117229396,kidneybeans
9,61,23,18.99652451474192,19.22374661659124,5.761657166085232,123.97943008388724,kidneybeans
32,58,19,16.4374333835339,21.383074746214607,5.669933687516501,104.54192485474935,kidneybeans
8,66,22,21.473605927579847,24.419781203619575,5.898555450472022,110.14889827364642,kidneybeans
9,67,17,19.012938018833534,19.367591667502158,5.865108514684588,112.61326745244075,kidneybeans
2,61,20,16.35844996260002,18.85985377095377,5.705618316338866,137.72895488551703,kidneybeans
31,78,23,23.41018006415066,21.788900417910114,5.8611912070848184,63.29613115629424,kidneybeans
37,70,20,17.592250526875578,23.037458556688225,5.815628001223686,81.41385984691213,kidneybeans
25,61,19,21.014603330668578,22.715613362438237,5.731084561791151,135.98880011794844,kidneybeans
23,59,23,19.331235776369564,20.39277160665128,5.66288992467195,104.9173012710792,kidneybeans
5,64,23,21.957338004520043,20.836949808130647,5.8784517038283,120.09582718683555,kidneybeans
18,59,17,19.26823031543497,23.773011835286802,5.728555887120557,132.16528631537824,kidneybeans
9,65,19,18.34332798417641,23.249274797122286,5.635229582414132,68.0188543763423,kidneybeans
27,69,22,18.439923239535595,24.099724352905046,5.940024749690524,67.81503845178945,kidneybeans
33,60,20,21.729591706712196,21.51876654356892,5.933328358829633,123.0309608539149,kidneybeans
26,78,19,18.00099736795662,21.030005482859234,5.717108591937555,140.8232173064196,kidneybeans
37,60,23,19.611895351407178,19.187767945344138,5.870886109300016,124.16903202039506,kidneybeans
3,68,15,22.027480123018268,21.49893165248288,5.678210467102206,91.88799913171599,kidneybeans
34,60,22,19.165620673952457,22.31380025111315,5.649895106622284,100.29184949870199,kidneybeans
27,58,23,20.293861409784085,19.144118204511045,5.789583349855597,140.965885873674,kidneybeans
23,65,20,22.750667202811332,22.473337216506067,5.812433754008115,107.99416654062205,kidneybeans
31,75,17,15.919373166715236,21.400815852276985,5.817896525818255,88.49827524610745,kidneybeans
22,59,23,18.82937059327166,20.266476897194543,5.639053723770665,104.43892513596434,kidneybeans
27,57,19,19.923964407886547,20.726235024111542,5.540124326029529,95.81615621086094,kidneybeans
13,77,22,22.787408212476784,21.39077748652929,5.808490174428046,111.36898215565141,kidneybeans
7,71,16,20.698183188122975,19.90192077082731,5.708587957605559,88.22272256865608,kidneybeans
6,75,23,24.678430044656242,22.291247258946697,5.677022673090352,61.586696978278574,kidneybeans
33,58,20,16.637025153585427,20.856387281541615,5.664275237494221,103.91076539745377,kidneybeans
2,60,19,17.131207273878942,19.265974423231466,5.787508000440721,136.63950640585372,kidneybeans
25,64,22,18.163166005883863,18.97635007620296,5.944728309902457,142.3710591660249,kidneybeans
25,80,18,19.66291162966983,22.92405015215333,5.589140933293469,104.35107330108669,kidneybeans
32,58,22,21.23404057772332,23.526492573729694,5.744299590866371,103.6976558400936,kidneybeans
29,69,20,19.564897341965636,23.631242989111627,5.665882988073905,104.97637784973413,kidneybeans
33,64,18,19.626017526720645,21.345473842707047,5.901821957045027,124.51133390481958,kidneybeans
12,60,24,17.31952187955264,20.460732376859962,5.693403233364692,127.83686019593902,kidneybeans
32,57,19,16.541628872162864,24.021130037486788,5.687512804360508,105.78079125215947,kidneybeans
27,79,15,18.662140857604303,21.236666003611386,5.792451407129196,86.52198843512664,kidneybeans
27,69,22,18.28067298101339,24.728721678400028,5.9302309497830255,68.74863571599586,kidneybeans
26,62,19,20.95205788163754,21.189040511882087,5.570572839480513,133.22166298955463,kidneybeans
12,69,18,17.319900043533917,20.035352927614355,5.863576522242025,115.16245918017086,kidneybeans
17,59,17,18.596314206447396,23.302639433600532,5.70088737236674,133.05748076987842,kidneybeans
20,75,15,23.51473423600114,21.327556100498523,5.734939521561899,145.8637037558564,kidneybeans
12,69,19,21.693098803059755,22.963368657018332,5.69115959939601,83.5736837431251,kidneybeans
21,60,21,17.897238840878885,19.948405816909325,5.7334205255615425,105.45935935243224,kidneybeans
27,69,22,18.08179361385618,24.82671397288749,5.931373562445703,68.96609739177048,kidneybeans
26,64,17,19.439299881161116,22.949710530442722,5.650641015823126,139.75307421317987,kidneybeans
12,70,24,20.64373377468535,21.996792305832905,5.6096326177632045,142.12487054096223,kidneybeans
17,63,17,20.67526755594675,24.73784600633867,5.6663148206932705,125.7259241617723,kidneybeans
28,68,21,18.71098423097532,23.949453747616868,5.892141173024175,68.2497253574736,kidneybeans
30,58,18,20.727309634252435,21.0862952235409,5.668446046768352,87.80862136276892,kidneybeans
9,67,20,19.154100931825706,23.75451196808638,5.578326506164721,130.6788042913724,kidneybeans
21,67,16,23.284066232586724,22.63513944066133,5.894393357475021,107.79241066094693,kidneybeans
11,71,23,21.046608583495775,22.774138300238498,5.635886789847014,141.40530118537242,kidneybeans
4,67,24,23.13015612528157,24.299153523443092,5.895884668064965,121.06316643130879,kidneybeans
10,61,20,21.143127630259652,24.548046483696954,5.660548893225027,80.50475874502129,kidneybeans
1,66,15,22.788057516024022,22.41268563858313,5.660829525397922,93.98514268166089,kidneybeans
7,66,20,19.818744973850812,21.505309846200667,5.688920044051837,125.62106138977558,kidneybeans
21,62,17,16.340969532933315,19.431595890306333,5.959860390649039,108.3851058195679,kidneybeans
30,77,24,22.557887130610737,22.621242986545717,5.905657264145493,64.07177974087081,kidneybeans
4,74,21,18.281218850790967,21.721654824637056,5.59560013181322,65.84447655763972,kidneybeans
36,74,15,24.76345357214716,18.60293763096922,5.611703031925111,62.771054849541656,kidneybeans
10,64,20,18.901940003788358,23.40753395349554,5.556367031199198,132.89204528054205,kidneybeans
9,71,17,20.14830322837681,20.8704390064625,5.734187149607337,84.50427891437596,kidneybeans
34,65,18,18.423123527464973,20.562459996273663,5.908597615511431,124.16720961470186,kidneybeans
27,70,22,18.95960179302996,23.297050716331558,5.947671649079267,66.49273669892217,kidneybeans
1,65,15,22.65508692992479,21.431544771715274,5.729087585573518,100.8541931101757,kidneybeans
5,75,23,18.859178970611104,19.752508659462897,5.732948167741069,98.61528633238146,kidneybeans
4,59,16,18.019450871694083,19.73278860157829,5.881635854773403,135.38724308451575,kidneybeans
7,76,21,19.945941076966193,19.708815747689453,5.785252565470641,93.75920682768228,kidneybeans
36,78,17,21.237806180333507,20.79584281306008,5.685294624781995,80.78253243984797,kidneybeans
0,56,22,21.071062259371995,20.02013150752376,5.838398890332793,142.63364259523723,kidneybeans
24,80,20,17.770657485365604,20.86092500792021,5.613719016570523,100.01671827776087,kidneybeans
33,76,20,23.932119806029515,20.560116594961094,5.764966908762841,63.09361615072165,kidneybeans
30,70,21,18.868937969118118,23.719363164833126,5.900978629011782,67.07250562208378,kidneybeans
22,61,18,16.738639612967717,19.572698501791756,5.945760220567759,108.41382300693151,kidneybeans
24,69,17,19.720743105527152,19.61437092281228,5.734358057426468,106.05242991273637,kidneybeans
5,63,21,23.08429289711028,23.827433274553492,5.8040883348054955,104.69046990997205,kidneybeans
0,57,22,20.578131449264436,19.87621698585277,5.818229767440921,142.31845952787353,kidneybeans
17,77,21,23.5965941283644,21.359192322596535,5.74071408700456,65.0316458914867,kidneybeans
28,74,23,21.23352113277657,22.00424852437838,5.937960699477356,63.768536455720415,kidneybeans
11,66,22,19.93778873796518,22.864353140917967,5.571021131696304,138.61141789238494,kidneybeans
12,61,19,19.24095380951496,23.88601123373645,5.644112765210513,68.59020191156853,kidneybeans
30,69,20,19.533385885858152,23.67283780752286,5.668553022969983,104.99631071440197,kidneybeans
23,65,20,21.767558227780388,22.632211357433572,5.7400860761775725,106.73513220285628,kidneybeans
11,60,18,19.130163256300495,24.177542811893165,5.664165767942535,70.02224375311393,kidneybeans
4,65,15,21.374918553439812,18.589908098272993,5.861853596714569,108.80831566986159,kidneybeans
29,59,22,22.180499672318554,22.49021423036606,5.862019148988702,126.65438769431293,kidneybeans
23,70,20,18.78346423652584,21.309892595210457,5.659636236920028,67.6995527549631,kidneybeans
36,74,15,24.848302538965203,18.403180782708084,5.59606035971544,62.738133062581866,kidneybeans
26,56,22,19.832905524185936,20.66683773877598,5.817762821849306,108.31291125257717,kidneybeans
15,74,21,18.93713872107727,23.708759125347406,5.6748133944903465,86.85640646241144,kidneybeans
27,58,23,20.208836503867833,19.01476077765466,5.783374454329054,141.38546386836722,kidneybeans
9,73,22,24.481957444360724,21.596467525109876,5.756308133508923,60.86563472839922,kidneybeans
12,62,16,18.584655925362046,19.643726379492882,5.721816346847899,139.02126533977372,kidneybeans
30,75,17,16.06677830335815,21.400095338109146,5.818254246508454,88.44436772866037,kidneybeans
32,73,18,15.813302515625484,21.943884503856218,5.832928635990827,87.35864252692272,kidneybeans
23,70,20,18.73578692721508,21.289495690298423,5.647053401737655,67.85244340628279,kidneybeans
17,77,22,24.497159105529676,20.824822989689803,5.671303016958023,64.2096643268703,kidneybeans
25,71,21,19.41635347209267,21.580649937525322,5.826666236199758,65.6700160877755,kidneybeans
12,72,20,19.83999828626019,21.064827991265968,5.893350292563719,114.22429385638935,kidneybeans
18,77,22,20.941718209490656,19.316650456066817,5.658850349378884,110.99146322243486,kidneybeans
12,60,24,17.42452051204404,20.38328359382636,5.697676673040598,127.59534305207903,kidneybeans
26,71,22,19.859055101445914,21.770042819985697,5.943502561857565,64.25036926981153,kidneybeans
13,59,24,17.21098035699218,20.7593385504464,5.68619654647631,128.53016727318237,kidneybeans
21,79,18,20.017497061313506,21.434900259971464,5.850548465486151,141.48986150290537,kidneybeans
31,57,17,16.399519057734928,23.55808162794515,5.677325752237886,106.66048597048685,kidneybeans
27,59,22,20.132191645868097,19.257685469214742,5.685761541304368,140.21460951513936,kidneybeans
16,73,16,24.26499706744033,22.350313640908112,5.691101832117091,145.6468828692252,kidneybeans
28,58,18,20.794307739518135,21.005030581497742,5.536762259331689,96.94672415622398,kidneybeans
25,59,21,21.131628419882848,21.370804364195653,5.833371708250542,108.53667174188362,kidneybeans
25,57,20,18.96772897602134,20.363631353300313,5.866723499618799,108.57479357047882,kidneybeans
28,71,22,19.31857978358163,24.217321876089656,5.924267910618907,67.6137520133243,kidneybeans
31,77,16,20.86735299185104,20.995412879795925,5.748722833257504,84.22753223381473,kidneybeans
18,77,18,21.478307913877863,22.985747869759912,5.833420801149341,141.49916539383256,kidneybeans
22,79,18,19.97914949469868,21.16692696634163,5.84655980203023,141.74849490009873,kidneybeans
27,58,24,19.674301316501104,18.28210030369036,5.744212562764737,143.79628249973905,kidneybeans
0,60,22,17.54801325969321,18.991553254316987,5.694247202567315,140.38098285593418,kidneybeans
32,58,19,16.41139480329336,21.45178596515432,5.67067188431141,104.62426540500914,kidneybeans
29,68,20,19.625946155631244,23.55065914335151,5.660710187988268,104.93776085479813,kidneybeans
7,77,21,19.890389029563774,19.70499057763799,5.791787493928279,94.27982765497208,kidneybeans
13,59,15,20.952809554362506,22.441584157821143,5.77084004652614,145.384042708096,kidneybeans
9,79,19,21.965559000857162,18.888843950364546,5.945091109350502,124.14966933920708,kidneybeans
25,65,22,17.698346203870255,19.141285570375928,5.927058963517565,142.6365361982665,kidneybeans
10,66,20,18.650890240955164,19.215250347415722,5.847316325027204,117.38730158997244,kidneybeans
10,75,20,17.953423886748176,19.15503711363192,5.8780500212917834,87.98777359070793,kidneybeans
17,59,17,18.70515154185108,23.545068935500403,5.7029667964040005,132.70408966321625,kidneybeans
11,71,17,19.80231711484319,21.650609431452846,5.740885137874636,83.04680561006616,kidneybeans
27,79,15,19.667690573246492,21.153603625124017,5.77824996450356,85.64971404702452,kidneybeans
8,67,22,21.415488474626947,24.434860201222424,5.900122707426289,110.24376189407903,kidneybeans
10,62,16,18.443978627641492,19.509783153086236,5.759200567466967,137.71692295775762,kidneybeans
22,68,18,20.164001284545098,20.63627302919857,5.642807175003598,107.96947734317834,kidneybeans
26,65,20,19.687854823320073,22.01790267872762,5.562832074799673,133.6673988999008,kidneybeans
14,59,19,19.59694120541444,22.302866689839572,5.719850204852773,64.86518686945676,kidneybeans
24,69,16,19.68489090743885,18.95883556240301,5.760336180348965,106.38937293432879,kidneybeans
7,76,20,19.989493179377593,19.711814632620108,5.780129264228897,93.35104668511575,kidneybeans
14,61,15,20.90370530965359,23.353542233467962,5.756796737244771,144.66115293720765,kidneybeans
35,64,19,19.544337581648406,23.071227931175507,5.817148235682052,84.12721275515788,kidneybeans
7,76,24,21.24534494498107,23.793357225594487,5.797605064907511,68.03883504864017,kidneybeans
31,61,18,21.043865174501438,20.28843076087009,5.573015664811987,100.6294605503413,kidneybeans
22,65,19,23.068295186481397,22.44811335842995,5.840303733950078,108.30779641170761,kidneybeans
8,71,17,20.549322328140534,19.81540032691161,5.712728334868641,87.68747020835782,kidneybeans
11,71,17,19.403319084865053,21.105356442868278,5.780135237578878,83.40578115498158,kidneybeans
6,61,22,20.484129465338984,18.12646382038017,5.822202621460343,120.5576512441523,kidneybeans
34,65,17,18.71081483973279,21.09346454843243,5.894516742053122,124.847927477367,kidneybeans
20,75,23,23.09995789113019,21.11882818649393,5.760042758176427,64.14301130350236,kidneybeans
5,64,24,23.34224529854559,24.185128097222588,5.900315568794948,113.27696345600131,kidneybeans
5,75,23,18.97733498571841,19.742629165336652,5.746430595127008,98.31791923832584,kidneybeans
14,67,21,23.36390967480748,24.656020552276736,5.629425675376138,84.85069752932418,kidneybeans
11,75,21,22.082470377106066,23.649110378733592,5.944956941486577,112.94058169458117,kidneybeans
9,70,18,21.46416457262704,21.12219243307113,5.687680510911355,86.99207486365086,kidneybeans
17,63,22,18.886416616011495,19.415290532500393,5.662504490660239,145.19460275306542,kidneybeans
31,77,16,20.719585805730112,21.0075198928812,5.750788646430665,84.35507432167172,kidneybeans
4,65,24,23.001986284200033,22.846504770374906,5.918252222288494,119.83583746715125,kidneybeans
21,73,22,15.892665834019994,22.86161291221183,5.891982067778393,131.40330688234042,kidneybeans
14,73,19,18.862027923205392,23.07774407244551,5.696127167722896,85.95358524155732,kidneybeans
15,72,21,19.96818238886781,23.92938673544653,5.664242095257273,86.3892547808572,kidneybeans
37,57,24,21.10805828327665,19.44244647527211,5.812037512814707,125.73466271861955,kidneybeans
14,75,21,18.644490993848066,23.13820653759064,5.6965688366049365,88.22133119631874,kidneybeans
22,61,23,19.107344405732974,20.891823262404365,5.627792367073862,104.34653136848472,kidneybeans
36,70,24,19.531427103514986,24.732749331292716,5.8196290868615685,84.28978940104479,kidneybeans
14,61,15,20.871080346621202,23.38568920614713,5.755171965246263,144.53042689109125,kidneybeans
29,67,22,24.015607226217142,19.269008959542866,5.830204076198227,116.84796398090253,kidneybeans
14,75,21,20.706043491318656,22.977746777672262,5.742480664325002,140.675512390605,kidneybeans
25,75,17,19.472553565055986,21.225569099851395,5.66588963986181,105.5314855344746,kidneybeans
28,70,21,20.41898131122347,21.323166874852102,5.914990635459807,63.95328369385135,kidneybeans
8,59,15,18.733897245430754,21.18140251623096,5.885365027874455,133.81151089862624,kidneybeans
19,74,21,16.815744382830182,22.497836000167197,5.958141148062232,132.10909022619802,kidneybeans
4,74,21,16.52025749385599,21.407153865165647,5.592231203643843,66.81816421345553,kidneybeans
27,65,18,19.91602170973258,23.372197461497883,5.624850968292964,72.9910424693985,kidneybeans
11,70,18,20.732460621742156,22.156414114908763,5.721100026009216,83.0927257226606,kidneybeans
11,62,20,21.5655253764721,24.580609098272674,5.6549027333757795,81.15610356540014,kidneybeans
15,62,20,19.157055410739865,22.853860992558236,5.673871000650012,126.36162180246725,kidneybeans
15,74,22,24.432470747857135,20.904678510132904,5.733619182659214,62.54670875026626,kidneybeans
10,58,16,21.703491859799385,22.410070684350355,5.808739247138738,145.8957834897249,kidneybeans
32,67,21,17.985964745352128,24.33929398717735,5.584404533796516,74.69975637608638,kidneybeans
23,60,19,17.052386303674616,20.46684945550574,5.596422832578981,98.03231810318223,kidneybeans
22,70,17,18.626583959433017,19.68045035599811,5.540736874985489,107.75642465172345,kidneybeans
30,69,22,17.48456369482051,24.931367543323347,5.79686778345058,71.56052520263496,kidneybeans
11,77,21,23.81208636364167,22.78642560867101,5.9407545116189,112.67478002174558,kidneybeans
31,61,18,21.275702878263854,20.434797063750867,5.568751204434997,100.62660125393867,kidneybeans
5,63,23,21.713819489980185,20.368501385048166,5.869173783860527,120.15643352828528,kidneybeans
24,67,18,19.276472033341793,22.2675136136594,5.559676596141064,71.62125772809641,kidneybeans
21,60,23,18.508477316175625,20.155100621093506,5.6624526217154925,104.62900413437129,kidneybeans
31,59,21,17.52272327695851,18.622989617770568,5.616432824001515,97.20340109344426,kidneybeans
22,75,18,20.350532529699343,19.15195522731206,5.581824053660945,104.26397638493906,kidneybeans
14,59,21,17.713990467438364,21.872793223006727,5.687724111279301,130.38662179474917,kidneybeans
30,78,24,22.716637598557316,22.543023094621248,5.904745202238446,63.89819641102053,kidneybeans
6,64,24,23.20263758222857,24.131254227443833,5.885299118949974,111.2799086871625,kidneybeans
14,74,22,20.175330417229755,21.787284216163588,5.750784099371477,111.0748629265009,kidneybeans
18,76,21,17.96412833722712,22.274174224064474,5.666153289208573,89.99071229629872,kidneybeans
11,69,20,18.64086385278486,23.631537202119034,5.669868796539413,129.5576495537754,kidneybeans
25,80,19,18.124644043955424,21.423990439959848,5.606272938135747,101.10107704904803,kidneybeans
26,67,21,19.923621613343695,23.157730407630858,5.6354874925632386,104.7494634751632,kidneybeans
23,66,19,22.255342914936673,21.612918928072027,5.816677527311821,107.90427670181207,kidneybeans
0,65,15,23.320340896810816,22.908233388760234,5.66009422719848,96.72074341470842,kidneybeans
22,65,19,22.818652318721437,22.286687400401135,5.819051466697141,108.33735439156764,kidneybeans
12,72,18,19.38366129510709,22.28602907501791,5.720957029745517,84.34102468674668,kidneybeans
5,64,24,23.243808659894256,24.147141925741078,5.889727551984624,111.8688510404905,kidneybeans
26,64,16,19.677140171619467,23.573518309421186,5.605903720725623,139.25304895712281,kidneybeans
21,67,17,17.152862875502148,19.320570465523936,5.70714515346785,107.96543001356255,kidneybeans
33,75,16,21.57005694478483,21.779702542145913,5.760244478271497,81.68138678847622,kidneybeans
18,77,19,22.439685332967386,22.045668697878426,5.829882863795686,66.08760268069283,kidneybeans
27,60,21,20.282422919050163,19.619559066151403,5.662613577455928,138.89887184322922,kidneybeans
32,66,22,21.389273565063547,19.090611460610035,5.880233360703062,118.89484781860111,kidneybeans
38,73,17,22.926499191418785,19.48096192953449,5.719591047224138,61.76727080264723,kidneybeans
9,77,18,21.26468555318071,23.935570461004858,5.830928310690799,108.1244025503475,kidneybeans
36,64,21,17.721220324821864,19.266926277023416,5.942951833921744,122.50640851461081,kidneybeans
20,79,22,16.515501027804838,19.039418767490254,5.745900061208361,94.1304571631927,kidneybeans
24,70,20,18.933932946842774,21.37426485155081,5.699347433071674,67.21703267452732,kidneybeans
33,78,15,23.315456214478143,20.757226927579016,5.70155310268792,81.41997625791312,kidneybeans
16,62,20,19.673827449193116,20.53243722810278,5.69974719951016,145.5971859724721,kidneybeans
23,65,20,23.073051245262985,22.34148714132233,5.8337636934304795,108.59333666021656,kidneybeans
15,74,19,22.861301069264268,21.854854167049204,5.87944676263578,63.237987424611575,kidneybeans
34,65,17,21.73416058171696,20.301324901888208,5.739236309452503,64.83603417723958,kidneybeans
15,76,23,20.547248736737604,19.999763636176112,5.63666128501667,109.78828308414404,kidneybeans
18,74,21,19.866606299403898,19.088327260256392,5.548041286212434,108.56090311675739,kidneybeans
23,68,18,18.88856296606553,21.822703373414154,5.5432217615422195,70.81021874678154,kidneybeans
7,56,18,18.48888892844125,24.34343139610651,5.696027908259796,76.41187556564702,kidneybeans
22,68,18,20.359742226502618,20.75796648701294,5.655802564313377,107.99660279170217,kidneybeans
22,74,23,22.06326196290106,21.341493687915303,5.826045967876208,64.10489089834056,kidneybeans
5,65,24,23.490728037537004,24.242426790703476,5.91628663158238,115.40097328737548,kidneybeans
39,78,19,19.685379409014345,20.824696726584396,5.673146237927974,80.30623237385362,kidneybeans
28,69,22,17.77121641829158,24.91595784407324,5.886757368691135,69.95875815331199,kidneybeans
22,80,20,20.930164254052585,18.970383029479414,5.658480354860601,99.01418028906141,kidneybeans
33,67,18,21.900584040945457,19.88186875546307,5.773072503162033,63.732218278838474,kidneybeans
4,78,17,27.54069305869573,64.26196471008383,6.770047320127814,46.97741851464579,lentil
39,62,22,22.96090128215093,67.29751745433374,7.308823029836547,42.79865685535627,lentil
27,69,20,25.403212628859226,60.51398719859027,7.4390882504623415,39.17420003696503,lentil
5,67,18,24.939826894197562,62.15831785399616,6.683234704273546,47.40203712502091,lentil
13,61,23,18.318496242381944,69.57386142094349,7.631698307210461,49.344845228392046,lentil
36,77,15,22.610654877724052,64.4384785684115,6.852341714610339,41.2701141389882,lentil
18,58,21,27.108953632726685,64.58515238663824,6.190153944928412,49.19166684191689,lentil
37,70,15,24.2641378570797,66.82730500622515,6.973600329167688,46.79387864122238,lentil
5,77,18,26.65943002724178,62.261245322782344,6.412289903233099,48.06613711945401,lentil
8,58,18,29.085205427662377,68.64204614879475,7.351832891141587,36.610083404522015,lentil
11,56,19,26.711960138785315,68.41344437046143,7.1544407096619285,46.3527314774012,lentil
37,62,20,22.08885989255088,64.62570794134965,6.5173892818205355,44.77144990987744,lentil
36,64,21,22.237572454512023,61.059328566448876,7.164967821249239,51.516906274136055,lentil
1,68,22,29.091226366157983,65.44997398540892,7.042770743558871,46.0893348181155,lentil
32,60,23,25.05801351175979,64.79639362280722,7.64098856781394,51.38469786493868,lentil
23,63,17,27.914484701972928,66.73344515693613,6.7900965089428835,43.520406100975286,lentil
10,74,17,21.33956107738858,69.89692789010132,6.639210292190444,46.72524605387079,lentil
20,65,18,18.09843677804954,63.745909824751166,6.186661762559365,51.06862584323088,lentil
36,77,20,25.215836096944038,68.77855629528773,7.002916425583703,50.79655878564329,lentil
32,57,18,21.41349837301759,64.49870097131945,7.354956319217306,47.573191045333516,lentil
0,67,21,27.823739446037617,61.93245846484678,7.839823891738391,52.35616244364179,lentil
14,79,19,21.253720145062513,66.12015643228649,6.215845235852594,38.512918359418165,lentil
10,64,20,20.525451992469197,64.17414659935156,6.747730514380205,36.375880335495715,lentil
10,70,19,24.857552838613657,67.85792918711327,7.254794335572897,41.69048454665514,lentil
35,72,15,20.92494769333579,63.84787563912495,7.339454181828482,51.91088769228777,lentil
14,71,16,24.483775684446893,64.63043981299843,6.86564393150177,51.16763838507148,lentil
24,69,19,26.407048219609685,66.85465968836492,6.957582280916341,35.943655062512754,lentil
27,61,15,25.7013227568412,67.08305707917971,6.772835039275442,49.304244262339054,lentil
31,58,15,28.385554585502245,60.21397895438594,6.225558944387435,45.42797200472085,lentil
11,70,19,24.910460623237512,60.7587263427755,7.143318490061937,42.194207307644476,lentil
9,78,18,23.42058315912345,65.33893512794495,6.333283674054777,38.14927086397215,lentil
2,78,21,21.009652230457114,67.05807752247036,7.199357555084445,46.955687902402595,lentil
1,71,18,26.954054328006706,61.960743020672076,7.691911817027643,50.96957445076495,lentil
26,65,20,21.241465748040284,63.11415248211161,6.375365367571125,45.39932771400549,lentil
36,65,16,25.739632415415848,64.31916134369925,7.67478397737549,49.98144708309748,lentil
12,71,24,24.62037871268695,61.77461791675578,6.502433735471367,44.65321917414652,lentil
26,61,15,27.328521259598375,66.4876943756995,6.954586910125882,46.82647655993487,lentil
8,69,18,24.61201428251662,61.738567872471776,6.895798534899308,45.09498997163195,lentil
9,56,17,28.011157284998355,68.65295986157228,7.326302139901832,45.89045147497512,lentil
38,69,15,20.739344950455067,63.643478727711255,6.408375377656671,48.33311559230315,lentil
2,75,20,22.768048239759434,63.88633774555815,6.728464678872225,52.049852862886524,lentil
10,78,18,19.77116340052467,63.50610843155326,6.3128043021184235,42.958601262834804,lentil
27,57,22,23.684211872159295,61.88313280458443,7.202064501204765,52.41967758611897,lentil
19,56,18,25.637896325686615,65.92543839189402,6.330811611343065,49.602561108927155,lentil
6,74,23,26.87547033080217,62.069800181814706,6.829744774127821,46.67491901958848,lentil
4,67,19,25.62514195436961,61.72779605595856,6.648283837502503,47.578010070913834,lentil
24,56,21,23.726360645749203,60.972297734495115,6.877891477470213,52.11537449791678,lentil
10,79,19,24.76785385245309,66.77792235891663,6.350636879870043,38.06592979035137,lentil
13,67,25,25.205058547585857,60.876511295651916,7.186260212991071,49.01194349857312,lentil
11,79,19,22.55230572431554,65.56735413937636,6.049304428942521,36.54326479649929,lentil
3,75,21,24.51581757533878,61.292482225351144,6.461193077905808,51.434608320147845,lentil
15,58,21,25.10020223210515,66.47831512702712,6.547584424284265,47.82770588450695,lentil
6,74,19,25.431952373850667,60.84661038393131,6.224283916011966,48.66482054904781,lentil
28,60,16,24.65340556851039,65.81466413481722,7.159729256690113,48.69751703673612,lentil
27,67,16,29.805100363369267,66.1118617449254,6.677329922324989,38.68349902392352,lentil
32,58,18,22.716925794909248,63.21575398854839,7.564485498910661,49.02265868003487,lentil
8,77,16,21.641697209877304,63.841436255307876,6.448026302404996,37.7588787444909,lentil
21,76,17,23.472889946771843,65.09674645916121,7.046473138285311,46.713486707308775,lentil
31,57,16,24.619751865514562,62.72088562391106,6.600455614696202,45.6729254595715,lentil
37,70,15,24.65023200448859,67.15037581149826,7.040656225185479,46.6687348662571,lentil
12,69,23,24.996337246235587,62.286967583142626,6.533218620772771,44.96768638556236,lentil
10,77,17,18.515347241519923,64.07646132150587,6.6646896981458825,42.77966991137444,lentil
9,67,21,25.147143901829388,62.89869218418669,6.634094218925875,46.182007362506454,lentil
30,60,18,26.826319312701706,66.67745816696059,6.278806470708411,52.26693510801357,lentil
30,59,23,25.392549517645357,65.8285898918458,7.718648440983608,51.924110197758644,lentil
25,69,16,26.887293320276065,67.95078763631204,6.547784236149658,35.281142298753856,lentil
37,60,19,29.04480451214499,61.31355752786368,7.530226642591448,47.45848156053672,lentil
26,61,15,25.59259492869265,67.00291391266207,6.957504752275622,48.099428401497505,lentil
9,58,22,23.667912299529945,64.48422126129597,6.516754178608486,50.622280621364624,lentil
22,68,16,27.576720907797952,63.499745487769744,7.68586807674312,37.33840427276809,lentil
6,73,24,27.325205460741927,62.80895218908868,7.148624006879345,45.65456781375094,lentil
29,61,17,27.097086597159265,67.02867050733579,6.179883525165106,52.39300055524833,lentil
28,69,18,27.92566582475698,63.85308520684931,6.922176934834011,37.16524103493097,lentil
18,67,23,27.38893644974434,62.89924588851506,7.372984010364399,52.498971635650314,lentil
32,56,18,21.078669442425138,64.82826881609029,7.30113174104262,47.20084680130107,lentil
10,70,19,24.86940217278784,66.26797739701416,7.229827980334248,41.80329931235626,lentil
36,76,20,26.056175655962445,67.81587012554978,7.052350412083835,49.759986805136094,lentil
28,70,18,22.16815231673564,62.16764977848491,6.407546055524194,53.34197168934659,lentil
12,60,23,18.853219805066356,68.6758914382437,7.490616918989023,49.558937392916825,lentil
31,78,21,24.07347942511297,62.06423526405211,6.8737444971006685,53.36932727480773,lentil
3,70,18,26.028611054585166,61.360590664484484,7.55509208405056,49.98254909495516,lentil
16,64,18,27.514093675484418,69.25427311388906,7.024384485617134,42.67446750567187,lentil
35,61,21,23.769479459799427,61.96399608850366,7.471384723474649,49.71161051752956,lentil
11,76,18,25.084489362671565,62.89971265176569,6.633352607344659,37.34728715952847,lentil
8,57,17,27.8983263101749,68.37783459547974,6.951522487816694,38.854745034657455,lentil
24,65,20,18.076121296493987,64.64816280943218,6.262308452090701,51.388048890470955,lentil
30,60,18,26.07487124461603,65.8645657839599,6.560546334670624,51.705447799102345,lentil
34,74,21,26.769165546307494,62.98682108432853,6.923410360335915,42.88960894868561,lentil
28,61,17,28.39718624271402,66.43412314721519,6.520173504706509,49.05505293124578,lentil
0,74,17,23.72138716644734,63.83793780027828,7.054151897486858,47.35132379128678,lentil
13,60,23,19.37264079584903,69.34150850500009,7.462101275132364,48.90830121735376,lentil
7,66,21,23.958249364654378,68.05301492039675,7.150481614448213,38.41797829000911,lentil
12,78,18,18.997745560221286,64.22568713055384,6.4112481069449725,43.72268826521243,lentil
26,56,21,23.072173841763362,60.74608639293456,7.09827023857748,52.180776111692175,lentil
31,58,15,27.638440113662025,60.53344584928884,6.363411795727443,45.92100704896242,lentil
5,64,19,18.319616632498676,67.99243386196653,6.973497317571519,48.93182329997548,lentil
12,67,21,24.295357160554946,63.30098748412229,6.771799211472829,47.46669656098577,lentil
13,63,19,19.153370966096016,62.52233559438155,6.596871225439532,36.68716942089916,lentil
1,76,20,22.12224013690595,65.66795126047674,7.288797962369013,46.05987012825005,lentil
5,66,18,20.928664344590082,65.67631782885452,6.862602746682951,48.13404044350146,lentil
10,79,19,24.196454811566884,66.4657117999187,6.27292199240668,37.67322818029451,lentil
9,77,17,20.876515614829863,63.36336786123446,6.284802374743142,39.582159506254854,lentil
31,77,21,26.60158399285237,63.21783909721368,6.007512355234831,54.210045135388384,lentil
26,66,21,18.366765089943854,64.99243120806364,6.296477399800211,51.15088634780367,lentil
30,75,20,23.201640682439272,62.262700984269365,6.751506795804367,53.43354523115316,lentil
2,67,20,26.545537022658948,61.14959463775917,6.601343959367577,47.81434608768184,lentil
0,66,22,29.743998476432445,69.00222604576018,6.666406398895387,51.65659740208597,lentil
12,73,25,24.410193456617236,61.268029582807095,6.531689178013637,44.31871509965712,lentil
36,63,20,22.338320898248426,64.36614503262868,6.411207651668546,44.888032960691845,lentil
11,73,25,24.93718627525618,61.583738453087136,6.659787972838183,44.469394424439145,lentil
18,56,21,26.97070409533996,63.60936144450757,6.236196904667434,49.76745991441626,lentil
23,75,16,24.843535257653762,63.31939126767979,6.9885317116479815,49.167004797386916,lentil
36,62,21,23.98241350208001,61.7275538376491,7.302399564350182,49.49474933011792,lentil
13,65,19,27.48586380977011,65.54482967593215,7.230146066595155,43.813930249598386,lentil
23,63,17,27.40414713509924,66.99395685961574,6.7484693891581236,43.147242027079635,lentil
32,72,21,26.266061976380893,62.12167106694527,7.083540330560979,41.60783131671352,lentil
32,57,18,21.822303430797163,64.09631936831566,7.420672742680867,48.02779994046766,lentil
6,74,23,27.053637928278643,62.36262350945549,6.956072345629942,46.27069548706023,lentil
10,78,19,25.032852252132113,67.02248766249546,6.428233597330399,38.161229979749685,lentil
9,58,19,28.292017946736596,67.07875643123982,6.975055549927976,43.02337444343753,lentil
14,68,19,21.64335425082247,63.2336907663128,7.239724336547249,51.918888774644785,lentil
12,73,25,24.53047745058585,61.340088864272595,6.560927213370279,44.35310705027247,lentil
19,56,19,26.151682223391116,65.33852809796201,6.279129949105743,49.56448788920332,lentil
0,68,20,25.733367452549857,61.9402473063913,7.039730401588993,37.65386194107727,lentil
34,72,15,20.917231459264887,63.515760056852635,7.563913308524247,53.12213497159343,lentil
10,64,20,20.442847803006497,64.07918910677634,6.738396801403682,36.381438617167994,lentil
5,67,17,24.388546973244132,62.4774855754469,6.714569069815561,47.38098135404971,lentil
37,60,19,28.724629457385742,61.09132213351285,7.219661217427618,46.55875622169842,lentil
32,78,22,24.03312832325878,62.37455796033409,6.988321896639226,53.425690986476376,lentil
9,67,23,26.34954718574792,63.158381347719335,6.754058670870293,44.89657741225937,lentil
7,68,18,24.489523753227374,62.15873949884879,6.794613769816392,46.282901985070936,lentil
12,67,23,25.510575878453142,62.35635083383505,6.812241522711345,46.839413249091265,lentil
12,63,22,22.31630005024646,63.21794966749462,7.197332884448386,46.211211978802126,lentil
10,70,19,24.8707621859827,66.08548989333356,7.226962454554236,41.81624768292907,lentil
17,66,21,25.953646742057366,67.35245163255634,6.394896871322849,47.72994359982099,lentil
38,70,15,20.77813251570953,63.898089743130534,6.43063904971673,48.19032215832536,lentil
3,77,17,20.52880565248295,68.43232834308063,6.975864756566133,51.30449991057287,lentil
37,70,15,20.82102356017577,63.883420037977714,6.696143140460188,49.277259792000976,lentil
2,69,22,28.63116147647415,63.168355513068576,7.295895245754872,42.86411437690982,lentil
2,74,21,23.83293132445597,62.11536592225331,6.725939379352137,52.68597808335598,lentil
34,75,18,25.313121064820223,64.64123308794996,7.349619783956596,41.81127049969948,lentil
34,60,20,23.574138062145213,62.2293798292137,7.528872762680071,49.657566219516596,lentil
1,76,21,21.95540940105121,65.8280723914785,7.295381522593563,45.92833033117846,lentil
2,76,22,22.90384386609884,63.574682337750005,6.912877071539269,49.817884643054455,lentil
16,74,17,26.20022988886087,69.14050563814064,7.373531604334903,37.07957358399408,lentil
10,70,18,24.915027503105755,69.01309295084327,7.2791611090515955,41.3601133778057,lentil
6,72,24,27.30239232307675,62.96629177773619,7.259486686472954,44.076205878124185,lentil
12,59,22,20.27899025250017,63.3203707327856,7.37841967722288,48.140888045240075,lentil
8,56,18,27.64882091809996,68.44081033769936,7.385707231231113,45.05183423409622,lentil
6,77,16,21.6188531244451,64.19316997947344,6.676051659295069,37.32584323821882,lentil
8,64,21,21.54333510766229,65.34425224389689,6.862744400511869,36.307388881242574,lentil
28,70,18,22.12654559831498,62.34332654079162,6.389952447667323,52.586959137818624,lentil
31,57,15,26.757131166703573,61.26118563516157,6.350495734561672,45.495126452133725,lentil
6,63,23,19.328502748296405,65.10752312314429,6.847321482667603,52.28545916241118,lentil
12,69,20,25.179433697366754,61.62466953548393,6.934038474984508,43.43159206619513,lentil
28,79,17,25.22625255047034,60.84194853124753,6.0278112205907615,53.34956240372597,lentil
12,78,19,24.40194622375149,64.13270709998422,6.33856284605697,36.241179263542314,lentil
1,72,17,25.9058599292414,61.707616015657074,7.713591249916716,50.08999864391455,lentil
7,59,18,27.268662118591195,68.67647790764309,7.2255632225695825,35.43713355996782,lentil
8,56,17,26.234214739222402,66.63711942879301,6.235603083857798,47.43282241762145,lentil
2,68,22,28.239208334000963,62.1879318844537,7.017252774209749,44.88599082269728,lentil
14,68,18,20.846174779635298,63.633645371479446,7.194229429911885,52.32922549460885,lentil
23,68,19,27.8361084876291,63.54041781558168,7.654420302767635,37.34580168072596,lentil
2,76,19,21.45187745099772,66.3422052912887,6.810219105037806,51.456000204050525,lentil
12,66,21,26.681987959976702,62.53722431768774,7.303422822949884,46.133168135136835,lentil
19,65,18,18.10506649466216,63.477859073238676,6.164187852998982,50.97372830416274,lentil
33,60,19,23.271597072837363,62.89770749879761,7.1002029804452,48.231033538466434,lentil
37,68,16,20.639344387953038,62.734541786823414,6.556317535955355,49.76241671367824,lentil
3,70,18,26.00576914764031,61.376524480416876,7.543339568493318,49.944634314865986,lentil
12,78,19,25.456582791107383,63.6738980724835,6.497956657080063,36.3000440085604,lentil
22,60,17,20.52733842282976,62.563638224538536,6.587135984309478,40.70593103301374,lentil
2,77,16,27.153872533461556,66.7954284508508,7.37196519984944,45.65802589828443,lentil
31,78,21,24.017406090157905,62.22335808796558,6.946545835930655,53.39102856553992,lentil
7,73,25,27.388625149007346,63.0523372081734,7.25567154886982,45.170316981970814,lentil
32,57,18,21.361747272685744,64.54963891915659,7.346637201928043,47.51564158478716,lentil
8,60,21,29.729895125626054,67.31619320600818,7.506980266671186,40.23548296816019,lentil
27,75,16,26.31047538326079,63.77426405105613,7.381615021086182,46.05585007479178,lentil
13,68,20,22.935027906628626,63.45592107890571,6.962321006932053,49.47602742715098,lentil
14,75,22,24.695966758242403,64.41042735097942,6.994964916717831,46.967386252355446,lentil
30,71,21,25.955514266886485,61.54619998813221,7.2090226765921015,40.74816095424859,lentil
17,65,20,23.8002736324992,66.18448654359503,6.27528499176855,48.625404239934745,lentil
37,77,21,27.68097927543197,68.93356882237943,6.503405103029096,36.05490871607477,lentil
0,75,17,22.55368812219002,65.5420807542929,7.152517993307564,47.985726642021966,lentil
17,65,20,26.60646234259613,68.2837842983612,6.639228715036878,45.726728813112246,lentil
34,64,19,24.291327651810057,62.877093248526876,6.1482053251581625,45.58904266183628,lentil
23,69,16,26.285628232780567,66.42523185915432,7.073220297330204,36.09809213375986,lentil
12,65,19,20.51276488166842,62.1310983051496,6.72228609084356,37.83613683752151,lentil
4,68,18,24.862727591036126,62.305611810663144,6.82710356269879,43.874024011547434,lentil
4,70,23,28.37440233508331,63.17371857022014,7.296420657394685,43.54492975139211,lentil
38,67,22,25.74154209355452,67.65914332835818,7.498454705994497,41.46659406173943,lentil
1,69,22,27.6146315654479,62.69534859869333,7.213828797067881,40.58905139882696,lentil
27,68,19,20.261020994684998,63.51931626205724,6.359235164772671,52.57353272902888,lentil
5,78,15,21.596696430518136,64.53431983610729,6.8972156036864725,36.90583801627839,lentil
28,61,16,25.999284427300417,67.0714468673881,6.646254296500664,49.96361869094364,lentil
4,75,19,26.022151818878122,60.489122051567406,6.587624544551602,49.66355932756227,lentil
2,78,18,20.324149421742643,68.43128720620065,6.930461970127662,50.350296387783764,lentil
30,60,18,26.937519665103878,66.79775113635367,6.237114205482219,52.35002479747053,lentil
18,56,20,27.228055541504766,64.10896032792955,6.170857685276482,49.484725096903055,lentil
3,78,15,21.554531147054085,65.1835448719409,7.318101519158855,36.10654732345762,lentil
7,57,18,26.297727771713593,66.54832122286199,6.218383224704493,48.054021001211815,lentil
8,77,16,21.653158148378374,63.6649705091357,6.333625373562458,37.9761338112737,lentil
22,63,17,26.63757291372668,67.38526952911687,6.685941605572709,42.58671507794056,lentil
16,77,19,22.68448470781905,67.32986045236751,7.051134308418714,46.07503297575902,lentil
13,67,24,25.45564984842632,61.98855107870392,6.917662206055286,47.46230841278311,lentil
29,71,18,22.324562968257215,62.156797415189985,6.460128625829539,53.46146485665164,lentil
5,59,21,26.429326804168614,65.5853665625887,6.195246200958947,50.714427635511214,lentil
33,58,16,28.92688040646233,60.371174801174476,6.693969842101104,45.93742462854448,lentil
1,64,20,26.659142244940828,61.88312290909326,7.407421226292938,53.14270239197171,lentil
12,67,23,25.55623979719125,62.66212895255218,6.7245978041468994,46.32155615795812,lentil
12,57,22,22.048957581182457,63.42431527548392,6.732314496456697,50.38144295489509,lentil
23,56,15,24.115563050241082,67.82824967553525,6.6129272483527,49.433077193430684,lentil
30,60,23,25.60266804367538,65.98949494311796,7.544814562793561,51.98723928935172,lentil
38,77,15,21.830190877494168,63.06514895494075,5.952183875007278,41.33918562850424,lentil
31,79,22,27.623036850581194,63.418228875158555,5.965350180985848,54.24025469317415,lentil
10,78,19,24.956665893424464,66.87836483770091,6.37954412353691,38.23756687754588,lentil
12,64,20,19.597177565125982,62.6223454748275,6.632225611315943,36.914332924470465,lentil
1,67,21,27.82448172814487,61.23389357013562,6.74821798267714,46.72255142930399,lentil
10,72,17,22.946478355802963,69.49561450062232,6.923825995484851,44.3537488875493,lentil
37,59,20,20.684169722873204,65.82060605615031,7.041350896096434,44.77281097141601,lentil
38,77,15,21.570663995473797,62.811853929941094,5.937551469975616,41.581135541576316,lentil
28,68,20,21.915561993649064,63.234166241071904,6.300736980896027,48.758364244108456,lentil
12,58,23,21.183825373495495,64.4213001764895,6.906088167171359,50.26318600112396,lentil
20,60,18,19.53128514695894,61.457931622007045,6.723556776332631,41.06475769881071,lentil
28,69,16,29.06271767865552,65.35737852786649,6.691115684233811,36.25995954953058,lentil
17,73,16,27.225771497980947,69.6449140192521,7.179120877872436,40.084526077307245,lentil
11,79,19,22.59426851807395,65.59028247204579,6.055011708026373,36.572104286054355,lentil
36,65,20,21.830468029186104,60.9305835269248,7.111858452069935,51.913295183396656,lentil
14,59,22,24.049134991732725,67.86063410387472,6.7212868918647315,47.01418650674955,lentil
21,67,16,27.321551468780253,63.937231033563954,7.5726976906842305,38.04703828193669,lentil
37,67,15,23.30612037587115,64.00979513393585,7.046850659483976,49.07881401443344,lentil
3,78,15,21.564391002703285,65.03173123258466,7.219682297694912,36.29345205183872,lentil
22,56,21,24.86312947103454,61.89628493326459,6.653051414434036,51.292700775351165,lentil
15,58,21,23.8226476859943,67.91648373824422,6.73235174124359,47.29483839725509,lentil
10,74,17,21.013988918085175,69.70005486431502,6.765268842291214,45.722987576703275,lentil
1,67,21,25.269609289003128,63.19004347739472,7.071110478953939,36.565431939381945,lentil
33,77,15,24.297739372454526,66.59747561598118,7.664774996206364,40.24903170541843,lentil
10,79,19,23.728967392654884,66.21027820983663,6.209339925319312,37.35194121802845,lentil
7,59,20,28.65063005936093,67.4233974809217,7.556702035916076,40.52505562131194,lentil
3,62,17,24.51471995910583,60.865502895986175,6.834249697586771,51.86668077991493,lentil
5,71,24,28.07684794499248,63.15921127826625,7.293501454436993,44.12551521571789,lentil
5,77,15,20.365484474571574,66.44811722565927,7.591053222454083,36.982879058226374,lentil
1,67,21,25.122074910489324,63.51155682568288,7.070664478430805,36.53654654402679,lentil
16,65,17,20.057796870404406,63.72516231187056,6.145545114108954,49.93721784172695,lentil
27,59,22,28.27337485489697,63.26437134076259,6.890920439886977,40.170995804040594,lentil
0,66,22,29.245352009035305,66.3830326586649,7.1358629289305675,52.25134859425602,lentil
14,74,16,27.272275183697225,65.91897673178457,6.723053646544421,49.71204690569543,lentil
4,72,16,24.445733220158722,64.38708078713582,7.737661060049593,53.03198377872011,lentil
26,68,20,28.786263042530216,65.02668548055576,7.09458667414546,36.531953938133775,lentil
5,74,24,25.91503014311718,63.98880211208215,7.296464116584201,45.26481554526778,lentil
15,58,20,23.819431656132302,67.92933435745857,6.708338084885879,47.566548008403146,lentil
22,75,17,24.021129668418123,64.66851606556102,7.105783069232171,47.326873283365394,lentil
9,79,17,21.81458404866355,65.28201756612081,6.356755063157506,36.01232233534561,lentil
12,66,21,26.735842949709816,62.60198275922675,7.305827039290495,46.00805446467816,lentil
31,78,21,20.103673340527276,69.2999381828045,6.450465688285307,49.179077956191556,lentil
9,70,24,26.764276485468937,63.13893438292863,7.006685391416166,45.323846678812764,lentil
17,61,18,19.3735921945873,61.90207744510522,6.670694461143654,39.2381133050092,lentil
21,63,16,25.30644752396996,67.76376945053464,6.65807731182,41.12385968025742,lentil
1,64,20,26.554886462113593,61.85116339120763,7.382782054762172,53.14255436456237,lentil
2,78,20,20.695763160393746,67.68686489598446,7.0762313125173115,48.51006592559947,lentil
34,72,15,20.931542388775654,63.84562010445846,7.380276657435719,52.07800935475656,lentil
9,75,16,18.508082517423556,67.99689635314955,7.727180202824515,38.93790306492181,lentil
37,63,22,24.64828485245567,64.95442778270312,7.525600204885805,45.894206629947426,lentil
13,65,19,27.478145001231116,65.31525662851053,7.2415839912030915,43.88061694969616,lentil
27,68,16,29.69541077593633,66.19707876355655,6.588920878069326,35.76017198414876,lentil
38,77,15,21.546579058861102,62.881664213069655,6.0668227483487325,41.7040662260511,lentil
11,66,19,27.206868252089652,63.86782109051128,7.3309657346348445,44.20360329013848,lentil
4,75,19,25.986948660673864,60.45799840181948,6.508227266579288,49.58553166521586,lentil
29,79,17,25.588259348894976,61.24114434367216,6.010842700432801,53.50629620542349,lentil
26,67,24,28.005752384130595,63.92388008068979,7.456404612520451,37.20750767093892,lentil
29,61,17,26.835997011003457,67.03884398161918,6.29080018667874,51.815222224160415,lentil
30,60,19,26.77091605009696,66.77300067920436,6.496992014511284,52.380739878473584,lentil
13,65,19,27.47257135273955,65.14948499898999,7.24984316370564,43.928770524633265,lentil
0,74,16,23.358195413726023,64.51980839045834,7.241826246363094,47.00642596864722,lentil
14,65,19,27.552132023236783,67.51578097442288,7.131948161347806,43.241405558107104,lentil
36,59,20,20.60286545624748,65.82358413223542,7.053328522128028,44.93614951279423,lentil
34,59,19,23.41055659106915,62.4516156851374,7.5770140073697805,49.61230880926768,lentil
12,57,22,22.223169342611946,63.44115437386898,6.713466484315143,50.35176068573038,lentil
15,65,19,27.603885431814774,69.05503248735845,7.055258659007068,42.79428162447883,lentil
32,75,15,27.974661828580746,63.46737696375204,7.563304302973121,43.329877929061254,lentil
16,66,23,25.646031586583547,64.91128377014118,6.699992018271456,48.47925861225111,lentil
14,69,18,21.708233871688822,63.8836173443466,7.1597704679913265,52.13636495782824,lentil
3,75,18,24.963852186018425,61.699299468725386,6.455285358312618,48.42899830624951,lentil
12,71,20,24.776940943309935,60.77843450234307,7.027060317609679,42.54336243921214,lentil
4,78,15,21.579103098649746,64.8052069397699,7.0728289277603205,36.57233648936223,lentil
25,57,16,25.096509195247478,67.64170798125069,6.377109766817706,50.8142996435706,lentil
20,55,17,23.801404607288134,68.00136687898213,6.5737325698057205,49.089581886127,lentil
10,74,17,19.217309986795737,68.5512028006396,7.440107132090814,41.037795149766865,lentil
9,62,24,19.10359120890506,66.3398386082489,7.111003537415907,51.72942406388694,lentil
17,65,21,26.33017427108841,68.00516343382763,6.528247375083795,46.55180745282488,lentil
16,66,23,25.611223119176127,64.5183855223287,6.752473503535774,48.56600118413504,lentil
6,76,20,25.84351124682559,60.37374715511858,6.0980467167101144,49.016209760766664,lentil
13,66,23,25.882231212877205,61.57554925639573,7.267719757190898,47.991129720489845,lentil
13,68,20,22.8777211578907,63.46244798447779,6.970347140774259,49.56067474231114,lentil
1,64,20,26.861122497382112,61.94503977658386,7.455155998895192,53.14298917331559,lentil
27,59,22,28.13126392820165,63.04600591103246,6.885663316707859,39.74731557240111,lentil
13,76,20,28.51647752917575,62.74433193635378,6.954227115757745,36.729225327374124,lentil
23,69,16,25.371344073529098,68.49690796670173,6.639375252155368,35.219768088425745,lentil
5,67,18,24.575009177824235,62.38750000442138,6.701840300650604,47.30836043236509,lentil
37,60,20,21.884437197498052,64.53439029984986,7.268368462608797,46.45273466701615,lentil
9,62,21,18.290667886577918,69.02544033772571,7.357017360280842,49.1445946730301,lentil
22,74,16,25.194457715128628,64.46760071327866,7.173237934110499,47.94225988909106,lentil
9,59,20,29.782956310614303,67.42325549429899,7.505671589560095,40.84567586415837,lentil
11,58,23,21.47607532915127,63.525480973583726,6.771701126593957,50.75542249879025,lentil
14,75,22,24.67886993146114,64.3116929683072,6.979080101703509,46.886045273234444,lentil
25,68,22,27.57548049263157,64.87737991556881,7.347201681206952,36.80824033605693,lentil
12,76,18,25.41362116049828,67.99067285916752,6.796618345003913,37.76142882375966,lentil
3,62,21,25.436824578167762,60.19022455579217,6.706030944912257,48.619336219945836,lentil
18,63,17,26.301341346710366,68.71461349311477,6.7919303980297245,42.0643971466829,lentil
5,72,15,22.95360288350335,66.73757046784502,7.658656389430401,54.437572677228715,lentil
27,59,21,28.384788023675057,63.43556707527483,6.895041957955028,40.50315574594844,lentil
5,58,18,26.68783311197892,67.88199026699861,7.5477742124033975,42.13666839774832,lentil
2,71,17,23.74834607782088,63.71893240263925,7.032842618497375,47.11155370957097,lentil
24,61,17,23.87423320668436,65.49420571421051,6.3557637041683215,39.440585037637604,lentil
19,75,18,24.985165352713242,65.26226759722522,7.284980921023529,48.6083475103245,lentil
2,77,17,20.411843946813875,68.3891666755176,6.909604244097175,50.65076281646087,lentil
5,64,19,18.32773537619614,67.96921830719597,6.972481950972298,48.958810795982615,lentil
9,60,20,29.605521027033014,66.79182717545842,7.496928877508364,40.91466230872166,lentil
17,57,21,27.299615124728316,63.93183749003774,6.164244600831733,49.48683383539366,lentil
12,66,22,25.763507272451207,63.16935129609667,6.64162226097411,45.41657765157242,lentil
6,75,21,26.322151142456708,61.1604049366989,6.437420522584622,47.93027992750105,lentil
25,69,18,26.46817866326604,61.76097337984319,7.581423689591086,38.38182517783051,lentil
1,67,21,25.235648372204594,63.26405258754806,7.071007814159395,36.55878281449166,lentil
3,61,21,25.158036867079826,60.295660560017865,6.844966700389266,49.157144169749266,lentil
9,73,25,26.111393429963922,62.287178046903506,6.945208411357428,44.80512716114424,lentil
14,66,19,26.855358531850705,69.21104878386737,7.105951802172204,42.41893335563214,lentil
10,76,17,23.45628858298126,63.22461736279938,6.465768732004805,37.69388588815005,lentil
9,62,24,19.081540082241286,66.43151604381886,7.125204472339489,51.665431487124266,lentil
22,68,16,27.095960065298964,64.58910128680813,7.457738006543687,36.876552447217854,lentil
35,77,20,26.275862906513247,67.63014972097886,6.841822532996758,51.71153470388867,lentil
0,65,23,28.829074874654093,64.19649291787121,7.527771890122402,52.74785531421474,lentil
1,63,23,27.491643194825663,61.7991699261624,7.541683763196798,51.94544478841773,lentil
26,67,21,18.91659537331982,64.4890681795846,6.323266593588338,51.94648315372981,lentil
22,59,18,20.553007320305234,61.37910742822283,6.758308868025688,41.288334531299896,lentil
17,75,17,24.579498582048828,69.12217622562966,7.219234793182195,38.518778239107384,lentil
4,59,19,26.113997395454923,67.61732972173985,7.595409320600531,40.59378801021675,lentil
13,74,19,27.94479286650118,61.73230334267471,7.069378567949612,38.03156689257767,lentil
36,65,15,25.602995976586413,64.1076591576565,7.662604279000503,50.12090574187648,lentil
16,62,22,24.857335336905674,67.72398463531047,6.556223728293765,47.40366650506706,lentil
8,58,21,24.283091817470478,64.83285699545387,6.437264560529965,50.682847472838816,lentil
33,73,21,26.498284106776076,62.55199824636756,6.989706833061433,42.25067773581681,lentil
19,65,17,18.11014411861699,63.27256207541563,6.146975343293041,50.90104736683444,lentil
13,66,20,27.132603512240475,64.1767798847633,7.154570813452979,45.067939515192506,lentil
27,79,23,28.394409426369258,61.82743470886417,7.754400628076606,49.195151668989325,lentil
26,56,22,23.260698792857642,60.90501663141822,7.073998450777556,52.542533434434745,lentil
10,73,17,22.0894244908487,69.72746927405376,6.766802018632954,45.58927917738529,lentil
37,67,15,23.68505059752429,64.02594038629032,7.148435462533153,49.25073453513553,lentil
25,77,16,24.78690759243299,62.06084023314342,6.602265428611385,50.79954050282754,lentil
30,78,22,20.67763029017238,66.48690917320788,6.570804736058986,50.624986326011324,lentil
21,74,16,25.547306348425007,64.34115637800163,7.046258924134366,48.6386221899339,lentil
20,56,21,25.81725552845504,62.671816636333276,6.464336032622756,50.60220467975499,lentil
27,71,17,22.701233867856264,62.502018219297966,6.5639950822568744,52.455411485533325,lentil
2,75,21,23.536407954074015,62.452641068846994,6.6807377363896014,52.39653466374724,lentil
8,61,23,20.395123466057875,64.04788157667934,6.79817039224014,52.04636184899173,lentil
7,73,25,27.455430546244664,63.09235873359926,7.271910272759792,45.18941817612657,lentil
19,75,18,24.97512584606476,65.14820185032127,7.277114387078901,48.578750219377845,lentil
23,69,16,26.096731349516002,66.85325323072632,6.983585170193805,35.916624837207586,lentil
12,68,19,26.02533931692764,61.91753546846565,7.228756980308853,43.19211126871072,lentil
33,76,15,24.11479310384719,66.52110193719334,7.75877268384283,41.23613843446141,lentil
2,77,22,22.02282949161568,65.16666755473884,7.139414356261015,47.37726719672617,lentil
33,62,19,23.328104611277126,63.00605505032659,6.71111438535954,47.28058121178601,lentil
33,75,18,27.452485880088016,63.259218111807236,7.286126155396224,43.13916985654356,lentil
10,74,17,21.102039723561703,69.75635727195076,6.7321966812342495,45.95259730820284,lentil
31,75,20,23.43573410014162,62.29096681297735,6.82927608642746,53.4260934393128,lentil
13,70,25,24.73201694331501,60.97207941139379,6.869784018002027,46.92625083230738,lentil
1,73,16,23.231186999928312,65.17149902105497,7.370757400908729,49.27533521728602,lentil
33,77,21,24.370341012427776,63.64792982696217,7.021990425499509,52.92357794096555,lentil
7,57,19,26.381805231956076,66.43077168482338,6.195587871269841,48.87635300404522,lentil
0,64,22,27.845982980071657,62.246947885254734,7.687911877838351,53.14438752592355,lentil
12,65,22,24.198997644511593,63.17881873224359,6.849334991431506,45.80521023670954,lentil
2,78,15,21.33070439625669,65.64327664584256,7.520313298429168,35.96692873504885,lentil
2,77,18,20.382407465790543,68.33774922086816,6.876649621266012,50.97345827280306,lentil
0,66,22,29.318583550570825,66.76768908733236,7.066918240406361,52.16400305090935,lentil
30,75,20,23.346923976548794,62.280243351524874,6.799772051757228,53.428920492550034,lentil
15,65,19,27.570704791690698,68.06817284053567,7.104426565979372,43.08094599577763,lentil
32,57,18,21.870513388449098,64.0488669220419,7.428422612531849,48.08141149728559,lentil
6,61,22,21.95945451518801,65.02903468239798,6.586600790705169,52.31685913059169,lentil
33,77,20,22.395662426720985,69.06618161970846,6.698151671865985,49.904259955449625,lentil
3,75,18,24.6584663901075,62.2249559328988,6.602480918613607,48.16411641074277,lentil
1,63,22,26.978079371986787,61.468288059512204,7.388355125903404,51.331815013797346,lentil
2,78,20,20.87625377204571,67.32530334934735,7.14703062651338,47.61627679146829,lentil
12,58,20,24.525577012551942,67.55795858393923,6.61402893570488,46.77892759774352,lentil
3,61,20,24.75776919843666,60.28805469306174,6.771575028881445,49.56327850580577,lentil
36,75,19,25.09381919477699,62.85701764533613,6.603445726178594,42.54176845278987,lentil
13,65,19,27.495735333244603,65.83842883897465,7.215518194858686,43.72864515383183,lentil
0,65,23,28.66240795895736,63.32105728966134,7.6846824009359445,52.94664414214599,lentil
11,76,18,25.246173356093905,62.86744888441161,6.649994062462555,37.312869127515675,lentil
36,62,21,24.06588460592522,61.69006716456341,7.405464396160886,49.79150338430393,lentil
2,78,20,24.454209322901747,67.06841194245989,7.368864485385523,45.229703668359655,lentil
28,69,19,26.37078626395639,61.796015487224054,7.238145300409829,38.40318253565859,lentil
13,68,25,25.07946003671307,60.90188583547194,7.102231792534102,48.45816579560541,lentil
23,60,17,21.586389288055308,64.0102104151225,6.409506644188,39.50029778215951,lentil
12,67,19,26.54406657239082,62.47783296329357,7.268850759925145,43.65506497821227,lentil
38,69,15,20.92502040879288,63.90834252431835,6.408517907504481,47.99850971883535,lentil
2,76,20,22.232425873605763,64.88576547715353,6.761735056516407,51.80818151674485,lentil
31,79,22,23.26543849483413,66.26608060917958,6.073708220770599,51.69006736505311,lentil
24,68,17,26.880995824328576,62.24434775855356,7.636597760877262,38.074673654423066,lentil
5,64,19,18.415783650949646,67.7174441878046,6.961470237752231,49.25149185008301,lentil
10,75,17,19.282088724418905,67.90478934467238,7.558086610703267,38.90740987521146,lentil
34,59,19,23.466153038588136,62.37608436719887,7.5606522387276245,49.62769044887025,lentil
30,71,21,25.818930760616023,61.29309923968522,7.264211680638782,40.370065129509065,lentil
77,54,19,24.89893786527822,69.8891656073034,6.1447052812863845,77.83811243060222,maize
74,36,22,23.966210887638375,61.61576227046693,6.104491459412577,71.58195051510852,maize
90,56,23,18.966061247574302,72.73730865816408,6.1633026165880125,82.34642615687548,maize
92,54,17,23.782854856581416,62.048077646160735,5.99563471687544,107.58555962468247,maize
98,49,15,18.160303037013083,70.99817874652062,5.582499220584994,88.19835959150342,maize
66,52,22,24.356834787025367,60.75337507453256,5.753653332955209,68.49569078535528,maize
85,53,20,20.915735198802835,59.81454036860627,6.573208451834902,108.7645485516461,maize
62,36,21,20.143219868641733,62.40174689239675,5.864146793877227,64.55885817916266,maize
77,53,18,24.881250317289147,67.80459091270869,5.928612815551102,76.82506567171282,maize
92,48,19,25.085402758376933,68.04129145370352,6.215056637968414,74.18316123981903,maize
84,47,23,20.240940401293958,60.72157460427352,6.366684244354735,92.49344673403223,maize
70,49,20,22.6469109040496,60.843314530800214,5.971385997377798,66.80908902018973,maize
78,46,20,19.31087402266516,68.8487579313072,5.980498892032888,83.7110137929388,maize
96,55,16,21.92091827736637,72.94169522049671,6.286087765075309,73.94349353215009,maize
61,41,17,23.67606770840076,65.31411187903238,6.218661424276501,75.34082504962204,maize
77,37,22,24.89618595498841,60.171951632346435,6.603408961417275,70.30372232628517,maize
71,59,21,25.905329825176228,59.445819338574125,6.206576100785895,85.72482443872141,maize
61,46,18,23.84268643162674,65.87757432696132,6.817141135003232,98.90319443141472,maize
87,37,15,24.740866464394244,65.66280956071562,6.4291003358562,62.810947231915996,maize
94,38,19,22.135431557759635,59.11988287742307,5.822514464775074,101.93479029996206,maize
85,50,20,24.305049935666986,62.92479901656997,6.322268853109154,108.28348955780879,maize
71,56,19,21.162607464835066,65.5847597746537,5.758268797165966,87.88119905393778,maize
74,40,23,25.542609221524643,60.18360993300139,6.432334970560342,95.89619709792795,maize
62,37,20,18.994372773668715,62.264027842244396,5.950894282339503,65.78183259184975,maize
83,57,23,20.385034202898183,61.580061358116,6.406024733381486,65.25542079854927,maize
62,55,21,20.873746147797178,60.835764677831314,6.077492893951173,70.2725832394242,maize
62,40,18,18.701300843608387,66.28469681721634,6.588119746624458,78.25865726854278,maize
83,45,20,20.983433266970216,61.61060970733614,5.772502268178566,106.56551562003001,maize
97,35,17,23.582932467542992,74.43404424844341,6.245392590047952,91.89411861461487,maize
82,58,22,19.77083676138107,59.70706583142268,6.382005323689126,65.49447236225129,maize
94,39,19,22.56206550104151,63.71651119922187,5.879725601768045,102.97604048642276,maize
84,57,24,21.902757986014155,66.85203672260141,6.475071192124213,63.87605838947562,maize
91,59,22,18.600538636996365,71.6439044776322,5.797976686494658,70.98482574413262,maize
72,48,18,22.10373435034142,60.540691404171504,6.217074281562471,68.09787288479419,maize
62,42,17,19.250888149295275,65.34026037164,6.7682075521484775,71.04353793685827,maize
99,39,18,22.27959075591171,65.96634902958506,6.300254066850729,77.07889504616558,maize
74,55,18,20.397528493780527,58.059394075264734,6.803303116938826,106.05429900438806,maize
73,40,19,21.21104371825725,61.25730354576758,5.8430322599825475,66.42811721567169,maize
73,58,18,20.133349417475266,56.56121317395966,6.708086288539002,109.0279190451119,maize
71,60,22,25.505867591844474,60.09903044478677,6.172301320695566,85.93364256726882,maize
90,50,19,22.777579075576348,69.65821512384568,6.443215442450284,75.55475757158608,maize
66,35,23,23.256036616414153,60.70198024692611,5.93150120397206,63.26753113632944,maize
90,56,21,18.704203882527942,72.7496847867458,6.217331639741317,81.43417509731535,maize
82,56,19,20.977877877698717,61.629043921692656,6.726419689301825,109.14683275303189,maize
75,52,19,23.23076221366115,69.98613074212177,6.464003381075635,80.26907781463481,maize
91,54,18,24.26978290430141,62.425865863595426,6.1498146693345905,107.91601970777067,maize
88,59,17,24.77821234595962,57.58881553234543,6.1116946037776305,102.95468741341459,maize
98,56,17,23.727804932207228,73.01812438960391,6.198452561538245,70.99565331026679,maize
60,45,21,24.444709815378097,64.90418836063552,6.626566355343359,88.14515810404963,maize
93,59,21,19.804220061868694,71.85380431700062,5.828772082446368,70.17166183973734,maize
72,44,20,24.18161331225652,73.54444352322778,6.378915243541149,95.83728500347848,maize
83,37,18,22.247639671769562,60.68483840678146,5.8373257642592815,70.08863154505697,maize
67,44,18,24.024303140226987,72.97648252068272,6.1268876633910745,96.3225878861275,maize
73,43,22,25.55478454148361,65.34509084737284,6.417238275951109,98.69752541301266,maize
90,36,23,25.367213912941352,72.47428288689538,5.969575205843911,71.52730634299738,maize
94,38,21,20.46103314908464,60.67641621866463,5.755204639334404,101.08085695128354,maize
66,36,21,23.687285445191062,64.38430218094099,6.460289344700949,107.87307357746943,maize
73,56,20,18.188537742571224,64.67919629438401,6.138836914389085,85.3615458013887,maize
94,47,17,23.6148109935141,59.84084369273699,5.881237728717438,105.3121454377513,maize
61,37,20,19.82550474852457,62.45773610026408,5.884441613440187,64.72675331791719,maize
76,55,17,20.55928581590596,61.242997008564956,6.772194936224964,105.6890557884013,maize
65,35,23,22.82908722493086,61.28679514599134,5.717784130422027,64.30117908628651,maize
91,52,21,24.971153054373502,66.40375269105417,6.453159883703335,104.8148134434654,maize
81,49,20,18.327410869808876,60.53541307650015,5.618973475790474,104.68251054263494,maize
61,40,16,25.12591122220376,65.26233690145872,6.023201124474024,76.72110422113862,maize
80,36,22,25.791560306837933,66.88050400385013,6.128394635980312,74.08007618664068,maize
78,43,16,23.184417462885165,69.3951387845209,6.613796902266046,67.20526583091848,maize
73,42,22,25.966197069002583,62.196923338857125,6.348659225229543,100.12295875300724,maize
82,58,21,19.926122416462363,63.295695931028845,6.144314571911067,61.88789132978222,maize
95,54,21,25.676072818815204,61.60640983899701,6.907219170595169,82.94612645023584,maize
74,48,15,21.737693131745047,71.7296001185392,5.910819456936744,101.55689544258627,maize
81,48,20,18.1475560837979,60.65072074553823,5.522997647453551,104.31600688657521,maize
73,43,22,25.38523290864414,66.81720275947731,6.456447408189147,98.32151973676957,maize
66,52,21,23.273034950430933,60.644002373942165,5.836509248706372,65.18187205329595,maize
92,45,16,20.329139543206,68.34515768125111,6.014187381124471,95.68970562042173,maize
79,58,17,23.280887708305187,65.1408318361552,6.480251929236366,63.76515733058998,maize
80,58,17,21.191961539658934,63.6970535604299,6.6336956358253065,108.55581998571478,maize
87,35,24,21.511316233036123,63.21227067709203,6.1830874735316685,65.8278144138456,maize
79,58,16,24.246496392563976,67.18780476983916,6.514206268023876,62.847545431573266,maize
66,60,24,24.983890093268045,67.58675187735102,5.869850374720596,109.03422109615235,maize
92,41,16,23.933971061293075,66.31997128771624,6.056682262228062,102.78688584611757,maize
60,43,22,24.808197084809105,69.85979308644744,5.734203925611803,76.72689036460655,maize
71,47,16,23.67971209548228,70.74765763382179,6.39382913200275,103.65394084105039,maize
72,53,18,21.317395323559907,59.69197349277349,6.058289814389837,81.4237449023912,maize
70,59,22,23.438094399249195,65.79071487205421,6.042264997648544,108.9840486724534,maize
61,44,17,25.343088453221963,69.66410426467489,6.893318047891488,101.13838028524778,maize
82,50,20,18.992175824887916,60.35026977435955,5.864051715746431,105.73090922408842,maize
71,59,21,25.95443426178857,59.521561217934234,6.188995199676227,85.82651114247768,maize
80,53,18,19.111005790018567,62.04323680897878,6.030639646043472,106.18618361554724,maize
73,39,22,22.735575568399227,66.98790073979865,6.634113361776048,89.14005862940903,maize
99,47,15,18.35201461700856,70.55239288685652,5.678147584870171,88.0334881943581,maize
77,36,22,24.972503813553804,59.44251812202491,6.517844469178153,82.72230758270086,maize
71,60,22,23.806140495490837,62.273030277736986,6.075187202291943,86.46169402663217,maize
89,57,23,19.795080614965713,71.95544493835614,6.124936689174146,81.75013751653282,maize
98,35,18,23.1873405362838,73.96319250149851,6.234207015161886,91.24401213168724,maize
93,50,19,23.38492863938122,73.49566190399186,5.902162485101848,97.7623996400109,maize
87,55,19,25.548123804319587,61.684278322473084,6.407325643562571,106.7954548188294,maize
76,43,17,20.574445052353685,62.270588734000114,5.902275853589922,65.23529365347294,maize
83,57,24,21.42120955716739,64.67041906654624,6.4460321359700234,64.84734483641735,maize
95,57,19,21.74975162042951,72.43113895365909,6.012080220902686,70.5802426307428,maize
97,57,18,22.715896139401313,72.71784141929925,6.103110434457024,70.78314249636055,maize
67,38,20,23.633453689048572,65.0450910506374,6.439655051015419,107.60692231598195,maize
60,38,17,18.430312926450952,63.951787857469235,6.381569011015491,74.3901046098515,maize
98,38,18,19.57299923925409,68.83335222033799,6.124077016566339,88.1673348126701,maize
82,46,22,21.599001941104948,60.159153137918146,6.11847597156815,91.52905727899122,maize
89,54,19,24.923739310309365,62.93324477935633,6.356882157150868,108.35983576904987,maize
90,55,15,18.14162400193713,72.62133456280806,6.363977060871985,79.15829172801627,maize
76,51,17,24.974489515317483,66.26941434896304,5.759926427873686,76.16410077228375,maize
70,49,20,22.45942396247111,60.73885883573165,6.056189630135846,67.25393543979459,maize
99,36,20,21.132166737871064,66.84484221813052,6.594686219099004,75.79991737304759,maize
86,55,20,21.90146549151084,59.41213084214472,6.726957407116665,108.99575451262751,maize
62,35,16,21.36745119549979,65.15074478101076,6.309367256937856,82.39428088746787,maize
66,52,18,22.997895835853047,60.12651269639658,6.059512771186531,65.74059053909254,maize
61,42,21,23.81666551246848,71.5044547394465,5.770988870725537,70.5843849985109,maize
75,58,18,21.46766334689196,56.434409956938204,6.243854698323067,105.18567601434006,maize
74,47,17,22.58826579029115,72.22213974861668,6.164642828829838,100.46453341784982,maize
93,47,17,21.37524816970571,70.20226151926181,5.964616718294585,96.3583296474786,maize
73,47,16,22.016581733207097,72.03415870049662,5.900539072855783,100.27481036418322,maize
94,38,22,19.792352877352794,61.25138476560954,5.774807630345567,100.42782429372146,maize
71,41,21,26.035609541017806,63.76331815778565,6.468525851486457,102.90237202040143,maize
88,59,17,24.767248898079437,57.59576429196159,6.114039405742597,102.9777102679214,maize
99,36,20,20.856616976631447,66.09703454089657,6.632799683792122,77.07010382725994,maize
83,56,19,21.144446635871187,61.04135282223451,6.749324435730147,109.32552330713166,maize
76,52,17,24.259699829384182,65.82623238731001,5.817100560816518,76.29574783936238,maize
82,57,22,19.709779374559517,59.91637238859832,6.316704707140757,65.07957448230823,maize
75,45,17,20.795135140622506,61.84528951477328,6.03455925974628,66.50496746169338,maize
67,41,16,21.71012365795697,57.761749271462776,6.168728585425437,101.8587748206881,maize
81,41,17,24.083241316440617,71.82115530862335,6.505305325384866,67.8800108986378,maize
78,44,20,23.82105641387972,59.20228628805766,5.731228988889731,89.93631245660437,maize
65,53,19,24.500336743490173,59.87834207907912,6.167042510745008,70.17067218951384,maize
75,42,18,20.775375726418652,61.968747211204764,5.849839887575009,65.79720780677336,maize
74,54,18,20.463306750624753,58.37040865003819,6.817180113344514,105.51202826482998,maize
64,47,19,24.29594780977045,72.16948619215293,6.8712941224437944,104.28993204012748,maize
64,36,21,19.807959792004908,61.58373308528011,5.920014806217714,66.32396911384107,maize
78,51,16,25.032432666265624,68.78804207186727,6.562526603302999,96.35800960685833,maize
83,57,24,22.393070595814052,67.56896151877719,6.483556321112097,64.46459772052599,maize
70,47,16,24.264208027322542,70.54008182128231,6.523479217718281,103.97254124324746,maize
71,58,21,23.98119585277017,60.29039385259925,6.226734079870485,85.36015976875348,maize
62,51,16,22.294056505932446,58.87811606180054,6.945893322889325,63.88409789977972,maize
69,50,22,22.172009681803793,72.7650620802146,6.742837856022836,106.34600675256456,maize
78,52,16,23.628730790769016,71.12901824054285,6.397068524983362,100.61540018766401,maize
72,48,15,22.953155411236736,71.00568439820562,6.232667811182179,103.25790514737021,maize
60,43,22,24.31043540342461,70.76792758664466,5.746549299000992,73.68632552909189,maize
88,58,23,20.15321583584644,70.1627721909393,6.016452672246256,67.81078983214279,maize
71,59,21,26.020454114073015,59.181035672198746,6.181571057042023,85.33071632918721,maize
80,49,19,18.307426482175405,60.38597020658074,5.529193303633349,104.08515953435577,maize
76,48,17,20.035085750632625,69.11784319058283,5.767853312147314,82.22922441341784,maize
84,58,23,19.935216545529155,61.207983979719394,6.402243264448686,64.41597216957491,maize
62,57,21,18.35242708565755,56.71866971874356,6.247159952086023,65.01948810521549,maize
67,55,15,23.343660309032014,65.32157940880369,5.9163825384551885,88.88978123291865,maize
74,46,17,21.11335551035793,61.24892973172186,6.185228252522103,67.53707732415182,maize
67,41,16,21.767245574104642,58.15102670148216,6.2294565080786155,101.26732856899797,maize
94,51,17,23.485654075192702,60.940659615342604,5.875696594543722,106.47219212811457,maize
99,49,16,25.43012205385344,68.28178691127488,5.672661773416442,73.89803585068576,maize
78,50,19,19.032046695409846,60.17452091385411,6.019089220281381,104.01493587601023,maize
62,35,16,21.37933137008414,65.15443176417492,6.308701908885093,82.41838341730038,maize
74,52,17,24.9488306723475,62.33886594669907,5.741276592169273,76.63755845710688,maize
93,40,18,24.428668044678997,65.41716981861306,5.982327887328982,104.49476775836362,maize
65,59,22,24.487893315824074,64.72047894071184,5.9486542975713315,108.06342317387019,maize
68,41,18,25.81531950449582,67.10923641937676,6.64370993112192,106.5765922410746,maize
61,52,17,20.944674221361566,60.22040888787045,6.759853013422423,66.27101101548071,maize
89,59,17,25.298176643117966,57.38691511530472,5.97957692553007,101.91937935943457,maize
64,43,18,19.20844548483037,66.82665257913379,6.781724853427223,74.91009293303742,maize
73,56,21,18.210123268451397,64.95807778396996,6.11540353767657,85.53732381834278,maize
63,44,20,21.08029185573527,67.84941368361287,6.700547762069787,83.20555702482619,maize
61,46,18,23.396931309407154,64.75263241747291,6.7945097011434505,98.23914204470871,maize
76,50,17,23.83468594503266,64.00223317802184,5.942705989173231,73.71986684620894,maize
71,60,23,23.50312411312005,62.66059694421449,6.057874323713421,86.55583163452532,maize
92,41,16,23.863540223969828,66.31228518091751,6.0570484735737375,102.67510660684982,maize
90,60,21,21.90384225612492,69.12250602429218,5.816905022685455,73.96743529738482,maize
91,48,21,23.532793220498245,68.55587631739448,6.480942132427611,71.67131879318593,maize
76,54,19,25.36329465321823,73.16275623945153,6.444835512123573,79.7785701259077,maize
66,60,24,24.949880773081386,67.14955075665263,5.804530317568126,109.13362869607843,maize
76,51,17,26.11867742744598,71.71870913084467,6.226183864098912,79.69146825532206,maize
94,38,19,22.201911638343688,59.058082495016244,5.825186924684383,101.96869475038405,maize
78,44,20,23.83492187855094,59.16397082338882,5.745472907400944,89.91329397698958,maize
71,57,20,20.37322086911526,66.61518646089017,5.762813847907001,87.94738629062562,maize
88,57,18,25.47779223305851,59.8615732785951,6.234844612121121,104.71975538183763,maize
98,35,18,22.40911350482693,70.73728626278981,6.433280451618841,85.97406726889118,maize
99,43,18,24.516429131350538,69.07737154111928,5.890252398697333,71.63665078177957,maize
68,52,17,22.368919962464748,62.82768470028513,6.007138769261601,89.89410521715969,maize
84,45,21,21.827428584252218,61.620567243900744,5.97219092664729,107.58529062772647,maize
62,40,20,22.066431558274996,69.92204259179204,5.841435369333095,66.6862496551911,maize
63,44,21,21.47599267246889,69.45191373532167,6.313237412531687,79.04877892809861,maize
85,36,22,26.15240399817839,72.7193423050067,5.902969480274062,72.45715008858805,maize
92,57,20,25.415390907205587,64.34374202575927,6.372255906953271,80.31871565432809,maize
76,44,18,21.05458122061027,62.685559518907716,5.791786711484638,66.50836928939107,maize
74,54,20,20.390284354767783,66.36577806673253,6.4724184411503725,79.32596395165807,maize
76,55,20,25.254073279482785,73.32529419369155,6.471620045400681,79.76899843885684,maize
97,46,20,25.204637307816927,71.1481262565023,6.36895027078474,107.45188674472126,maize
63,51,19,22.739009180977806,59.77696518942627,6.444701659814814,64.21307352290486,maize
99,37,19,19.93787751074696,66.72420676329105,6.411084650778661,82.7722056392385,maize
65,57,15,23.7520905071175,66.23396659022178,6.009512601238851,89.52209192260204,maize
71,42,20,24.325689038629516,60.30023902508803,6.260400940587013,100.55633421629608,maize
70,44,18,23.702632545543256,72.54996503535105,6.075303664865272,97.2334440030704,maize
74,55,19,18.07366234240186,63.270198811197,6.342893024561959,83.91014391092814,maize
81,49,20,18.22903800758605,60.56281084531122,5.582706449755484,104.52736701670561,maize
65,59,22,25.237076858760066,72.53439611119668,6.61505416828786,107.85888421733502,maize
61,42,17,25.67299261362302,70.30173327699676,6.848285656399808,103.25890542108442,maize
68,42,18,25.600505667848992,67.70004357196169,6.6360487665479715,106.14532772468915,maize
70,54,15,22.711291248621617,63.908937965177905,5.772190040999018,87.91077987945152,maize
76,58,18,21.910798603030482,56.45868061463004,6.094081254422991,103.99651104498662,maize
77,49,19,23.945741375296286,64.37720103681222,5.64952018686436,73.03454380586632,maize
60,46,21,23.319991337865982,63.080290909272875,6.666346467669413,91.76755780344162,maize
67,40,16,21.904199631376553,58.26131314029928,6.177723987087103,102.64202044558971,maize
89,59,19,24.61754397278937,67.25065482757753,5.936149971191391,78.45845305816803,maize
78,46,19,23.27623286037185,66.47944240959706,6.013766135550895,68.95789102818507,maize
69,40,21,20.792970228923764,61.20310945729396,6.718776957170119,89.42907753701725,maize
74,54,18,20.55036077294761,58.78201988806753,6.835545579576553,104.79436179978036,maize
93,54,17,23.291756864071576,61.6310633524452,5.92180975734192,107.45065357521102,maize
77,44,20,24.27505661333771,59.82394844739015,5.848623987312005,92.06561083855931,maize
60,40,17,24.379269247016985,65.14543112671893,6.0732533974500695,76.65376171746081,maize
92,41,17,25.36253231303963,66.1868634087921,6.034267467211528,105.58998596217974,maize
98,39,17,19.192955677620848,68.24044129103774,6.111984221540517,88.02889339860886,maize
75,38,23,24.249722780751544,55.6725190478573,6.990491395125798,64.23357195670135,maize
75,44,17,20.35993708373264,62.54325600901942,5.846545649686011,65.03628541235688,maize
60,53,18,19.67574266386451,61.53669620718624,6.562250365632212,68.56056018247682,maize
76,56,16,21.946300497463646,64.83638018771704,6.074196895379624,61.84271560325569,maize
92,42,16,20.35236691813359,63.332327031303365,6.027116854068575,97.135334116263,maize
92,41,17,25.50408510973694,66.36015100982974,6.041716477185645,105.5219821490639,maize
63,45,18,21.72523678687357,59.6428999711346,6.536983129545457,97.70184631366166,maize
94,50,18,22.46286528628871,73.2128349315749,5.824338818056795,96.03980518688364,maize
76,39,23,23.743798689532934,56.5666567069385,6.844020664480953,64.37684852743085,maize
73,43,22,25.735016083528006,63.78025189219912,6.3755593947328135,99.09721535826314,maize
76,55,18,21.903736315636024,57.75607105074945,6.248907303991954,102.47139105080446,maize
93,59,21,19.878533312218185,71.87585670324985,5.835773882815147,70.18726835430472,maize
79,46,21,19.314354061976033,68.66926217035164,6.0272013470543575,83.82535065629116,maize
73,45,20,24.684524440570875,73.03840512514337,6.631337677511751,96.578099512648,maize
96,53,21,25.70445793477843,62.19762605054725,6.7535786467266465,81.93279389094165,maize
71,55,19,25.57840375403297,57.62917072152089,5.9922684979270135,81.85762290339926,maize
63,58,15,24.347599581041212,67.56426696471179,6.145300301812222,90.44402853505254,maize
87,57,18,23.77024380218922,58.22767761185392,6.327273374971446,105.07138586305265,maize
72,45,21,24.278505187672884,73.48822090087876,6.65936282811303,97.96458641989312,maize
75,46,18,19.69414038540119,69.17299169335848,5.896187173236418,83.80398402635939,maize
77,51,18,24.443869747236693,65.11776909622837,5.684942089839643,74.54745228308974,maize
85,53,21,21.571812170567092,59.84979609245193,6.715918235253252,109.52231007180835,maize
96,57,19,21.888007753397876,72.47216632941245,6.025106724766415,70.60927778050484,maize
99,50,16,25.15497857141456,69.29142205233453,5.789601571738634,73.31040735477728,maize
81,45,22,19.182731126951566,65.32534272917093,6.053414246365886,82.92339344066183,maize
76,53,19,25.573699371779835,72.8496421359768,6.393237624336294,79.79700908204991,maize
61,55,16,23.675592814134944,65.61736580141607,6.432968458633277,92.9438655506857,maize
81,42,21,20.567764119197395,58.15610651329487,5.991232454514625,82.31915265196488,maize
64,49,19,21.928597438070668,61.27460218257367,6.470036736194826,93.7354467073082,maize
74,57,20,18.829953385435587,72.71015272143943,5.987285776948654,92.22808855867412,maize
90,55,18,18.455994123961602,72.69305677853822,6.282031473186261,80.43005731580915,maize
60,56,22,18.683259113218398,61.793132052414535,6.196517515954249,73.81519272837917,maize
76,49,15,23.076415158699053,70.28911788301505,6.188931006985879,100.04537227446096,maize
82,40,19,24.84056354827173,72.14989552161204,6.284847876312718,69.55526306577218,maize
77,56,19,20.2109755677487,63.817136395253684,5.90157043082325,61.847346766881856,maize
72,46,21,24.04939746684429,73.41779278392858,6.67517773318708,98.92684027194481,maize
73,55,20,18.134471222993046,63.98066564007457,6.1975318532033326,84.92126439949843,maize
68,60,20,25.767838848793787,61.76847035840751,6.220344074493775,87.1646915688724,maize
64,44,20,20.933062072497496,67.93571351511304,6.703448973741002,83.02315842493292,maize
87,35,22,22.309110649793844,63.817626252744574,6.243859926025947,65.08255900011237,maize
76,49,18,23.41863687025572,71.03088576051933,6.058510388705966,81.19442379648427,maize
65,54,23,20.995489043072034,58.43579123396253,5.880629948844147,64.27424380926804,maize
76,39,23,24.15817704096362,56.26526079523489,6.879199672520121,64.75207251643474,maize
68,40,21,20.68889384023443,60.943612908076595,6.715259985921984,89.50040343467487,maize
74,55,20,18.15212796574962,64.53684871959564,6.524633935676648,82.81350460886824,maize
73,55,19,19.638284756380322,62.196660298329746,6.272232112909104,84.53708493904988,maize
61,48,19,21.771940372216736,60.657417558003054,6.69865951307322,95.61546937617656,maize
96,40,21,22.478890756199263,66.94772219378291,6.083087358830547,103.75446531122144,maize
74,53,20,18.610184769728843,67.61961168227796,6.489339050856453,81.69679906844397,maize
85,36,23,26.420050330921484,72.83552285369979,5.825057297995467,73.04920335218937,maize
76,57,18,19.48894333863106,74.24126436448316,6.151891653971769,94.59973119441327,maize
83,57,24,22.735231335180067,67.9783385331555,6.49224264854709,64.28773309046515,maize
70,44,18,23.644771699191914,72.68559251585692,6.041899381747716,96.79299929440069,maize
62,35,16,20.928289658063456,65.01445207054815,6.333962457261472,81.50330879087177,maize
66,44,19,19.094553134097257,69.06913856341633,6.667280060322584,80.91262531408363,maize
81,48,20,18.678031210574673,60.83027620080367,5.569669624680166,104.73679677044106,maize
79,49,19,18.615780059981972,60.35966997290801,5.806627771160904,104.10625535679122,maize
74,53,20,18.58165368745032,67.53573115586182,6.519031934766023,81.63380100282143,maize
76,51,18,26.164699558830286,71.97014430443214,6.248305697228579,79.84880177283915,maize
75,50,19,18.98891870237284,68.73307808820348,6.095182860606408,82.53306265316427,maize
79,40,21,22.84150645790987,61.56329347019547,6.094527110462699,76.5311445630636,maize
73,48,15,22.344727230337664,71.22175942480914,6.097709188703919,102.92625961729412,maize
93,54,17,23.234526169007726,61.56596423995968,5.950654803009355,107.52589163600469,maize
75,48,18,19.253840460637054,69.5119401140236,5.8194733401449295,83.11802322875833,maize
71,54,16,22.813872363740547,63.44077817135395,5.776235972003339,87.64365948238023,maize
75,49,16,25.051923027680875,69.25500706375048,6.591997669878808,99.50115151226328,maize
87,59,17,24.84218855836773,57.90718533213904,6.054438667518713,102.42690680301043,maize
71,42,20,23.08515833173709,70.8764774438192,6.164143030243818,92.24133857554256,maize
72,35,23,22.79438814294743,60.166051488103875,5.911967218000075,69.07909138080461,maize
63,40,18,25.113225442254738,68.63362041571243,6.738910215068999,104.5596308745544,maize
68,54,23,23.267353006005624,70.49847806505883,6.393419529839351,107.6288380664896,maize
69,49,22,22.76516309988289,73.0230168773782,6.76382618437359,104.32063259843869,maize
74,41,21,21.7407048785931,66.80127137426615,6.513532968782301,86.85287193010923,maize
87,53,22,25.886762718685656,69.8624073874156,6.842507308951537,101.60701838853909,maize
80,52,16,25.439998892613293,69.08299553531523,6.662052310023753,97.05490504758026,maize
74,49,16,25.00934788395421,69.3676234238212,6.592853936641467,99.95321845880325,maize
70,44,18,23.259331684650526,73.3912961415934,5.854728857771853,94.56173653979981,maize
61,45,21,23.266681883881628,66.56784492168684,6.657464221987124,85.91421060825532,maize
88,57,18,25.474829366773772,59.78478797116208,6.227578483643516,104.63231215017308,maize
69,40,21,20.994602931595836,61.70584587245685,6.725590571928587,89.29089409602426,maize
74,57,19,18.85694236439027,73.03617883359775,6.006216923789075,92.59335392768179,maize
70,52,18,25.118823950797836,56.5397471686946,5.807854568755982,77.35673550549957,maize
62,42,17,19.734912493969386,65.4546083025401,6.74762587634898,71.72834797379265,maize
74,54,18,18.124392891802064,63.29455333381733,6.258367424547106,84.1751306559676,maize
77,37,22,24.88910691516441,60.12201466340564,6.60773993232309,70.23678509926314,maize
94,55,15,20.61255613388336,72.82840610664461,6.317041847400982,75.65865512829936,maize
66,53,18,22.794840891718817,60.29710938011034,6.006284830943768,65.12993784995373,maize
99,47,16,25.293977330773693,67.36914772475068,5.628516234631281,73.83463278976161,maize
87,53,20,25.66119802230958,64.19797010602366,6.606780244144376,108.13882270181905,maize
98,35,18,22.354631070586752,70.5767111619738,6.440363080592149,85.74687957067398,maize
65,43,19,18.969551438778566,68.23389390430053,6.696233207294366,80.01438831688806,maize
91,42,23,19.357768438144063,61.30002489360458,6.111485777249459,97.82905388935892,maize
76,51,17,23.62541322894889,66.60775611787419,5.728405594282202,77.46569026997126,maize
76,41,20,22.411126215360902,58.965086821470834,6.448029074130747,64.73781367080993,maize
75,48,18,19.27731087686123,69.5356233641826,5.783524471005518,83.22539970784467,maize
74,58,20,18.80879436735478,72.45455237384733,5.972443997311142,91.94172513010194,maize
92,40,22,19.550033098270553,61.27850599685231,5.962535875581668,98.97877685102611,maize
63,39,21,23.167275510730935,68.22980700857363,5.752026445773836,65.50521402136351,maize
79,50,19,18.382745466818406,59.887374723335206,5.721025140259515,105.05080305224091,maize
78,41,22,24.371560676796364,63.22605172136916,6.010854291759976,72.7600508725985,maize
73,54,18,18.340158498680424,62.94429111682579,6.254638137687803,84.45991265727655,maize
99,55,16,24.167888757011468,72.91353425055743,6.209128441134233,71.20226327728447,maize
99,46,16,25.33940054120623,67.80755240850867,5.65732804083175,73.60643551903372,maize
86,54,20,21.56685162062741,59.6690078445651,6.791185368867081,109.71829204133107,maize
75,53,18,20.848504449882125,59.216743382805035,6.783922508104171,103.49648781996837,maize
74,54,20,20.714835591293863,68.29434746284586,6.64972808205944,80.6284555894027,maize
92,55,23,22.082600349650413,67.46150956767339,6.532080809531205,82.74464498193703,maize
81,42,21,20.304152223324785,58.24650141134387,5.9494317420847915,81.92914835397288,maize
89,52,24,25.943758645685254,68.85217062652701,6.80121070346495,103.71029691955025,maize
99,37,20,21.92770517101874,69.00383428245377,6.48464901257998,72.13276797308572,maize
84,59,20,21.570307012741104,64.9819742559779,6.4636004132731415,62.615830194223975,maize
73,54,18,19.76474580373115,61.21356034278758,6.167870734883143,82.76031619934095,maize
87,53,22,25.882484748598884,69.88662680193997,6.843475053498466,101.52849403632231,maize
94,55,21,25.579003369135304,62.62570315060201,6.708016282753656,81.96776428284569,maize
77,58,17,20.309724650965364,62.22476669311252,6.661244300084033,108.61179848886914,maize
88,54,19,25.05741515744822,63.036958583153684,6.399209018076852,108.45055662967647,maize
87,53,21,25.715358955660157,65.09008253549001,6.644048477144354,107.2899673770066,maize
99,38,18,19.486962127017126,67.69240614075332,6.228453443197147,85.8812498300972,maize
75,49,15,21.22453803762336,71.8764617960551,5.939509676896151,101.48392588126889,maize
75,57,19,18.86966732008485,73.18989594306883,6.015142715505626,92.76557184097113,maize
60,54,19,19.050365710546863,62.390987614419195,6.394429709106396,70.32263808978863,maize
71,50,17,24.173902599184046,57.1327095538309,5.962679286326154,75.75810717949173,maize
61,59,17,23.383464260233865,59.5403027115488,6.477383311576106,105.07274103612055,maize
76,48,18,24.972993920012822,71.03418259825455,6.611431136328492,96.5276424420357,maize
92,57,20,25.434812003369686,64.13980769328512,6.412111272917474,80.51446071931875,maize
74,48,16,22.05336012498589,71.85974392701819,6.039430033063212,101.49150777748036,maize
61,46,19,23.05553257114748,63.8910523046019,6.777176545382358,97.73055193399748,maize
76,55,17,20.147638080579682,73.41924601411455,6.183342955891876,94.66668519015816,maize
62,42,17,19.2610502925861,65.43096505172399,6.7968226966995875,71.48265932562965,maize
90,56,23,18.85465259616311,72.78400902540493,6.178114782312241,82.04280639947841,maize
75,56,17,20.566589180936607,63.49398564627454,5.869501669108855,61.36034916639415,maize
71,55,19,25.504316085025764,57.36907805515752,5.960541376744126,81.27553222002652,maize
67,53,19,25.005358462188887,71.51038426955016,6.6040284098578965,106.1123364610396,maize
86,35,21,21.05496936245478,61.50112276788403,5.918776831796476,66.61309646022814,maize
65,52,24,22.460382026478882,61.37043549402873,5.699830998626112,66.98604697054336,maize
91,58,23,18.76161265018807,71.97967371823623,5.879335882831686,74.40798806436149,maize
65,42,19,19.653082591386536,68.30798966587291,6.6488428601142715,81.31151515716998,maize
72,59,24,18.47912654263207,68.43355640902007,5.823371965419793,87.72790570882475,maize
90,60,23,19.282028237062388,68.6062791921589,5.9962440121260805,67.08942635596001,maize
99,37,20,22.838305295784995,71.47508942390985,6.358696714350091,67.93522507383284,maize
78,41,22,24.459419503755562,63.234376606612514,6.039793273741304,72.91943422598244,maize
91,57,20,25.377251119427886,64.74423497916573,6.293986627668859,79.93430505390704,maize
72,58,23,18.417602097095628,67.97338421714811,6.243455722245874,84.92968791757922,maize
83,56,19,25.72012735469617,70.08524159259663,6.850436352032908,99.65616680089602,maize
96,54,18,24.308753229239652,71.82530721901668,6.29950064872334,71.89072034731183,maize
96,50,16,20.480672316042565,72.23988084640284,5.70903265700567,92.38280529407707,maize
71,56,18,24.17424643708143,61.74311982093455,5.955027847497785,86.85653871569377,maize
75,47,18,19.593843304522146,69.28922385973183,5.865932577599594,83.65456554592997,maize
81,45,21,22.270525214525794,59.88105152539352,5.9957439546854845,91.05219379032206,maize
97,41,21,20.58155787882319,67.25983958849316,6.581471616805863,72.03551617824185,maize
71,45,17,22.778346068481326,72.86603875769727,5.872458936540632,96.77288636157171,maize
84,55,20,21.305150921746716,60.47435286684048,6.7714227629213255,109.4979226106047,maize
89,57,17,21.931057066188888,69.40960097984278,6.126335913238384,78.47760325637886,maize
72,39,22,21.977768753399857,64.15720050994486,6.758813918462601,88.61710837315697,maize
67,49,21,23.114628876185094,72.55887543080686,6.831706505495004,105.61493601037174,maize
61,59,15,24.664847323011042,68.19485896957246,6.294899099024801,91.55553642500016,maize
73,55,19,18.07211093078873,63.17498079007378,6.265230561459897,84.41344408688695,maize
91,54,18,24.235289472011864,62.399103773469605,6.138892735846763,107.89261028916401,maize
81,46,21,22.01576339553354,59.986557433342966,6.042305902881761,91.23310577743082,maize
60,43,22,24.47424998448001,70.52357512777252,5.738441153331199,74.71543462987552,maize
94,38,20,21.54834461933346,59.66564330644241,5.798913917175871,101.63537941143142,maize
91,52,22,25.092380785768377,66.76128710377807,6.497780857018099,104.62259810527748,maize
87,36,19,23.399365020188508,64.6448964719073,6.326910685143519,64.06410367526183,maize
71,41,20,22.999234294651902,69.9207031781357,6.279657158600556,91.47907418195865,maize
78,46,19,19.103717405648975,65.11540985054513,5.751165562710171,81.77483544884818,maize
85,58,24,21.629651693797015,66.35944638055933,6.46903800365865,63.64603132811575,maize
63,42,17,26.113382793006174,69.95152537060576,6.84821297726619,103.76880403705745,maize
82,45,21,18.922256800410466,60.42250591227332,5.8019596192407,80.55934312869037,maize
61,56,23,20.642681203563807,61.142607473692415,6.059911915060741,74.1496841295554,maize
74,52,20,18.7002283400657,67.88433707918061,6.39562885596391,81.89561980358442,maize
90,56,22,18.823509396080212,72.77690383582619,6.1862327542644495,81.91681844011345,maize
72,53,18,21.471576907233477,59.54087650196134,6.047408182929358,81.29102037143647,maize
73,58,17,20.126049335886517,56.433771589234624,6.7205039551823855,108.91615682533417,maize
76,51,19,21.53933480260324,71.29455870777298,6.084313096923058,81.8292131926729,maize
73,44,21,24.906916367956818,70.97012930763442,6.567059002907359,97.26078247740224,maize
96,44,21,20.582548233934713,68.3498514567974,6.530436866410383,68.44170796722021,maize
93,47,21,22.052166246338203,68.77945725148048,6.490476641055367,68.97203662933751,maize
73,57,23,18.36756723858081,67.4827234019109,6.462202185225102,83.45307978336272,maize
71,59,21,26.043951594119054,59.26352608281485,6.191633560113089,85.51533091351442,maize
72,57,22,18.31085102514685,66.25946404557052,6.006052879223562,86.35758297822846,maize
86,35,24,24.173284615396938,68.36194484339882,5.96921005992149,69.86928283798727,maize
93,55,22,23.29067721115901,65.41642988202334,6.6750318161869036,82.8990081818255,maize
93,50,19,23.586127654358375,73.174677829209,5.97366670359138,98.18664547993437,maize
73,39,22,22.715396785743525,66.76344246444992,6.661241212943733,88.96104507224736,maize
92,50,20,24.185338376240917,72.21872335206969,6.186620501519389,99.45013405131267,maize
73,46,19,23.61819786455316,72.91991340190157,6.40573332914165,98.48714955180948,maize
4,18,27,32.34551981240918,48.30777956292137,5.126090658266753,99.02337463761808,mango
23,36,31,32.391235419058646,53.05996382376082,5.6051676258160725,98.33735845761467,mango
11,35,32,35.98813570946783,52.209751031817234,5.98397665819625,95.38325472368382,mango
36,25,25,29.91486071338872,50.971243593118515,6.573679179484842,95.35058899098321,mango
36,24,32,28.084662372839883,53.33741160153556,5.534278744772616,99.59767713359793,mango
10,19,31,29.73091672709172,53.10658085498554,5.716557506285866,93.88190351771625,mango
35,17,26,32.62857125900628,51.22391305779892,5.217798098076966,96.34276656207963,mango
0,22,32,33.33163941662159,54.460415742550026,6.445763910322072,93.13758080545254,mango
4,17,29,34.16261658008348,48.50331003266548,4.839377449865943,98.51221260493729,mango
36,17,31,27.612628951288563,49.991886509050246,4.979940945883716,93.66748629271595,mango
38,16,28,35.29193643478912,51.75798993448964,5.2184282898207215,91.26977204652287,mango
30,37,29,33.61794033979048,48.26368565275168,6.2608057574744995,98.07639200445712,mango
5,17,28,33.3013486885203,48.486223607274,6.403616073354053,91.36880109604056,mango
34,35,26,33.25195812364689,53.26090249091761,5.240920181179185,92.60049318119803,mango
27,36,29,35.033421524481895,50.27665184766672,6.239902007791852,97.42322642439285,mango
24,23,31,32.185874215985535,49.417006976589924,5.598506332141428,90.42105007447944,mango
38,18,31,34.72612649178683,49.19578708084085,5.836114825981366,90.81239410870207,mango
7,20,28,29.875434887305055,53.988542436008686,6.148149016534238,96.10466403825204,mango
8,36,32,28.06324739602109,54.665034921420954,6.160777916768696,97.71711323147372,mango
38,17,29,34.30733254567786,48.83462375589821,6.255921421147141,91.35140827854273,mango
34,17,27,29.034072105668034,50.87232698199567,5.699683469375493,92.19282121534978,mango
22,20,31,29.826651178200052,47.310092298996494,5.840541152654612,91.42042426294925,mango
17,33,31,33.30598988806713,50.60188959974278,5.296235457378483,94.10825701336931,mango
28,27,34,32.30188261374184,50.632544571282736,6.376506657165654,94.33334714624169,mango
30,20,30,32.91734172917127,53.66242630071265,5.943608214475057,91.73600308688756,mango
12,30,26,31.224169525596622,45.294673428339564,5.728515540231542,97.52350124302214,mango
9,33,30,29.62224940642811,49.45347677459903,6.609017923727965,94.27463501072377,mango
38,18,31,34.07985000234541,49.07379805084347,6.000706414980532,90.4056975213638,mango
3,39,26,27.727339122114017,48.62978857419568,6.676947209223228,95.6671256094239,mango
22,23,31,28.13621089508431,46.17852625269086,5.632393203793989,93.28657592336499,mango
23,35,33,30.330478450207067,53.99430831178364,5.567612344365634,99.73020911823637,mango
12,30,27,35.74542023768598,51.11121045643596,5.827823888393276,99.46221555121059,mango
32,31,33,31.6270570368192,50.7088555149034,5.520608577928677,89.72499384295551,mango
3,32,33,31.937665567165443,51.10265360602094,5.951404759291169,93.07605496662362,mango
2,18,31,31.852554744148307,48.490683516556906,6.394089052114053,91.14906558825557,mango
37,36,25,33.03762107939616,50.297390966444354,5.412158333269683,95.74655195359337,mango
4,17,28,33.101898332497505,48.45238548925853,6.402248240656426,91.33596162877639,mango
30,33,30,29.62292498869665,52.120686514609545,6.306116705210693,90.13723640482249,mango
32,28,33,31.418475212321543,49.27582496227756,6.798198546534267,93.10498613556126,mango
39,23,25,28.5854855493602,50.460532400180824,5.407180221936148,95.62925562633646,mango
24,22,27,34.9281585371651,51.75153895251362,5.130558494577549,95.45279038020514,mango
12,33,28,33.79569913889192,45.77610225620246,6.289382448306615,98.56845979058384,mango
18,37,27,31.69715016865783,49.15900068879255,4.738127194619501,93.93003049596061,mango
36,16,26,32.8448064510009,49.71086249966698,6.006531922495257,94.90131505661492,mango
9,36,33,31.02675143326013,53.944289515217335,6.072438595794625,96.67765760847,mango
37,25,25,29.593933175567056,50.830294925593876,6.2740521969430265,95.49501878026555,mango
30,17,30,31.327872535535803,53.930859704331105,6.566854646184006,95.0591862785368,mango
26,18,29,31.918013257454604,51.01589475992352,6.2900315953665045,96.5624235772761,mango
4,16,30,35.465672742801914,48.64352666181364,4.633772872396124,98.14565379052429,mango
27,21,28,30.44498387710975,50.304442260262114,5.813961145190601,96.19414856528601,mango
15,18,29,29.132564942628626,52.2064069264168,5.053513998432399,95.20873335898844,mango
18,32,27,27.80254909261909,52.44602990224094,5.069951595001216,94.14611550425685,mango
18,19,27,27.740700859859647,52.10965392307772,4.932896008911788,95.80484735320275,mango
37,15,26,33.229107379538526,49.19631395122773,6.335324956652447,93.77717250548342,mango
1,25,32,28.389469800345466,53.032173358725196,6.337061865195128,94.36608714139301,mango
38,15,27,33.896383656821214,48.592368961156474,6.638160458502243,92.02011933958092,mango
21,21,29,27.603235811404552,50.904875965679246,5.444304338022253,100.09977233339511,mango
21,25,28,27.328783283999158,47.23676706706879,5.679511416056581,95.10928216206337,mango
34,19,30,33.32262244479315,51.81121736087754,6.049920062575428,91.33430275201016,mango
0,21,32,33.82166208870509,54.422088164449264,6.442781208834575,92.95806606532604,mango
12,34,27,28.709150042159752,52.08710087225916,5.978982152615393,91.35205020208078,mango
13,34,28,33.083446964250456,46.34729305034911,5.92559130781571,98.09318138138798,mango
32,27,28,31.208522843372133,51.762591236563466,5.744470897834907,97.21161563139303,mango
39,15,34,32.04473292148247,48.98202147821609,6.508111182718036,89.81162653051138,mango
25,37,30,35.379817145782816,49.47829413742097,6.164384704819648,97.41655304902233,mango
2,26,33,29.80023675033987,51.09008245804497,6.022119331840886,94.55305809078776,mango
21,25,27,27.13818309022386,48.40197065164648,5.64214431286104,96.80718347890176,mango
38,15,27,33.81663987704342,48.54535992055352,6.712333151126204,92.14988133439923,mango
35,34,29,29.051619175637722,48.82686201878584,5.7164607290642095,90.1568586711265,mango
14,29,31,35.465703468073215,49.032578234959836,6.859988540679387,97.44211618285829,mango
12,19,30,27.310589810807244,52.627239104458326,5.476642294074113,92.12698997539496,mango
39,16,34,31.972123685384926,49.02627288387685,6.466780341015909,89.6228921233543,mango
4,39,29,29.743515180305554,47.20705060554478,5.544942128886765,90.64760373000917,mango
15,18,28,28.90759821804727,52.22921609804839,5.007597456822671,95.02962607289969,mango
11,35,27,33.762911054651475,46.7665253682922,5.926244262843179,99.30468142122805,mango
22,19,31,29.89732859762196,47.3574031498187,5.849243832086929,91.34240033928542,mango
6,30,27,30.708621984021455,47.858359797565214,6.450921020489415,94.49647142969647,mango
22,37,31,31.568295280213015,53.06008798964355,5.81236152531763,98.56081940694666,mango
34,34,33,27.319211667292425,47.287352016403815,6.340232250039272,94.47606811626622,mango
30,20,30,32.62618346576956,53.80060263342933,6.047461723333289,91.79568824904344,mango
18,20,32,29.45017322178015,52.980394704976625,4.998725133101847,96.8234482328762,mango
25,31,32,31.088355230099083,49.987774281712,6.749772674249785,90.14653430527842,mango
37,37,30,30.552050324147224,46.25208512362727,5.566939586221337,91.20814676121486,mango
7,29,30,30.723244768643593,47.21857600549749,5.665399496146474,95.58250772522926,mango
28,30,30,32.382452564284954,52.47635555985723,5.154423867382636,98.33154063883676,mango
5,19,26,28.197688496876125,54.288230360240775,6.3430047580390525,96.21981888083837,mango
39,15,32,32.396652022503,48.88312932096446,6.56388695553547,90.31891829496301,mango
3,40,26,27.657475458114426,48.53370828873437,6.693445014260643,95.64480745164929,mango
39,16,31,33.56024288200772,50.81785794896049,5.775762757164768,90.48624585937903,mango
21,18,32,29.992586180439353,52.459687356245794,6.329486681856831,93.95351763953246,mango
36,25,33,27.897457445365298,53.389534060050465,5.791403297078705,99.56400622430459,mango
23,28,32,33.69360422147962,51.760438901072355,5.8949110595764305,90.06922808118848,mango
19,25,31,31.262235863604424,47.274310434899455,5.482222132073141,91.763151069835,mango
18,37,26,30.973248276722707,49.49726076723552,4.680399413898681,92.87328156824971,mango
3,40,26,27.868670430914737,48.43372066584093,6.6184364288105035,95.08145108054151,mango
2,28,32,30.245617536960744,48.899734016602544,5.764096792667104,94.40119405781896,mango
7,32,30,30.64945636902136,50.371899530468454,6.271256212365752,92.26351568725133,mango
11,35,32,35.97556613337413,52.09403454772082,6.018218682075168,95.45956849004097,mango
10,33,25,35.30832762804614,51.30317165511423,5.436223131560001,100.2519595288674,mango
3,35,33,32.359510236610845,52.95400665148301,5.190537916641112,91.5822935771307,mango
26,19,29,31.53811287775317,50.83240821283399,6.167251053987135,96.46744392598305,mango
22,20,30,28.792641830843465,51.33289991106303,5.637792194273718,99.72500235764905,mango
23,23,30,32.535767053692524,48.33712585710129,5.134266885181587,90.68018219793338,mango
18,19,26,31.34902869954798,52.015069744213996,5.382184973509393,90.314401348724,mango
22,25,27,29.877888388920265,46.290089851050936,4.865271301580515,92.01119651392074,mango
38,24,25,29.162919558246074,50.640997380550786,5.871645751958921,95.68899155789015,mango
29,34,26,33.558069238804215,54.3443974220974,6.314308844753091,89.356136380634,mango
10,34,32,29.052750733728544,49.88075458874414,6.772056322364026,97.54326164636117,mango
31,37,29,33.94291607039219,47.76830695932343,6.296490274973571,97.95441583656401,mango
37,36,26,31.612530403257665,51.48512447919565,4.952691849268078,93.51129425352441,mango
34,17,26,31.920733429401373,51.19152528795441,5.422550253340281,97.12852480437444,mango
29,34,27,29.35893794510592,53.69540512135873,6.840606763724039,90.19941680333191,mango
31,36,29,34.03101707850502,52.25480735070804,6.460117908678595,97.45822799765634,mango
30,31,33,31.17975102708964,50.116803350286965,5.9236787777357005,89.91177508134078,mango
5,16,28,35.444242782874774,48.725464856786104,5.4540719300021925,94.92504420188313,mango
4,36,31,30.507675082297073,48.85465721170861,5.474586231607134,91.64861674512716,mango
10,36,26,34.05225794386598,48.02344942018585,5.775611031689856,99.65687290358989,mango
13,19,29,27.389106234592127,52.57758213752257,5.352269642028163,92.47756909807761,mango
24,32,34,29.416083056816287,54.62571905912235,5.399351909151687,100.48616796995282,mango
1,32,29,29.44814846412286,50.77255987769144,6.129348310760845,91.71703261702976,mango
4,32,32,32.09812656707519,52.172417551344964,5.825146985625184,93.1146290153618,mango
37,36,26,32.25131903370444,52.047907274367915,4.8019554697459155,94.00034619096931,mango
36,16,26,32.593660531474,50.047127022448,5.791661172087056,95.63595760811111,mango
31,36,29,34.069077174935046,52.06620216381094,6.459946291913803,97.4570307521406,mango
30,19,30,32.16654642402575,53.73778007556995,6.219617473528721,92.33118758623097,mango
12,35,32,34.8336396268866,51.59435394527583,5.77255394059995,95.565521536694,mango
28,27,34,32.433238047588645,50.66662034071523,6.532930785680289,95.00668554864187,mango
22,25,27,27.531786368845587,48.100090762999876,5.695457174268891,95.8926081150609,mango
21,27,26,27.661074216543444,45.45567562351955,4.960586534047712,92.90142013903298,mango
31,28,30,30.84241158215587,52.534586899718164,5.474742029852709,98.67743911402475,mango
29,34,29,28.923100108548695,52.898724506034,6.668875786031985,90.28280500263033,mango
13,36,28,28.93493020144156,51.69818391778804,5.26372984045602,90.76036012448523,mango
39,20,32,33.83921402731856,53.9319426369687,4.848945904545811,98.51646666171193,mango
29,28,34,32.06075449809027,50.530908668636044,6.139518004568769,93.20423010783324,mango
12,36,29,30.938780497298488,47.727084159679315,4.599198480363955,90.32109996844405,mango
27,20,30,35.228099452004145,52.56579924913132,5.119381916262991,91.26231586338623,mango
7,31,27,31.17590110110466,47.80770264224198,6.514853774942263,94.35040355897202,mango
38,22,25,29.5640191838523,50.54687951281942,5.401799357854532,96.28409872543412,mango
37,29,33,27.631176359065336,53.63693859299168,6.766547797542365,99.34369303255056,mango
11,36,29,31.023440726065896,47.55003074992875,4.672666033162209,90.38851674216524,mango
20,24,31,30.361866840972883,46.95738216324468,5.524768184803005,92.20447936911336,mango
37,36,29,29.53571222168996,46.81344800594749,5.68341218834608,90.93540650695802,mango
29,27,31,32.05231866049808,51.72040614826851,5.5266712504224955,97.38716791172575,mango
12,32,27,34.293489242766405,47.68049678883406,5.851001676768005,99.35381071734977,mango
5,31,33,32.19441759682966,52.26392638129412,5.7769118526612395,93.55066385364294,mango
24,21,25,33.2903794950314,45.657275452012904,5.909234689376685,95.92475145580948,mango
36,36,26,33.03161897740811,52.62764370800595,4.89090699737803,94.88597685591569,mango
37,37,30,30.292357477875264,46.39552353683711,5.596700451710238,91.13845667211001,mango
18,18,28,28.28409845942418,52.37291954661917,5.140478026418748,94.07463734106304,mango
37,16,30,28.333806789899945,48.969120769722025,5.032711855543346,95.51507779977419,mango
13,35,31,33.86085438950424,51.06150954144628,5.599203882213583,95.72885552510014,mango
20,18,34,33.90526205075227,50.681153408237435,6.142500656028235,97.82585952517411,mango
32,19,30,32.6609732286826,53.08372940968168,6.14096859471021,91.65403740168745,mango
2,36,31,31.168553071306167,50.54665019099608,5.545126525587445,91.49562196718529,mango
15,35,29,30.59796352781382,51.60583288024821,5.439131700888382,94.13080061002114,mango
18,25,30,32.6489985641016,47.696437541868214,5.299382047803154,91.06416552714269,mango
9,31,33,29.44898079352503,48.494668482264764,6.078008304168776,97.23289217887279,mango
19,21,33,29.53688712385074,52.82501282127189,5.142403222419223,98.3575043322719,mango
30,28,28,30.868461197710413,50.881555720400655,5.053521003281511,98.27608808932109,mango
2,36,31,31.22085777441365,50.66196287555203,5.5084773984974,91.44070432744738,mango
35,31,34,27.43919851953798,51.19560435546955,6.656281157617601,97.80879474836958,mango
4,31,33,32.24622608349598,52.44541108962477,5.83934616852724,93.40854039703189,mango
9,35,32,28.484595355872568,52.843751313864,6.396741043574742,97.49107828200225,mango
39,16,32,34.626835121450725,53.75476383145477,4.948084272047972,96.04901254560839,mango
6,16,27,35.26005117979225,48.735698902586094,5.774570732629343,93.82575359978594,mango
7,20,29,30.373877329100747,53.89950801365315,6.090259235249273,96.07045263344689,mango
28,37,30,35.39282467647386,48.224756553434084,6.257828183100368,97.41223517017161,mango
38,22,27,28.16134686976583,50.53176188220999,5.273995110235193,94.6948775958945,mango
18,20,32,29.426563936981815,52.971559098447194,4.995572479598639,96.78568262247258,mango
26,22,26,31.77581716248598,47.83502217862523,5.825528955132715,95.8978694270403,mango
33,31,34,30.084434785946748,49.28471881350758,5.728818776359819,91.463841965439,mango
4,19,25,28.38177399569236,50.20434872803521,5.935154344974689,98.69266335458616,mango
30,20,30,32.38113475595307,53.91689654061161,6.134868373099268,91.84592131408033,mango
8,36,32,28.11976123664048,54.74640390262588,6.15573686671004,97.45756936434262,mango
38,17,29,34.32364880297097,48.84424220643714,6.240745055788644,91.32485786796246,mango
18,26,31,32.70121647525563,47.8683867586805,5.413160313931429,91.0757947386541,mango
1,37,30,30.316389653364755,47.08116671890692,6.129304486745556,91.25609872940291,mango
6,32,31,31.33150694051813,51.27541626654931,6.096689522013283,92.71314894352544,mango
32,34,26,33.454157400013116,53.625729282867,5.573481962805722,91.53522983986788,mango
0,19,31,35.71884452230858,51.59333688091472,6.3661016304822,94.56928637797054,mango
6,17,31,34.970006448928885,50.002083601793345,4.908418112586619,97.45200280740268,mango
26,18,29,31.800132677090584,50.95896009542831,6.2519336037651705,96.53295201837427,mango
27,26,34,32.158922713159875,51.08225386343985,6.597818215301461,93.72247232306255,mango
27,33,29,29.424136768229555,52.02504974085226,6.901465993438582,90.2926537690475,mango
27,23,27,29.617562244131204,49.77633316662404,5.679162568391189,96.05605478502092,mango
15,32,31,33.748539913563214,49.65775902037187,6.029124816759557,96.66287050952701,mango
11,35,32,34.35641294615622,51.55544563175274,6.182174701810332,95.89153893673502,mango
33,37,30,34.9164259452626,47.86720142064477,6.456125511930181,97.43037594538254,mango
10,36,31,27.961569638764534,52.60789221250493,6.3851244278055574,99.52905529986432,mango
1,30,29,29.283964096869077,51.680274239485506,6.29329679948912,92.07617322503957,mango
37,27,32,29.812202632424647,53.67111627071206,6.026961362569406,99.09767712503528,mango
20,18,28,31.183980588527227,49.822971834848076,5.71379047402608,90.19653437690457,mango
36,17,31,28.006634796206892,49.433112157285,5.008771624995523,94.67689314609916,mango
38,15,27,34.44453495735691,50.23477127251938,6.0597908148471396,91.98433933075864,mango
18,19,26,28.918958098897967,52.23887617811482,4.969853388732097,92.88233755057712,mango
39,16,34,34.103654895043405,54.12132665945108,4.934980083969604,98.36768252097055,mango
39,15,34,31.992655433080337,48.9966556801034,6.499857404637799,89.73655677469785,mango
35,26,26,30.09212985505066,50.932047894411255,6.7403985655771725,95.33949375638807,mango
21,25,27,27.109396663357153,48.247042624145074,5.654390464120081,96.60337461176653,mango
2,36,31,31.429188260706965,51.121255180489946,5.362503327041428,91.22196647190174,mango
37,15,30,28.840364451929055,48.25072678424522,5.0697783143128,96.8128320901755,mango
5,16,29,35.615246210467426,48.71596357181627,5.156520940318764,95.94562525841903,mango
13,27,28,30.85693734044884,47.30291816356702,5.418146486191173,90.3579163645962,mango
2,16,30,35.7210526683802,48.33959424756735,5.405391238321814,97.90008804864601,mango
19,18,34,33.97471038991032,50.166854885540516,6.076754645431974,97.65271592713242,mango
18,17,31,31.655925655677606,45.415907630295365,5.693966127234434,93.44542963301636,mango
22,24,30,27.67707831115685,46.76775637238023,5.658038385890072,94.31573678272449,mango
29,30,32,31.135530524237694,49.61172013880326,6.820358717235569,91.41551073043074,mango
14,36,27,28.4929702992279,52.574031212570056,5.410295786790151,90.85724130169278,mango
37,15,29,29.084141066123728,48.28550812156653,5.086474631955456,97.03344460447418,mango
34,15,25,30.87559708688038,50.4231524402587,6.253934955752779,92.13290430777654,mango
26,37,29,35.02931446904519,49.58057553512497,6.1584237402216715,97.54928425431768,mango
23,22,27,34.540185080555716,51.40353953338344,5.24231283512461,97.26323548763862,mango
8,32,29,29.921976893006992,49.46234112215112,6.441166377037643,91.7720812014895,mango
13,29,31,35.627017285362136,48.95441370030764,6.939235597179134,97.52479533108874,mango
10,36,33,35.548040308799095,52.38068225373788,5.986988892743553,95.48769381031332,mango
34,32,34,27.34394997914501,48.868780669253944,6.521340267705047,96.33511798673925,mango
22,20,30,31.887423346993153,47.674577855267735,5.30051682657513,90.66164822906835,mango
36,19,31,29.351946655513032,50.23220786189251,5.211281741176666,91.86578148380535,mango
23,22,27,34.64064703268156,51.416449657607,5.197985254766348,97.29018528159496,mango
24,18,31,32.721170926891816,50.94039801809286,6.2668838397040165,97.03764174925867,mango
30,27,30,31.233428318905613,52.37866724766824,5.143518158534899,98.65468402548933,mango
13,29,32,35.683378183959576,49.4041298166814,6.814196737850878,97.23353148909369,mango
2,39,27,29.739930591320096,47.417759704230754,5.797499062714184,90.30747722696096,mango
21,18,27,28.27209477552581,49.29409203743131,5.0311700626788785,100.12377396072236,mango
27,21,28,30.472883261150415,50.317917270862445,5.822977986604015,96.20112374590984,mango
4,17,29,32.938062021282434,48.42458953770114,6.401124649463071,91.30898600794464,mango
15,35,30,32.14909601624925,49.89297568233491,5.233592289652222,95.37775043303903,mango
13,29,31,35.30276594795056,48.39166509300093,6.824173256400616,97.70958550392271,mango
39,24,28,31.19609932617097,52.12888616653534,5.091894671423402,97.32201516557579,mango
36,18,31,27.529603734617407,50.10963187304405,4.973865722861249,93.45478329911224,mango
32,17,28,31.535602016815655,52.97103839843298,6.165907711732323,95.78425116814671,mango
32,29,32,30.97348121856086,48.96928448852462,6.585416964143178,93.65035055400583,mango
17,25,31,32.429442169982806,47.661997498025734,5.343421658098427,91.14554456742628,mango
29,35,29,33.82068095498513,52.801726509484666,6.19522191621497,97.60076556522063,mango
27,22,28,30.206772845190635,50.18938967789875,5.736973384650448,96.13459295030185,mango
26,20,29,31.227299181470332,50.682289563403074,6.066798735598505,96.38973677414168,mango
36,16,28,29.99599120449155,49.088510521649745,5.146908584604093,97.14433231485926,mango
30,36,28,33.410736329740296,52.080836227313206,6.354707952998485,97.80324576417588,mango
9,36,32,28.002215362379687,53.430235822745594,6.295441821425681,98.80473074250175,mango
36,19,31,29.991580947603435,50.096407019546206,5.287738893539492,91.72143104478131,mango
22,25,30,33.57774432931578,48.6266788930106,4.902512793090879,90.71617008830607,mango
8,19,31,33.18744226284055,52.35109645427895,5.543186192802341,96.45423975473237,mango
7,28,33,29.699289446858455,46.87807290133206,5.736546568958051,98.70414674027153,mango
29,34,26,31.47627497349586,54.02264790882674,6.575230428986881,89.77420769711173,mango
10,28,26,29.66075525923763,46.08034245978417,5.627755013140579,95.83901151868618,mango
6,32,30,30.930119238202522,50.7436954208306,6.19942226012631,92.44853915187247,mango
6,22,32,30.822963634464255,54.095118829344685,6.128371527836063,95.43592425902682,mango
8,31,26,32.483669907468034,48.71962465339277,6.231715641462053,96.10912930855588,mango
32,29,32,30.667828298366405,48.79542489802639,6.411868795760606,94.10809099294994,mango
21,25,27,27.201391705130284,47.40831132766403,5.687365341615996,95.39952747392742,mango
38,16,34,30.66924362874987,49.45532791925365,6.089930737588343,90.30446722068108,mango
6,16,27,35.23300576513274,48.737201598733336,5.821630548982881,93.66434140907006,mango
10,36,31,27.958014930168062,52.535973406771404,6.392967701426937,99.59240176049255,mango
6,34,33,29.77721115483626,54.01377364844723,6.01394254888632,95.81820611557292,mango
4,36,33,30.295858914923485,46.71536761135806,5.656390410554746,91.82757287190852,mango
26,23,33,31.346885447153937,52.38526886968482,6.761241708959917,89.92177356354571,mango
29,30,32,31.148064591251135,49.59367429402304,6.82093614162612,91.4878848006568,mango
39,19,33,33.899344080448614,53.97500584210723,4.868508840578587,98.48263528623409,mango
35,19,25,31.34405162569086,50.767972687918075,5.312163524138389,97.09200948889301,mango
37,19,31,34.56959593930111,49.12444804262084,5.834960945371046,90.6882805678885,mango
4,31,29,29.249335758542173,50.33404429098171,6.438754609275229,91.75598409421825,mango
29,18,30,32.55579369993049,53.850562180765984,6.241880102701091,93.53217537717893,mango
2,23,33,29.040582730474675,54.753400183298524,6.446618793696837,94.81431785495893,mango
22,23,30,32.80557450236399,47.4776651497195,4.8052502969256565,90.90756926336596,mango
18,17,31,31.666543942444502,45.385864810026895,5.69084438749567,93.48188587411099,mango
18,19,26,28.744393434435754,52.25495336329122,4.940233457226992,93.06680582130018,mango
19,25,30,32.67527052403748,47.65972960586354,5.216471418582816,91.03789015677795,mango
11,34,31,29.461259465835493,49.078866190290725,6.779171333682665,97.64693557172055,mango
39,16,34,32.36639195336034,49.0351628735849,6.379597219522476,89.76932258064446,mango
39,16,34,30.8558159744572,49.38967486773921,6.150005608168235,90.19615663093083,mango
29,18,30,32.437758582156185,53.90726771291231,6.29102954298515,93.62805043080672,mango
4,19,25,27.35769868170458,54.41235994519751,6.438090101934123,96.29337230453451,mango
27,19,30,34.1226429315284,53.09782840842625,5.589449163547926,92.25948842656015,mango
19,36,31,31.8190088524595,51.95881524868177,5.627379924279951,97.58078483202699,mango
37,36,28,28.684617246906814,47.283540711334986,5.780947886484932,90.70701020925172,mango
37,15,29,29.179321934657125,48.3693272302757,5.092782857243769,97.0450193009512,mango
27,20,30,35.21864309837912,52.57129635707044,5.133078248114536,91.3692527343842,mango
2,40,26,29.612997318181264,47.6078908807172,5.998916510122765,90.42851047212402,mango
14,37,28,31.250363236074605,47.95139484468451,4.538282237182556,91.42482399721904,mango
4,32,33,32.330385144693516,52.658336964889685,5.719848299926593,93.03081516910952,mango
19,18,29,28.64709292737803,52.391354700997816,5.393101184878919,94.0489035994183,mango
33,31,34,30.64179816853948,49.70453854180418,5.591190417794749,90.71130004244603,mango
21,24,28,27.248609004133314,48.99628091829583,5.59516757445183,97.58900265084947,mango
29,32,26,29.742004397041544,48.61674358260891,5.441025952193481,98.10418066036662,mango
31,29,27,28.95452949265089,47.82087694156221,5.439066476598046,96.673897159211,mango
15,20,33,31.495693310048107,47.21434107440851,4.957977211976233,91.3696461540348,mango
3,29,28,28.770642565473256,48.68718255934911,6.222140753291555,93.94329806792842,mango
10,37,30,30.747825196424078,47.23656969101533,4.659635389412847,90.5773196146565,mango
15,37,28,31.273071408147374,48.03168119086405,4.537064182399332,91.59428577228344,mango
17,19,27,27.738981709368215,52.35630671455899,4.7980551403213685,94.03977775560936,mango
5,16,29,35.66168068449061,48.713383581600105,5.075723590841408,96.22275505181219,mango
6,32,31,31.36023976429187,51.313478821203375,6.089335530740092,92.73209069602187,mango
28,30,32,31.111247612049645,49.64668131012039,6.819240042366833,91.27529660917968,mango
7,28,33,29.642809713168216,46.700211869053575,5.7349084035725095,99.08268296423792,mango
7,28,34,29.9361365958953,46.66453851388081,4.810060092593816,97.19329221392272,mango
5,19,25,27.725877950846762,54.37250765267125,6.397801474825813,96.25220236231598,mango
37,36,26,27.896537568167254,47.771983677359955,5.972636762041082,90.87208509636199,mango
22,35,32,30.58790359742881,53.79441350716578,5.621852607608193,99.48201176639074,mango
1,36,33,31.461056282049466,49.43349913638803,5.610796638562375,91.37682871024622,mango
14,29,31,35.36472637160035,49.069341733879746,6.8111299411675885,97.39629296157841,mango
38,15,29,29.31810044089591,48.16987670356167,5.21636581444178,96.62035008295975,mango
1,29,29,28.2095359056272,51.13779244228889,6.387061265290741,91.901772481411,mango
32,34,26,33.43744432804483,53.5955739997256,5.5459935904924675,91.62328071328733,mango
10,33,31,29.281140791603743,49.422409769399614,6.767534600865681,96.60724631252653,mango
25,30,34,30.576071845733896,53.12588763964225,5.829705083896017,98.41039431608819,mango
32,36,28,33.801903220688466,51.14039569607891,6.570118939351874,97.6445894813364,mango
26,22,32,33.250808070165405,52.35825646455873,5.970542949783871,90.45730540607815,mango
40,16,35,31.92697574077141,49.10013591305132,6.461648499962359,89.72231173201196,mango
6,28,33,29.74356884358396,47.01751370063647,5.737830869896972,98.4073791292925,mango
39,16,32,32.806321784044755,50.00663485790601,6.096202048871592,90.08251028683198,mango
27,28,33,31.849473388512298,50.395397118437444,6.63807932491268,93.11983012214776,mango
5,18,25,28.63940572646279,53.46853745491461,6.436749399453084,95.4840208531829,mango
14,28,30,34.84670696180664,47.745886233228646,5.893234967363853,94.63493969887665,mango
39,15,34,33.83122067955467,53.78215884440401,4.962409568385617,98.24966323679695,mango
2,37,32,32.332305039163636,53.1122964063116,4.729702840194254,90.2737335418986,mango
37,15,29,29.07300592733426,48.51729673985979,5.213611955603586,96.3551359412316,mango
35,17,26,31.95284603337361,50.81177518772678,5.2766014662442675,97.38230031245051,mango
15,36,26,28.06760587451971,53.577783127798384,5.559459699651683,91.17435751550524,mango
10,36,33,33.550919551236795,53.07135091140102,6.024733301558946,96.01331857516824,mango
12,32,32,35.825337512677514,50.71101831327639,6.427471307529281,96.37165269833395,mango
22,25,30,33.46278363980299,48.448668685577,4.880132835593065,90.74285488485741,mango
31,19,29,31.99469121854672,53.74841128783624,6.19879500383851,91.90576015749166,mango
37,36,26,29.768286721492085,49.86031689068721,5.387882148994505,92.09935468118555,mango
22,18,32,30.50881640767492,51.23674798480235,6.439330541225576,92.95457602042939,mango
7,30,28,31.01095371041731,47.39661177183166,6.073498535778126,95.15048229314162,mango
3,29,28,28.8406472692987,48.65724339105498,6.230404873484477,93.96328008475692,mango
14,30,31,34.82628771338026,49.265375188210946,6.550601963214555,97.15195048548154,mango
7,31,27,31.052270255292925,47.98133364720897,6.507357867443923,94.08891815413999,mango
35,15,25,30.99588625322145,50.342729387907546,6.275885868926292,92.13841401197774,mango
33,17,26,30.650471960580983,51.79919468041102,6.13482377787665,92.03883339666527,mango
18,19,27,31.47859788600246,51.147082332831594,5.543637544802112,90.06412712538938,mango
13,29,32,34.87496277324449,48.59502819799505,6.7945463345866415,97.9205331137996,mango
22,27,27,27.78172946105931,45.59964846926683,5.1136372853525796,92.95988739937361,mango
21,18,33,30.588915622640485,52.39380718925025,6.597814749581429,94.1152427471538,mango
5,28,34,30.10586362355541,47.348985726369534,4.960871009901756,96.04379200215467,mango
0,35,26,34.06855834734987,51.176562177944305,5.132773235158571,96.35004132720486,mango
13,36,30,31.684993107711936,48.79772355965725,4.930257485184223,93.13008281457982,mango
19,17,31,31.110864179311566,48.64701108974596,6.121867874507625,93.83505877469159,mango
3,36,31,30.708204032665666,49.41617953789545,5.605264436822221,91.71296108647772,mango
7,20,29,30.75562868145042,53.83131757020405,6.045922115374115,96.04425051068405,mango
14,36,27,28.396642993940663,52.76492638049567,5.442240546001396,90.87835702437874,mango
23,23,31,28.27231983517442,46.21009258412192,5.6025858560356046,93.22526744576668,mango
18,37,26,31.55453686370985,48.90430987404499,4.5956668211637055,93.42176523097535,mango
22,21,30,32.393209268246345,47.55596054950443,5.005249073905285,90.7862459149605,mango
39,24,28,31.56783037947619,52.38095942606789,5.039181577863189,97.53509418010447,mango
26,19,30,33.792717577023645,51.814587928158275,5.673213808970018,93.8063474692152,mango
11,35,31,28.434703014287727,50.78306245106603,6.625268325402591,99.1201719301618,mango
19,26,26,27.453342469223863,47.22108774481565,5.618511342968329,95.93387434389129,mango
14,37,28,31.237259744947824,47.90506652634193,4.53898510177213,91.32703801696624,mango
30,35,28,32.847068994943044,52.88104530292635,6.559360736465364,96.08508255633711,mango
39,16,27,35.40537381521439,53.06442051452918,4.936879933348033,92.20300587481454,mango
32,35,27,28.043196724351272,51.3840574261346,6.562948474283758,90.40288101141427,mango
37,36,26,27.657303195441152,48.00050731874376,5.88601564539893,90.48320102076832,mango
14,28,30,34.91817782793402,47.85673520819677,5.988215369163761,94.89604950129316,mango
15,32,31,33.49730555232879,49.749227823600606,5.907563002566837,96.54886081693256,mango
27,17,30,31.679809439033512,52.60509659098447,6.544671061028189,95.72176681229448,mango
18,26,30,32.16182942479599,47.53692582998626,5.3756321802562965,91.26097992585336,mango
23,23,29,33.34200083551153,48.542190828956066,4.866322224702573,92.6484946099791,mango
10,36,29,35.35449323780198,51.37363172954958,5.761097433238688,97.60457574435675,mango
2,40,26,28.76593831261296,48.00892039053104,6.299760308429251,92.68801542701857,mango
17,25,31,32.47520289984846,47.68393603584114,5.362311340253911,91.13456190109352,mango
22,26,27,29.206710098765296,46.02434571355098,4.8903528338106055,92.26645563636218,mango
37,37,29,32.35078411543958,48.904995688422815,5.052036688398961,92.95580681905803,mango
3,35,30,30.623645278618785,49.81641185589753,5.946597513944194,91.78958487681534,mango
10,33,27,32.94767607446481,45.54560063793021,6.214410307299886,97.97284610093874,mango
16,17,32,31.445334458130333,46.015344443496105,5.264954111114455,92.70353478213553,mango
27,31,32,30.992843558536613,49.81715280742085,6.81378535727817,90.59160924139923,mango
39,17,34,34.02402196637342,54.06429612372742,4.909072009577847,98.4124869302467,mango
36,19,31,27.612563710782695,50.601496488187415,5.003368768925089,92.25831936804258,mango
39,16,34,34.22740524308057,54.10894500359434,4.953832666674963,98.02220923966036,mango
36,15,26,32.35301655551585,49.43537783939588,6.523541167711383,92.20057577396835,mango
22,26,27,29.461341038355723,46.125163455147835,4.880837427529153,92.16961568915339,mango
27,31,32,31.001554345931478,49.99096352316188,6.519719974187121,90.06554270028569,mango
38,16,28,34.16324334697909,48.749683024333294,6.389944211078813,91.58587549224923,mango
1,31,29,28.54989612800089,49.52756599527125,5.94262109739827,92.93193323636655,mango
9,36,32,28.005194895818736,53.49051769417437,6.2888676409008175,98.75163415453548,mango
19,18,29,28.977802059230093,52.40815020186175,5.623255616407914,94.02545865986698,mango
31,37,29,34.030878709410146,47.63422058583784,6.306149163424992,97.92139999994967,mango
12,30,28,35.727128031746794,50.75244009356248,6.014638403179488,99.13663478330633,mango
4,33,32,31.893895716671715,51.79450586473047,5.809191473400229,92.88588637153788,mango
28,36,28,32.45870436219122,50.92103925696849,6.163175301623527,98.42227187984943,mango
16,19,27,30.32635907297516,52.19149107479654,5.475557501365351,90.55472993145064,mango
28,18,30,32.928310358281394,53.67160056541394,6.08676537413833,93.2295954732479,mango
29,34,27,29.04254755378197,53.64650573869235,6.880261538221348,90.26295514120994,mango
7,29,30,30.694674624697253,47.200896654134944,5.6248743451561785,95.6254088207153,mango
3,39,26,27.75866628827815,48.6414604042372,6.676511872451029,95.85917905298604,mango
5,18,25,32.51997485912063,48.431474718545694,6.116002197748152,94.95565122483089,mango
6,38,30,29.748416983269294,46.918913112344086,5.199579150936102,91.11271510189864,mango
37,37,30,32.04199449342261,46.79317293470698,5.2806888140422,92.0811739854733,mango
33,32,34,28.673857300904327,48.22223736064091,6.0771291784392565,93.36837808366491,mango
28,17,30,31.50240990867654,53.312602503312114,6.641680926988317,95.313876190967,mango
39,24,25,28.860237079751236,50.544922693377266,5.423130181732496,95.98308148996176,mango
39,16,30,34.91835743233067,53.49626610916715,4.9438888290522005,94.60888277259818,mango
13,35,31,30.248521436860823,50.93207911962347,5.856280495237262,97.97994761348708,mango
12,31,32,35.76223137853446,50.130058389606916,6.59938496126948,96.75478946768857,mango
2,28,32,30.01908442964739,48.93109889993755,5.786464913173708,94.33366765027823,mango
15,18,34,31.049442836653927,47.138688561810675,4.941123248389589,91.32738781932521,mango
9,35,25,34.98244684053038,50.869024186026955,5.464055192451021,100.27635951076715,mango
6,37,31,30.12156737920358,47.77347618921186,5.222972379506306,91.5247251783471,mango
13,47,18,28.612718357407697,52.864954695276865,5.838620561581168,33.99201808542729,mothbeans
35,55,19,29.868782337719843,54.65170162853619,8.481544464952862,56.196262015535176,mothbeans
38,38,18,26.3275129888199,61.168140809053625,6.297369193729711,35.74849859059407,mothbeans
31,41,16,29.138946898218165,61.65042371695151,7.907681635216645,67.84847260703958,mothbeans
22,49,22,28.18558857130622,61.56397622047638,3.813756816219624,72.52952937201387,mothbeans
22,46,21,29.869754120547643,56.62110946877649,6.380410002357197,73.56583416774076,mothbeans
17,56,20,28.51772797860614,47.36566793450114,4.663941854094951,65.8818268070556,mothbeans
27,52,17,27.610859012866605,53.55782398849009,7.365928592240314,32.23676476939757,mothbeans
14,49,19,29.822558152358905,51.41319677608428,4.679199749333277,33.3993660951763,mothbeans
28,52,16,27.651277031464982,53.818397152502634,7.553663265230761,32.19227876260131,mothbeans
19,35,21,24.77995854712373,51.79437187744204,6.65969678089101,35.63771526722492,mothbeans
21,38,20,27.08159706737836,57.454789319322266,6.658945720290159,61.41233624730579,mothbeans
36,38,18,25.810032936978892,62.20222524359148,7.728294719107273,34.19602276048552,mothbeans
19,58,20,28.491264771269336,54.43821529467198,4.4568273653112955,35.40747928165569,mothbeans
1,55,24,27.71509494542052,42.75106671325002,4.779905018311195,48.216858843749364,mothbeans
39,38,21,29.345961613569056,60.810941171150446,8.655278132736413,36.82020364164332,mothbeans
26,58,20,28.07521993065136,52.41907968595241,4.441135063991223,35.94354599030874,mothbeans
4,50,19,27.355387526515425,60.371065460405575,6.119688701717079,35.42061691719978,mothbeans
19,36,22,25.340074370615437,58.34477574261021,6.152331666596492,57.23110091083995,mothbeans
5,59,19,28.67296661247834,46.36960566281676,6.133421877877943,54.19986915665672,mothbeans
37,43,22,27.893188889487696,48.56926662545808,4.689501248875327,40.419183624198425,mothbeans
38,47,18,29.171892695520043,54.90883712148329,5.700356554780095,39.23464590107238,mothbeans
17,44,22,24.647293706605723,59.95474498376153,7.4438509635998615,46.83072894237515,mothbeans
21,38,20,27.311817582318582,51.08507060758506,7.596522252665378,62.26095759290627,mothbeans
1,51,18,26.405804874513944,45.434870350122026,5.535967652559817,40.20120141618694,mothbeans
20,54,24,27.06305777470966,49.75684994920955,3.9478731307903323,40.19685381598607,mothbeans
19,37,21,26.13806366391261,55.87724170095218,6.688420811383704,58.63081010525518,mothbeans
8,46,16,30.9606413520006,41.26388189265921,7.863020656938475,54.760769983075974,mothbeans
4,46,19,26.198959009290913,64.84458050817028,4.163170682469409,71.82529128473959,mothbeans
3,49,18,27.92447914451768,64.68453098658514,3.7146960931201356,32.69361055624049,mothbeans
31,43,15,24.848971826077936,46.09972316447758,7.171061069534741,57.64413987055786,mothbeans
8,44,15,27.60498961324876,59.476167351029865,5.563224187776687,34.194475247506844,mothbeans
23,57,23,27.990505945635054,58.75910135685395,6.69894335426189,36.540213048384004,mothbeans
21,47,19,30.57653377099214,50.18846319401062,8.2212481263237,73.23729970925154,mothbeans
27,58,19,27.998624910453206,52.7052711150628,4.573929229698651,35.82611137194846,mothbeans
4,58,20,27.297913419533735,46.559332575755676,7.390429269972912,54.783415155216424,mothbeans
8,41,20,31.11408103200051,41.863214571735504,8.309504958779387,55.79502781733391,mothbeans
29,39,21,30.674747584416124,49.50814108068702,6.832885439031479,71.74365447866472,mothbeans
16,56,20,28.50711733834799,45.40887333184356,3.8643878560907696,66.08081692666998,mothbeans
34,51,15,28.64321592170853,61.16272269384858,9.837479313950176,66.00961165107638,mothbeans
36,53,22,25.47410616412537,46.26854162679727,8.107502397647064,66.36001587891985,mothbeans
7,55,22,26.473765489827933,41.7880069380388,5.534851120791847,54.119764487317525,mothbeans
2,57,22,29.02532142698963,47.570648729322,7.735496220790527,43.337567172426866,mothbeans
14,55,21,28.51511997475274,50.33117740028708,5.540739960647603,63.82409620564903,mothbeans
38,50,20,29.156970780054262,41.73319560496284,5.77223810714564,45.56269362791498,mothbeans
30,41,17,29.764135121076812,61.96865320667896,8.163093262807015,66.97762931714777,mothbeans
10,59,22,31.430373294237143,55.30856140404946,5.889274495196262,64.55446109570053,mothbeans
40,45,19,29.451054218429974,57.52190044316109,6.765320543962304,37.82355699251884,mothbeans
35,56,16,28.462202093726898,57.09008525381873,8.130963546707621,57.53117834218255,mothbeans
40,45,18,30.21539126079857,55.72563872361864,5.599151835381852,32.47092199681256,mothbeans
40,53,17,30.592908756221107,42.3354765656756,6.975007087254601,49.80018890694545,mothbeans
3,57,18,28.607373612377078,51.89088853105764,8.782736523543528,48.65863072966644,mothbeans
38,49,17,30.457186922506033,46.89627471590379,5.8921363508042,50.33678131965858,mothbeans
21,37,19,27.545195713880357,46.93284453824319,5.439252311411759,38.19294016521696,mothbeans
27,55,19,28.87342386783745,61.61021543394528,9.40848493409215,62.90284832901545,mothbeans
3,58,20,26.24742765445921,46.70427636579704,8.350732754059589,55.229221010508795,mothbeans
22,51,16,28.308994166205135,61.380895635420416,8.745661310588442,68.97918209824671,mothbeans
30,48,15,26.22024666533588,53.67891891044977,7.596259957290744,40.88510776697709,mothbeans
8,53,16,31.033055144922393,43.44637544256877,5.9385043453271695,54.18928201234258,mothbeans
28,52,16,27.643208073825377,53.76637694232539,7.516184359129557,32.20115984378347,mothbeans
10,45,19,26.93694941139247,44.96755520100357,5.282535758444529,45.86516839285713,mothbeans
7,57,21,27.588663466723588,41.548970889527176,5.1002415593183725,54.89355523527154,mothbeans
33,47,15,28.674239770078874,61.243487871275185,9.067677186249798,66.79198497916119,mothbeans
7,40,17,30.857192052532785,40.99851805893387,8.25463408781215,53.00036238326685,mothbeans
0,55,24,28.160306815048543,43.68361042633289,4.548211282908045,45.83266114108113,mothbeans
32,53,15,29.360449664611828,61.30937597696829,9.741935325978558,64.2583524029899,mothbeans
34,57,23,28.489295027304717,58.411922157342126,8.351322601794223,35.97900852204461,mothbeans
22,35,18,26.315426147880643,47.81943300704982,5.542157046993449,36.85461361984516,mothbeans
8,41,18,29.794519099008824,62.678724696862126,6.327256601455468,67.81309847715143,mothbeans
39,44,20,29.375508799379435,57.87682849218295,6.938273586755234,38.469213311110984,mothbeans
33,47,17,25.565811295649258,48.0051368094588,8.402204558370283,62.74514718934261,mothbeans
7,40,16,31.203348149154948,40.93818892403407,8.508037190163835,53.822665324552204,mothbeans
21,44,22,30.062611249845336,45.49973393971666,8.810987639267603,36.480789109186915,mothbeans
11,49,19,26.57472782534471,45.086184228600594,8.185633489717523,72.28154842745924,mothbeans
25,51,20,28.101670804507183,54.10176844179021,8.91276580513879,51.90184944892658,mothbeans
7,55,22,29.578652521481505,61.654879054479565,6.3845106614501566,34.490228111553215,mothbeans
35,39,19,25.954804364298855,62.3313109175074,8.766366305417794,33.584447165215636,mothbeans
18,36,22,25.52253507020221,58.6352401546672,6.158413270976138,56.92386829781096,mothbeans
6,35,20,28.93978058577482,55.06634780453843,9.438382671428522,67.01912376140145,mothbeans
19,46,15,29.944729525260474,54.955077257971915,5.14672812158072,45.35626876938928,mothbeans
12,56,17,28.49549132211515,55.752088702565096,7.606283391271872,71.14730490106585,mothbeans
36,44,20,25.290398325738224,51.57905132187497,4.607895061569945,38.48120703848028,mothbeans
29,35,22,29.8779872104547,46.021578187829796,8.076214482175232,69.21093858181474,mothbeans
30,42,21,31.765371179582846,58.15430420043607,6.9368116671699855,68.35912254624937,mothbeans
8,54,23,27.490912051433774,52.850383720409994,7.971024166006565,59.45956379267708,mothbeans
6,46,16,27.847415128270224,60.77813369385976,5.117210062180103,34.370826746921566,mothbeans
8,40,17,30.030291710089852,41.167222745433264,7.60875151084605,51.16746567256275,mothbeans
2,55,22,26.697030345610663,59.96116257651558,7.41605935116832,36.77120774291129,mothbeans
7,45,17,29.30657742868759,44.7670982441461,7.1414585088871885,51.25645249611014,mothbeans
31,42,15,25.809958074323472,44.442814585266035,6.011822456402424,52.31595993067193,mothbeans
22,49,20,28.182637419894636,61.52063891129797,4.669066437554069,72.16867373233245,mothbeans
23,45,20,26.462074633147974,56.08401243755555,8.534239064877855,49.21516060445825,mothbeans
35,45,21,27.60642360748623,45.51279718634108,3.52495348392931,41.33251815446749,mothbeans
3,57,21,28.858647815934862,48.582663491374866,8.488560794816218,41.89985976705296,mothbeans
4,46,19,26.384371881157733,64.44319414588861,4.810119110797664,72.29702293327581,mothbeans
21,43,23,25.56269552485303,53.26339298050498,4.526760392699971,46.1706835931411,mothbeans
37,56,23,27.270629693233133,45.22392254362396,7.730806763084036,68.39511632511935,mothbeans
25,56,23,27.659879376863262,58.43766406005603,7.023357748955202,36.741635635436495,mothbeans
6,46,16,28.022012618120236,62.46945241673506,4.245046890987744,33.37760235328824,mothbeans
23,51,20,26.571394384360275,61.53000402509825,9.066206498450937,67.25821598163915,mothbeans
40,45,19,29.648179908175358,57.05863710408392,6.464560802780547,36.44309025206867,mothbeans
19,52,15,27.807787803848942,59.82591599334907,8.491758654892768,70.94335555805142,mothbeans
39,37,21,29.544773152173626,59.52661151765285,8.369566381297425,33.45948449831672,mothbeans
22,57,19,24.526536778674107,58.175565266510674,5.519989477521377,59.62145594675563,mothbeans
22,53,20,28.310088142337527,59.03788176730434,8.651702125277358,66.91789159770254,mothbeans
29,41,19,30.60377836038811,62.39604327870779,8.506117392991625,65.8080652496836,mothbeans
13,58,17,30.52848473445906,59.978073483977326,4.7857224533901634,33.598928321361925,mothbeans
35,51,17,28.933533410085612,49.05790097395262,3.8604221134468824,41.457220984784165,mothbeans
21,38,20,27.085933560723298,58.58366726971449,6.499274323236879,61.55830630626615,mothbeans
3,57,20,26.04185372644256,48.42810314870743,9.052451718928893,54.773307171774285,mothbeans
16,57,20,28.831871822679084,46.324873284070385,4.0266089767980775,65.99582045158846,mothbeans
35,56,25,26.84790469747772,42.83313545987379,8.256423870236965,70.45192212471818,mothbeans
28,40,20,31.20700802696195,62.89616449248207,8.668701601443189,64.41341975158997,mothbeans
35,48,18,27.470297423604254,50.381023938844514,3.905117682323115,39.99857030016359,mothbeans
9,46,19,30.93689943815917,42.16591887629177,7.841749304474237,56.61110719893293,mothbeans
19,40,22,29.621468601287877,45.326195366406004,6.353354844328101,38.62166742530521,mothbeans
25,51,21,28.334926457057225,53.58323482971652,8.51876841707288,53.06746798597803,mothbeans
34,47,17,26.529409905800684,47.63202356412161,8.099345633011042,61.124420652868075,mothbeans
29,41,15,25.07810440948588,44.43009192913867,5.839613458190496,52.12156178978521,mothbeans
32,47,22,31.6576025882454,48.662206342917266,5.164538878723471,70.40061546083426,mothbeans
36,56,20,31.118282858719493,44.30329031527406,6.984913106224856,70.48238054798138,mothbeans
3,57,20,25.702398424140426,47.6291253362881,9.106449417890818,55.18832937653993,mothbeans
14,55,21,28.51265530232733,48.8151936052762,5.024452752481663,64.51912682451425,mothbeans
27,58,20,27.77097226446637,52.33917415704283,4.676710998326592,35.6321785280596,mothbeans
2,51,17,25.986770866383896,46.28003886883996,5.805779911694993,39.44770852845308,mothbeans
25,57,22,27.765165121649158,56.7343841327095,6.172379222765596,36.652773847828946,mothbeans
19,49,22,30.97777843867168,46.41615454440078,9.326803476746617,38.37210149700616,mothbeans
36,55,24,28.785889293988856,59.034406407770845,8.132522125278014,37.174693807849636,mothbeans
22,54,24,28.51542822589527,57.38121967340314,8.673340009117107,64.53970707216536,mothbeans
27,46,16,26.70961248300589,55.63293759346798,8.454555642867097,41.854719094400615,mothbeans
30,41,21,31.401327791919186,52.0312709951551,5.975970105964598,71.6794820017542,mothbeans
13,41,20,27.968087814050318,43.22937003717182,5.258721135472838,43.070552773342705,mothbeans
23,54,21,27.320211024696118,51.460153653977784,5.130789026344727,34.67084108951602,mothbeans
22,37,20,27.706443309261346,49.166961308919184,7.925635774307264,64.65238214116759,mothbeans
35,55,19,25.50395451017872,49.76107527479857,7.3682657722871925,31.907091428281692,mothbeans
0,54,24,28.058027611894705,43.78400093359024,4.591011215544407,45.41307583182005,mothbeans
21,37,20,27.498176681709698,62.96266840098577,5.797001415936485,62.26458305847172,mothbeans
33,53,15,29.162585335959562,61.26100881050414,9.799664078942799,64.68202313128903,mothbeans
26,43,22,31.67746497320362,56.819979022454454,5.856216550246827,44.950727495389444,mothbeans
19,36,21,25.788170003996143,58.5318848594969,6.141882315485924,57.427664062084645,mothbeans
20,47,19,28.934750751237402,49.3994973857028,4.744713722871806,33.779812333630346,mothbeans
27,35,21,29.54739500144677,45.11746318788643,8.363208688731843,70.12228047929779,mothbeans
12,41,23,27.903310548240537,62.53750217303366,6.253028334216468,48.87760735316065,mothbeans
11,53,16,29.599076939881606,60.35728483816577,4.607876183528134,33.62437886791646,mothbeans
31,47,18,26.739690320263353,56.76398831335245,6.15489719803878,64.18447938187053,mothbeans
10,52,23,28.662712324529902,56.14232687267314,7.17708545367484,61.46552535930362,mothbeans
26,51,19,27.4097393551499,51.79408229649478,5.791759368983397,33.0177358365141,mothbeans
6,41,19,29.01633217308406,61.73584337713373,8.601841989076798,72.06795290501049,mothbeans
30,42,15,24.839226846614192,44.98784783509096,6.429782564205436,54.4373865163618,mothbeans
25,51,22,28.446288830151477,53.33567326823508,8.33066371886608,53.62396488107835,mothbeans
26,58,21,27.85806771221895,55.16518627882746,5.497251217653917,36.409020694921146,mothbeans
32,43,21,31.28711010301919,54.4025923025961,5.363624886367298,70.66741541272647,mothbeans
8,51,16,30.947407862406457,42.24409732494969,6.934086617975637,54.688810320548896,mothbeans
22,54,24,28.018487492492863,58.08876008659943,8.792056211383542,64.62884195623506,mothbeans
8,40,17,29.584004533600833,41.258274513504674,7.2601616060867045,50.17823123180837,mothbeans
39,40,20,29.34875015259247,61.11879952195822,8.238373600673855,39.60819779382591,mothbeans
23,39,20,28.63467881647673,63.31742005234893,6.866150737015394,63.02713237713684,mothbeans
15,53,16,27.52164686163664,56.576465612643744,7.153450277456338,73.28631410577148,mothbeans
8,53,22,28.434971694584306,55.15158253809963,7.754265594361453,58.81068056326867,mothbeans
34,54,23,31.18804493657195,42.25919338638266,5.525627928358025,69.23015115964897,mothbeans
25,43,23,29.33555017611106,55.4834774986046,5.365393355021613,45.41496369083144,mothbeans
36,57,20,30.944577514846358,44.72099935155633,7.392708961248848,70.81211505208887,mothbeans
21,42,22,25.360086291268097,54.79130308512674,6.548690619218743,59.66359868109912,mothbeans
17,55,25,29.673632011588577,45.15354682712206,5.469412584537155,36.50674513393379,mothbeans
30,57,16,29.836020717960228,60.05377048922128,9.029335774236086,60.20092420687608,mothbeans
4,51,19,27.209210821473107,60.25012937291473,6.417515538829858,35.73249955859996,mothbeans
21,42,22,25.19947281392386,58.634032502407656,5.955257944788239,60.0165657564108,mothbeans
30,51,15,28.448879433087605,61.21616498376537,9.493810056889153,67.18447699380452,mothbeans
12,56,17,28.543885687756557,55.77189115165295,7.58775407817006,71.05130556695123,mothbeans
39,40,19,29.89433944490249,57.8332213017911,7.151548495086443,32.46441134123995,mothbeans
25,39,21,26.187079864903396,60.066188813922096,8.330894049159737,34.00580438816003,mothbeans
9,44,16,26.951853030406856,57.469812061680685,6.830178043141652,34.664818013614884,mothbeans
19,45,15,29.94195470666414,54.77104756096436,4.862435375707937,45.400198016785446,mothbeans
39,54,17,30.320535557394578,40.95506207760436,6.976601577296755,47.67589212275637,mothbeans
5,59,19,28.76926987253487,46.35631794396324,6.045386076503108,54.15899991440297,mothbeans
26,42,22,31.50470671500964,56.857838665763595,5.940572242489915,45.05744626621397,mothbeans
6,54,21,29.27116132488328,62.218055388262165,5.8882238225107075,34.15625823293839,mothbeans
37,56,22,28.830959563667744,45.05964731597701,7.577413597945194,69.37459255451009,mothbeans
1,56,23,26.96093088714462,45.03040288301534,6.5247359758113905,50.020370411852696,mothbeans
25,51,20,28.7153542499239,52.608711342592834,7.539448302701207,51.406028227263995,mothbeans
10,57,18,29.494693705480945,59.91930635396307,5.395834314845838,34.409460268317545,mothbeans
19,36,21,26.101569815162193,58.51191083931093,6.120687262052039,57.77606854338803,mothbeans
16,44,23,24.509482443571706,59.380411608243804,6.549009704436835,46.06373617396651,mothbeans
36,43,22,26.26821579315926,46.87398965622174,3.9322720637849238,40.25785861111491,mothbeans
39,46,20,29.28164608082237,57.91185669994042,7.080565683677243,38.15477368912643,mothbeans
39,43,20,29.361758173565228,59.694962779891284,7.540046021190084,39.73948242619209,mothbeans
24,57,23,27.575384436885976,56.8530534297964,6.3538552119922205,36.83786366720237,mothbeans
33,56,20,26.243818879846714,50.60752215954514,6.464005045621684,33.198927436708715,mothbeans
40,50,17,30.855809567607842,44.51396627016314,6.79878123957343,52.1077411712872,mothbeans
12,46,20,28.248573993753052,45.284067727909,3.755925631452926,44.05947315923134,mothbeans
24,43,20,31.037849155157257,56.00957413819821,5.40350456856459,45.1295930214322,mothbeans
25,57,17,27.54074580542405,60.031574002854285,7.47304583840193,60.619824678664685,mothbeans
25,51,21,28.268048668823894,53.73190595824443,8.631733198828407,52.73326819776476,mothbeans
23,35,20,27.38208507483376,46.14191331911519,6.418698198469796,35.81099283884528,mothbeans
38,50,18,30.982475623405726,47.89684050403652,7.266965719670061,54.14866550433835,mothbeans
16,57,24,31.118036185305787,44.22667752412372,6.163278476852194,32.77198190581365,mothbeans
7,40,17,30.979557939659724,40.97355289981326,8.350212708903054,53.27159704179263,mothbeans
34,51,15,28.60549037633129,60.95081138867559,9.771678840861192,65.61313977685484,mothbeans
27,56,16,30.0936401883935,61.54676859388977,9.297322458724953,63.12563227758818,mothbeans
35,55,22,31.17242704228503,42.71681292310521,5.852323496265207,69.51049238244501,mothbeans
25,51,24,28.722256581494218,52.722189507583636,7.864520360577544,55.00302310786447,mothbeans
9,47,18,30.91965274806814,41.90085363335447,7.782061819018762,56.09531760224278,mothbeans
21,43,20,27.60350091429069,53.8950570024041,4.573131066793686,45.828454972429114,mothbeans
35,56,18,29.735595848713682,54.9160686538879,8.461517134808606,56.28464897709139,mothbeans
31,42,22,31.857978690274866,53.53100906555956,5.473700693135742,71.32798909223469,mothbeans
4,35,19,28.938699248991195,54.26010412201647,9.602339185793934,66.9637732586292,mothbeans
30,58,21,28.268132566319323,55.27688762729784,5.988506455213983,36.375505205146396,mothbeans
20,44,20,28.28796686540542,47.51968331739859,5.7497464392010516,37.55987110351318,mothbeans
12,41,19,27.540334240280767,42.68351423848755,5.209757159568291,43.48239290392845,mothbeans
14,55,15,27.39881369580681,54.73538247685613,7.821269134027088,73.05650071685282,mothbeans
23,42,18,26.778104874304276,48.50548613257166,5.834745812813345,35.234944643386854,mothbeans
0,55,24,28.306801480063214,44.272677119617896,5.022270195779662,45.402621453844574,mothbeans
21,43,23,24.387921710972225,56.483014525538096,6.039738397475608,58.86087498412257,mothbeans
18,36,22,24.030112746544145,53.88856514387314,7.2395375474874575,35.03237781809693,mothbeans
8,51,19,27.041664437628945,49.28818868019822,5.491131598557209,48.28158509627701,mothbeans
25,56,23,27.635903648912006,58.212639265121524,6.920798147179781,36.69764704887067,mothbeans
23,43,23,27.076404161063635,54.176274873436164,4.8790841440236665,45.86488981229129,mothbeans
5,57,23,28.351552090911206,59.9594987615468,7.617799444143372,36.21760455289268,mothbeans
8,53,18,28.271736676131965,48.35315915257882,4.995977556392698,49.68422233466931,mothbeans
21,43,23,24.34501047577078,56.39910941571606,6.034664089060446,58.934324990143715,mothbeans
32,46,19,28.186080356487516,55.686442427806895,5.768032849277903,66.49053065858512,mothbeans
22,54,23,28.51370518500938,58.00019160438311,7.853796310527569,65.85680156537333,mothbeans
28,54,17,27.76359471275864,55.17611053771913,7.996188311250325,32.70157104896945,mothbeans
20,47,22,30.63859820064575,46.071324186749486,9.178340221977852,37.612122705509776,mothbeans
4,46,17,28.868120456829143,63.491280403129636,3.7980893698495106,67.35984180431048,mothbeans
40,45,18,30.20091460950696,55.75966017371309,5.621239235056986,32.57230165791596,mothbeans
36,38,18,25.92035928186567,61.97853828183098,7.412148927348375,34.535061356522284,mothbeans
35,51,17,28.4331563839297,49.822957335086265,3.9780742234822926,39.884454144559975,mothbeans
39,44,20,28.753571738533857,56.76318691334039,6.53216713736559,38.364109812268865,mothbeans
35,54,15,28.65512798840481,59.0914897291355,9.092098797934126,61.23718606652376,mothbeans
25,51,19,28.00816672594663,54.309630532460126,9.070705654928554,51.43459351721144,mothbeans
12,58,21,30.519897719988712,52.16081310010012,5.236624698357983,65.05949159178239,mothbeans
25,50,23,25.63464842683871,60.94777546279141,8.927477671743754,64.95415747345518,mothbeans
17,43,21,29.67823033205377,46.25049947332608,5.5526626642259025,40.299870310447716,mothbeans
26,58,20,27.925433194111182,54.02733028404114,5.007702722565167,36.23227052565598,mothbeans
23,36,21,30.10073464029271,58.25703066357958,5.850225988178949,62.221913425560224,mothbeans
40,45,19,29.809457357569382,56.679620397430284,6.218495645058832,35.31366792684739,mothbeans
25,48,19,27.157024608443404,50.67298979850791,5.986731113118534,33.3238798202949,mothbeans
26,49,17,26.688558860758018,52.71542415909841,6.953317444320974,34.99241948800047,mothbeans
40,52,17,30.690643297345417,43.14533976270819,6.909494347805404,50.65803168227278,mothbeans
26,53,18,26.958419601671572,53.27598083865522,8.105383798872516,51.45921349740119,mothbeans
20,44,17,28.642858511616666,55.310677046905056,5.58806394455476,46.330668668055786,mothbeans
4,56,21,27.619253724911957,59.83411211613034,6.817749928696067,36.065567620808515,mothbeans
8,51,18,29.38358531661097,40.91770210911671,6.962617937982065,55.202579560208406,mothbeans
11,58,20,30.474442765920667,60.05195089566988,5.949677499746368,34.30845426668382,mothbeans
19,50,24,27.868231221421446,47.77999441092118,5.017403242804898,42.467029099307,mothbeans
22,37,20,29.150847250217257,55.825417253256255,6.4543007981142315,61.936741312783404,mothbeans
32,57,16,29.4126447238551,59.044961444860476,8.774166109032606,59.101882876886854,mothbeans
3,53,20,27.026939138727478,60.099330898115014,6.788883868357059,36.121394450236124,mothbeans
26,50,22,25.726066997006825,60.442511065966656,8.6013477708098,64.86606792217016,mothbeans
29,48,15,25.80594913864419,54.295259477116446,8.244833245541852,40.88988850315293,mothbeans
21,46,16,29.38672322879366,54.67010398385518,5.86250938298271,46.67668149769184,mothbeans
30,57,16,29.883198211723755,60.16618376503659,9.057769755983736,60.32339221690348,mothbeans
21,42,23,24.57952390710365,56.85765774503716,6.062395602089479,58.532914663394145,mothbeans
37,55,19,30.585192373964475,45.409033837266215,7.72390688613792,50.98185477238413,mothbeans
14,54,20,28.220503478842268,50.36244501582249,6.643211438887815,65.6818419742745,mothbeans
38,41,19,29.01649195439968,61.41337491789981,8.14351361432993,40.15556842883567,mothbeans
20,44,20,28.369105886324824,47.44561078586395,5.738244170081418,37.71978385264597,mothbeans
16,54,23,31.081262509383947,46.37557815953597,5.179928227870976,32.78729816404939,mothbeans
29,56,16,30.125496742125232,61.4963887629669,9.518725745734288,62.620219573687116,mothbeans
28,56,19,25.657651583867324,50.823355617368264,5.956244237567496,53.32380806441242,mothbeans
5,48,17,27.13035303384664,45.25135294031052,4.945866936292217,41.01167016825938,mothbeans
8,53,18,28.390706539634607,48.25883873240732,4.947996765296663,49.82306017250551,mothbeans
28,57,16,30.39670009621661,61.389742380984174,9.367258498311582,61.65639125781004,mothbeans
16,57,24,31.120728819590376,44.06933117840122,6.235281139838435,32.770860422007544,mothbeans
13,58,17,30.525225670994317,59.98252874680044,4.855916109705371,33.64171710475056,mothbeans
38,50,18,30.988428051942133,47.59617542845138,7.180012671416913,54.061541175919494,mothbeans
39,40,20,29.34790049824886,61.02499657253404,8.365402393731326,38.75870946984218,mothbeans
21,38,20,27.065061655745033,53.1502833259439,7.267786104982001,60.85574021012538,mothbeans
7,41,16,31.15794776307546,40.99911258456738,8.387381320697344,53.998145839227945,mothbeans
7,40,18,31.16473442513608,41.38036522962444,8.424180161645005,54.76080546279008,mothbeans
8,53,18,28.273094296641048,48.35208281834525,4.995430025243915,49.685806677884756,mothbeans
8,44,15,28.08837292079777,60.96106144724498,4.625557608983122,33.84637678244492,mothbeans
8,57,18,29.951942348398962,47.021076385422965,4.318347146590442,51.64502245488194,mothbeans
36,52,20,30.94005559409009,50.039532556952125,7.886637309748205,54.769557723879934,mothbeans
26,35,20,29.27055271135764,44.36034532404031,8.603541434696641,70.88545024276709,mothbeans
14,55,15,27.435043748789944,54.42360999451868,7.6895650757622045,72.83151572478013,mothbeans
8,59,18,31.04401596492301,46.155270211185695,3.877911606755039,52.91947243080199,mothbeans
2,49,18,27.838181190746933,64.42466936684187,3.9160578094299936,32.92423888590695,mothbeans
36,56,21,26.69373018740946,53.47352285134425,7.81663097884828,33.86734403505582,mothbeans
36,56,20,31.07801441004142,45.654058950207265,7.4910033672863365,69.16810965681107,mothbeans
36,46,16,28.94439190056021,45.31454090885076,6.418015956137672,53.06879237136707,mothbeans
24,36,20,29.337285799332363,44.78672866447596,8.9336586928779,72.33170216651321,mothbeans
25,54,16,29.59055178159538,61.50000931425128,9.141810203264848,64.77573712570673,mothbeans
32,46,19,28.608941927778424,55.511374490501275,5.712887107180396,67.06009760718104,mothbeans
30,48,19,26.23850223560885,57.61031536144116,6.773267838111044,64.3722930780868,mothbeans
22,44,19,27.71029369813654,48.047046273155026,5.831637398172786,36.42136458431364,mothbeans
22,44,18,30.57559537290446,55.423890181776045,5.076327191302472,45.25886009644051,mothbeans
34,55,18,26.02792182731481,50.960737667979046,7.62318795399789,31.91994267828041,mothbeans
36,56,22,26.884441750684836,54.04040647284514,7.873122092617495,34.164000121637166,mothbeans
39,48,17,30.82328251191935,45.9694010507064,6.749781997884775,53.90233336085346,mothbeans
33,57,16,29.135426044456377,58.38441215785073,8.60708578658816,58.38225117753128,mothbeans
37,56,22,28.896691761644956,45.052726874350505,7.570951586231959,69.41585506357578,mothbeans
21,44,20,28.130771940733496,47.66318795774189,5.772030394655887,37.25006366106231,mothbeans
8,50,17,29.653124413074046,40.99812281852155,7.088104780476578,55.175867968662274,mothbeans
29,41,20,31.113365373872835,62.655430147083976,8.714301814505395,65.09824632622393,mothbeans
9,59,23,31.7106546651959,57.183873686900995,6.457725111803473,64.27616422253942,mothbeans
30,35,22,30.319183674995923,47.396246475372514,7.735939578073726,67.8349473829127,mothbeans
31,53,22,30.513657113687433,51.3674181209377,7.092098962194259,54.44021740622432,mothbeans
23,49,22,27.091225668457607,61.606646161774385,6.090740478394325,69.48900839757565,mothbeans
17,36,22,24.034244657698192,54.253286244768404,7.347878137399011,35.61708767335412,mothbeans
26,50,19,27.375129865672378,51.74701833064117,5.872221207360734,32.84491233117336,mothbeans
21,42,21,26.08483026686796,56.676775084939734,7.485396774942027,48.094097981570535,mothbeans
1,56,23,26.91329173261081,45.083897415026655,6.603243442148212,50.186706023941895,mothbeans
20,38,20,26.795604770706113,53.331078423063445,7.1864078229335275,60.136348960497116,mothbeans
28,45,18,26.952616157263044,46.405198397846235,5.493085816768776,52.42991838122742,mothbeans
19,36,20,26.58879271375235,56.82290237494002,6.614042922435768,58.724551213213516,mothbeans
38,40,19,27.889908308757363,61.22181138711045,7.2096031541079615,38.38122446856061,mothbeans
19,50,22,30.998889308833693,46.38516371611467,9.363462330297224,38.234337442599944,mothbeans
8,51,18,29.172270074744194,40.85465329029235,6.864237840917156,55.22352111006995,mothbeans
22,42,20,26.147255154970686,50.06212131822553,6.2683404292482985,34.81561837019117,mothbeans
11,41,22,24.20889390354531,60.78872455245595,7.87079457776658,44.53781917635234,mothbeans
10,44,19,29.091753522528297,44.13104682164403,4.546631845461235,46.53521936027095,mothbeans
20,47,24,26.210260239235758,50.38628174467515,3.9555389176982727,44.875908972314235,mothbeans
17,58,24,30.887193274227577,44.076344411078026,6.323243752759433,33.004732155846,mothbeans
24,51,24,25.61705540842551,61.5079007100507,9.365744134024386,65.05958018320446,mothbeans
26,49,18,27.02923912867363,52.149090387438,6.440107931746057,33.6752723864557,mothbeans
16,56,19,28.49076982688558,45.338711879976245,3.8517730370371717,66.27556275883117,mothbeans
11,41,19,26.997849531414488,42.006030419657634,5.033530089916407,44.1366095832695,mothbeans
37,46,22,28.107825474344757,42.70956253843529,4.6219557182492,43.51563132791794,mothbeans
38,41,18,27.738378191048316,59.56177203966039,6.566243385159022,36.948927064003556,mothbeans
20,44,17,28.83996719634466,55.205412459604545,5.44186509805781,46.194787747541625,mothbeans
30,41,15,25.028480122316196,44.12588789819771,5.67889213679012,51.16554361163486,mothbeans
3,56,18,27.02189354974793,50.734828272156534,8.896555213584458,53.5750984960874,mothbeans
5,59,22,29.626589973150296,52.05965758754287,8.581346239027571,40.50541956498696,mothbeans
31,42,21,31.876537682506182,56.23120195342659,6.145025677377863,69.91200450798368,mothbeans
22,44,18,30.60648944901355,55.4630335385646,5.098193627408302,45.25022071476959,mothbeans
39,44,20,29.370388514384217,58.55384245783277,7.162354032853087,38.94222013841609,mothbeans
35,38,18,25.528576541116635,62.77287884516866,8.534822436551314,33.33109261713096,mothbeans
35,45,22,27.5227872254006,45.20925161781246,3.5225787810262537,41.36597435002669,mothbeans
34,42,21,26.47257908464307,43.79530938183624,4.162807838370212,44.43415567068274,mothbeans
24,57,18,25.477843512503206,58.94219822205388,6.108264913693952,59.74424227213569,mothbeans
9,50,18,27.51220298611687,48.35667463504901,5.755248102869872,49.08038741397828,mothbeans
35,54,19,26.235400019969738,49.707848900684986,6.49465880546925,34.056603712595134,mothbeans
33,47,17,25.156646182528906,48.163568880267924,8.530805103398723,63.43334323865981,mothbeans
27,39,21,31.246806925929864,61.60728363095041,8.049921856000102,64.07908188450827,mothbeans
20,49,21,30.905136813723242,46.48012973591546,9.330250284508429,38.23670505763684,mothbeans
35,53,18,27.099620126349006,49.75311280029403,5.505066405318741,36.34827971584427,mothbeans
4,40,17,29.921579464493757,57.776886714280536,6.738883374002814,65.12561391963239,mothbeans
18,41,22,29.845060373456974,45.61815363796313,5.918826390947363,39.858362911776524,mothbeans
3,52,20,27.097255758756365,60.15750580983855,6.645617699280379,35.971366898427554,mothbeans
27,51,19,26.968028908334958,51.301161927004344,6.268148329252956,32.43341520117534,mothbeans
35,37,19,25.4555143890262,63.09601791314687,9.111466284032243,32.75363347483274,mothbeans
3,58,22,29.23465604611056,48.53148444966943,8.525971334201397,42.735931332929596,mothbeans
3,56,23,27.431907171434357,59.867836033241495,7.58113298462214,36.59717756821639,mothbeans
35,54,15,28.6486664026495,58.784560408751595,8.96625630874194,60.5745687310932,mothbeans
14,55,15,30.245252931097525,58.440684264178195,6.555142140367644,39.4017638454455,mothbeans
21,41,22,25.46685273512034,54.635016967727374,6.601349921689036,59.731498911712144,mothbeans
24,51,23,29.30282205440276,49.31014977004732,4.629021163851322,50.98026927127498,mothbeans
7,53,20,27.871442854604187,49.20965854698739,6.725435942859395,46.156213695660945,mothbeans
36,57,20,30.319829392731908,44.321873031554176,7.546534597294509,70.86324295890155,mothbeans
18,51,25,27.223540618989144,47.789370495222975,3.809155443660193,42.80197086482638,mothbeans
7,43,20,27.132942662725494,64.15349668303143,5.720557880187772,71.53371023799428,mothbeans
3,56,17,28.143680189076907,53.37518365624934,8.718110815045998,52.203588429302286,mothbeans
20,47,24,26.264072419245448,50.19199438722155,3.916600038643504,44.78558089247285,mothbeans
39,43,20,29.35974635023953,59.960969943397124,7.628090000912718,39.92533266094989,mothbeans
5,53,17,27.68511745257526,51.644992373609924,7.2765186752150415,50.4068303372878,mothbeans
16,51,21,30.683162510283662,50.0952310629242,3.6084264824699765,33.14883835642645,mothbeans
35,55,22,29.480356172238785,50.64553600446037,8.428703338509624,58.779456223884935,mothbeans
30,53,23,29.927633306010865,52.62717042821585,8.253688700640728,55.38208414615097,mothbeans
2,52,20,27.343877281481753,62.491244995389465,5.43212770666503,34.590602060366656,mothbeans
17,43,21,29.77467405537323,46.16245514328672,5.538990800208443,40.48994631528312,mothbeans
22,53,21,28.38858388077957,58.51090321428384,8.654464783739298,66.19123477011591,mothbeans
6,54,19,26.24269568131994,48.13530759518338,7.23918600166189,51.75510351499066,mothbeans
22,36,17,30.5791585848711,53.025678107574386,7.468846446841287,64.02999575279124,mothbeans
30,42,19,29.081802419114,63.48480236705106,8.720378601992772,32.01090030870934,mothbeans
8,36,20,28.958770485382637,57.837173635557505,8.99233548000412,68.24653627829677,mothbeans
22,44,19,27.36428577430124,48.36291997435465,5.880687487912376,35.73943525246737,mothbeans
25,52,19,27.31890469558329,51.57896792691596,5.627770683185043,33.4707218070211,mothbeans
25,51,18,27.63437840501177,54.55051525749931,9.222208464136878,50.49025585470089,mothbeans
17,57,25,30.930653293614714,43.801235457644616,6.321208793454903,33.27697470871918,mothbeans
35,47,19,28.152657450721332,47.49527010494023,3.5404628001016647,41.114013888445875,mothbeans
22,53,21,28.35880424707192,58.71082780372286,8.653416689171507,66.4669131010188,mothbeans
35,45,20,25.893636354919302,51.020339332948026,4.315946617545933,38.98212802323341,mothbeans
5,58,19,27.822510571957064,46.486949777201765,6.9108678232946374,54.56078626295016,mothbeans
21,47,16,29.201307661592043,54.687531140717624,6.277083419349241,47.09249127850592,mothbeans
20,39,22,24.92050940481312,57.52439282033213,6.102717573068699,57.94925896711062,mothbeans
35,45,16,28.17397860628021,45.100279072138186,6.318177551630063,52.88375349263178,mothbeans
32,49,16,27.288655398387526,52.08947267547206,5.923690558373764,40.87277899368832,mothbeans
9,44,15,27.393059594661683,58.82514438748079,5.97432587947516,34.34709225562152,mothbeans
36,55,24,27.395006836701988,44.22835944114607,7.017972109258205,67.84803033729763,mothbeans
27,48,15,25.549597236314874,54.60879014854613,8.669078511723905,39.39590317546084,mothbeans
22,38,17,30.849601809604017,51.083451465311136,8.427367187027187,67.57739696688344,mothbeans
8,54,18,28.76188861296374,47.96456211406226,4.798298270277357,50.25622967432164,mothbeans
9,58,23,30.411264851157934,60.13831749083727,7.310402408464404,35.137927561381616,mothbeans
30,42,21,31.754332096226765,58.345272571741674,7.015437793850627,68.20491788057265,mothbeans
16,50,21,31.01902627377411,49.88129891852771,3.6899821087602955,32.960939578607665,mothbeans
7,39,20,25.06172368254525,58.12018953052756,8.529855518661542,39.404572714877474,mothbeans
22,39,23,29.2749687742478,44.71810380630007,8.308645533667871,34.933729070246585,mothbeans
7,52,19,26.74458529904296,48.88064982301551,6.144899985780835,49.56247851716656,mothbeans
27,41,20,28.121780725051767,61.82108425922946,8.476069528170516,32.91458927262609,mothbeans
6,52,18,27.445891251706154,50.778998535229384,6.609681725287907,49.602135962338636,mothbeans
35,52,15,28.695730929922966,61.02015456740866,9.882860605122058,65.40090282866528,mothbeans
18,54,25,28.756200019628405,46.14052591108023,4.847732503328087,38.863980255683366,mothbeans
24,47,24,26.690495429102555,54.35096464591503,6.972133983837262,56.975618412068734,mothbeans
39,42,19,28.28527766822297,58.93908871120119,6.670468193089781,37.4142540870645,mothbeans
21,43,23,25.902724274541868,53.36863766904874,4.534486441649038,46.113663178254555,mothbeans
23,43,19,27.105692404606277,48.2324761235757,6.214969566626617,34.64165711509311,mothbeans
26,51,24,29.16875468493509,51.629337185906515,6.848219603017316,54.461205339052206,mothbeans
21,38,23,29.19095467587148,44.76404542534829,7.190015998516646,36.240476815022575,mothbeans
11,47,20,28.515099038044973,87.53056655458461,6.475750926556991,46.231762003744514,mungbean
19,39,18,28.77128321362565,81.94369381317121,6.9684628493056975,45.4978591920202,mungbean
4,40,20,28.143150816068026,83.7845203665313,6.649438957267693,37.465096305133066,mungbean
16,57,19,28.384725078946367,85.42924211958169,6.463518755164538,39.393499509532326,mungbean
31,53,15,28.712515416339453,85.80141272170253,6.464109078983319,48.59985374041879,mungbean
21,38,21,29.508987519970713,84.24303741873405,6.74987120569853,39.7580811174905,mungbean
20,39,15,29.317791234648688,87.0100317929908,7.175405583243443,45.35085637708053,mungbean
23,57,17,29.58110066919197,85.9934123974079,6.793977164849182,44.4588657732426,mungbean
10,47,21,28.14095769674254,87.31403904122901,6.439145514305557,47.8786298164833,mungbean
33,57,16,28.190870729426443,86.75129498846866,6.707882303412294,57.439315717171986,mungbean
29,44,16,28.835248502748524,86.36634933672354,6.539931089963353,45.5218065277491,mungbean
8,53,22,29.029067612963253,83.5857740517033,6.386748921049006,56.07462125018896,mungbean
32,47,18,28.083446489351655,86.18194275590746,6.581538741414214,53.46909242997668,mungbean
21,46,16,27.904001528324404,87.73190457159922,6.9650848025819405,49.679805647815115,mungbean
29,57,16,27.636524425881998,85.50552403502543,6.945539638063143,51.52925690154031,mungbean
21,39,20,28.600552256013604,82.0619758381543,6.982779689795347,44.816141784962504,mungbean
30,48,17,28.882345529065464,86.98716553661605,6.591078005146892,53.878834650979414,mungbean
34,52,22,28.549242665004037,88.57386013139696,6.614337232054814,57.1290006285799,mungbean
34,35,20,28.46969960904799,82.57457002244891,6.686318271109208,58.34521644900642,mungbean
12,58,24,27.881845086423144,87.20395715467934,6.936901098732795,50.744699361427614,mungbean
19,58,25,27.992252897714643,87.84733899233835,6.51062205504708,54.51260100870503,mungbean
32,45,17,28.17130102838817,84.54086314279351,6.523915242237849,52.3582854027087,mungbean
9,47,22,27.73170891025698,87.99592235636992,6.4215743388623805,51.83143649134689,mungbean
28,35,22,29.579400204493535,85.83851615858909,7.1516010529734535,59.18279343255669,mungbean
23,45,22,28.698631704451664,85.95441866211414,6.818445304812085,55.302732272973955,mungbean
5,44,18,28.65529584608092,82.03742706316866,6.681675380031604,38.80892416399434,mungbean
35,55,25,29.839968182880252,85.46215044752788,6.631903789060663,41.040698904278564,mungbean
36,48,15,27.467543075568603,87.14360083993357,6.95371738936461,53.87494197673229,mungbean
35,42,21,27.865160921753866,86.92370983559356,6.403622862915963,58.43782300149106,mungbean
36,42,21,27.833221093872076,87.14838485936409,6.392235609033265,58.380522062115794,mungbean
24,39,21,28.449111405676174,81.53401491336048,6.5383577116157365,43.16496957929269,mungbean
28,37,24,28.16075296808361,88.87460560911553,7.111476389539206,49.763241062465006,mungbean
19,54,19,27.658335836190957,87.96627709722048,7.126329174624673,53.984300184230065,mungbean
6,55,20,28.11569044094509,82.38830066162303,7.072103019929353,40.05565847668452,mungbean
22,54,19,28.62332038124222,83.81116761552583,6.69925559236103,41.18859760945062,mungbean
34,42,21,28.709059570751396,85.28975761164986,6.884131435484688,53.07073397599052,mungbean
32,48,16,28.088016819770107,87.16979968089889,6.767827851571724,54.351858580971054,mungbean
29,36,25,28.972089028205833,84.89176656249191,7.125896293784259,51.23113975706087,mungbean
23,41,22,28.22313481606626,82.3544446612677,6.440577835033508,44.06605274092019,mungbean
4,39,20,28.693134338195073,80.49682035346635,6.739735616902536,44.01672716470835,mungbean
18,52,17,28.09078243713333,85.59141169824747,6.464275297426382,43.53410380520157,mungbean
4,37,21,27.675219847005152,85.63563013534826,6.995415885484406,43.69671895053417,mungbean
10,39,22,28.438990188296657,89.30987193012658,6.905845043879231,57.99167559258386,mungbean
20,41,16,28.358059258180646,87.50450482025032,7.16504802944059,47.67624179839161,mungbean
20,55,20,28.376992026064517,84.48708930529806,6.592760215182117,40.351679279610806,mungbean
15,57,18,28.780532944742387,84.82363345757423,6.505972415545782,39.58648001908714,mungbean
21,37,19,27.930624751027036,86.74002844045003,6.698233431872121,40.16233767992603,mungbean
31,37,20,27.287365884264194,86.41474397545515,6.746287268074419,37.74418269020241,mungbean
10,58,21,28.698206862306616,86.7240671778273,7.118206260334414,37.169689597574916,mungbean
32,37,19,27.7831466839926,86.52296537134649,7.085044233917434,42.193538607423086,mungbean
32,35,21,28.80210072881973,84.01058746899068,6.839661382449731,58.74131697762388,mungbean
35,35,18,28.64324609827109,83.07546876964923,6.733647121372261,58.78171793781718,mungbean
29,36,20,29.32075487259483,85.42668965029198,7.04179433165141,59.87189719202828,mungbean
3,59,24,27.621184923623453,83.48817902054684,6.509805393468645,51.422007762044586,mungbean
10,47,21,28.237505901506914,87.3699145630941,6.448591641871232,47.45365103640341,mungbean
11,59,23,27.482661267627748,88.15491624486621,7.007297686669552,51.00349213073766,mungbean
4,43,19,27.982465659115302,83.5643703704466,6.8845557572377105,42.46359828927143,mungbean
30,46,16,29.128023248775353,85.76304000273669,6.550376344767131,52.95834502846401,mungbean
10,53,22,28.482125358267492,87.81441070366363,6.506980211560105,50.487597906617765,mungbean
22,56,17,29.63794666053483,86.24811026948649,6.812456750485892,44.51485516230281,mungbean
37,54,17,28.095950102064602,88.93588052878074,6.816039765632764,39.84842719774455,mungbean
4,37,21,27.91335219356801,84.67900524197104,6.939160495246726,43.92858986994555,mungbean
20,56,18,29.174767719006546,86.7793192167886,6.7115319255493295,42.61010411781692,mungbean
39,51,17,28.526546453157547,85.97676363634615,6.842273948026062,50.44624292035864,mungbean
31,57,15,27.11434063211667,84.98716095344244,7.119821823949752,51.55869607150365,mungbean
8,49,21,28.30971562549768,88.36500927250238,6.287392186911253,50.13037347932264,mungbean
36,54,20,27.52725013419149,85.14755200426939,6.615473184840934,55.43677085991921,mungbean
4,59,24,27.660441902159047,82.40803033953259,6.284303908570373,54.37240842759899,mungbean
35,48,20,28.241900926755644,86.65347109865127,6.55358878127004,54.289770927081676,mungbean
8,35,19,27.449127489720738,80.94806307817478,6.906035891699198,40.41054948630709,mungbean
29,36,24,29.850369842235473,80.89190461078856,7.124174433145457,55.3715789749784,mungbean
39,50,16,28.617983409948202,86.1586572408796,6.863948708014087,50.15403174332787,mungbean
4,43,20,28.272072931764917,86.23702262980486,6.554860130891985,40.691556064579004,mungbean
20,36,23,28.051352257612606,82.91346265212857,6.875209905723451,46.00875388992397,mungbean
18,39,15,29.044949234899654,86.73062894890937,6.996760293343758,46.321153115986846,mungbean
38,38,17,28.613221030373836,84.89750864427424,6.680029437670429,59.3617891279245,mungbean
26,54,16,28.324595646725072,88.33853350156316,6.404215928212409,49.80545895852398,mungbean
33,58,22,28.54075317926548,83.34694608765841,6.931572605680034,56.515641203233095,mungbean
30,44,16,29.34092888300882,83.30342846130561,6.462704031886739,51.27543758902951,mungbean
4,44,18,27.95276055838218,83.79138797219521,6.934422981326259,43.2563864721242,mungbean
33,56,23,28.305315563276608,83.82955000400405,7.001112348548798,55.61586644277639,mungbean
10,59,15,29.733567138839472,89.27313790250044,6.35153865775721,58.56516991002876,mungbean
19,53,21,28.075536302012026,81.4177327659169,6.803434323449327,42.279382144708975,mungbean
26,45,16,29.40232942130294,82.68060923447649,6.6652028497506395,48.11117638230093,mungbean
20,37,21,27.80666870058667,82.61693708205776,7.005503396247924,47.52869443523134,mungbean
32,54,21,27.775710595375102,88.6355241551419,6.673113990541393,57.90683778046912,mungbean
38,52,17,28.213860534034772,85.63878431646827,6.799604987838143,51.44936424925383,mungbean
22,58,24,27.81260737259796,88.69882806313946,6.350809426691309,56.620417267465065,mungbean
38,50,19,29.114518744359458,87.20288768127094,6.709644882170394,52.760666452165935,mungbean
27,39,23,28.1072637149875,89.48072499353545,7.077799414382327,53.956215541527015,mungbean
30,53,16,28.704184164590725,86.42716835582702,6.41713112915892,48.72942972030728,mungbean
10,42,23,28.094894308162164,89.52723708972547,6.710381850648516,57.35000045492653,mungbean
30,41,20,29.50542149871076,85.17834901809019,6.388597694624443,52.62175257679498,mungbean
9,38,21,28.857175894225445,88.45718215417038,6.973982671211297,58.192946706827435,mungbean
36,43,21,27.898040815718517,86.86049061141448,6.48951499838415,57.650072352565786,mungbean
33,36,19,27.92991558567647,86.50345389353114,7.164095113774274,43.25834402373898,mungbean
2,41,15,28.584898417583712,83.79058929008077,6.456552010403273,52.12887141380118,mungbean
0,48,18,29.662184654490588,87.62158447998695,6.978809326774615,41.7567531744312,mungbean
29,37,23,28.73330177653577,87.53057959413738,6.825274381133691,50.47644383253271,mungbean
9,60,23,27.74369147120459,86.0129790449591,6.757564075359489,53.244789720336314,mungbean
31,37,20,27.415229806449783,86.44265472179839,6.833654092977897,38.89169001417935,mungbean
4,44,18,28.25877122866401,82.7125967940035,6.870136688433466,42.481655002397716,mungbean
21,44,18,27.383837467832187,86.86099943794864,7.101712382268228,51.510231391582636,mungbean
20,41,19,29.094843126595663,89.27818993214231,7.077533691100999,50.887680745490904,mungbean
36,55,15,29.154852856367025,86.84130032132586,6.752938184663524,45.46353112915923,mungbean
14,57,16,29.31211269373743,84.0102860525354,6.562988730984578,39.84565761431703,mungbean
21,51,15,29.31731253714549,89.17521485360047,6.655469500628871,48.370734879373444,mungbean
22,55,17,29.76718467175199,87.0147857883117,6.873741742016365,44.43514041736775,mungbean
7,54,22,28.889876539636838,83.43332122595788,6.388759510580934,56.07006612358298,mungbean
36,43,21,28.234583749417876,85.41265350679811,6.960464091474976,54.23527861964092,mungbean
20,39,15,29.39063612995629,87.92660533798517,7.143756947372764,44.50177388373442,mungbean
36,37,15,28.479516358953692,86.90157155600852,6.412293427475156,58.33349969202159,mungbean
12,57,25,28.29877388322085,85.98145566395164,6.8326519071130845,50.83797114834176,mungbean
8,59,21,28.837837717451457,85.12739251571787,6.371001777381722,57.06891583508374,mungbean
34,47,17,27.214386295625257,86.41626509331742,6.7683819471455955,54.063262921830955,mungbean
4,40,20,28.574378956951993,81.60362047271882,6.698947854461362,41.95099178565321,mungbean
16,38,15,28.664198829336904,85.7617727701444,6.8506599596663085,47.2410457390087,mungbean
29,36,24,29.79385851784595,81.92353151975216,7.12989431609221,56.16641627972231,mungbean
24,39,20,27.7282425988288,81.39453300444939,6.26592756738617,43.94131141223195,mungbean
4,36,19,27.816177021526983,83.62351178464728,6.9033617384164785,41.346072327458906,mungbean
1,47,16,29.785683400373465,85.92995396549901,6.374704941258462,58.512676333312996,mungbean
36,43,21,28.298743560515643,85.13663239379649,7.050247598492136,53.584269494493114,mungbean
20,41,16,28.717161369631185,87.67310247482544,7.175227218319322,46.8986125280437,mungbean
4,44,20,28.34311233893465,87.62344230819818,6.501889297258029,42.536923418871936,mungbean
23,44,23,28.688378824710657,87.00251129156878,6.99065282117451,55.81576926027839,mungbean
1,47,18,29.272332172128582,87.95899803644213,6.833463515180024,42.20681914749032,mungbean
7,49,21,28.629259108610523,89.02259313363996,6.230640027746182,50.45782688432935,mungbean
35,55,19,27.354322128729123,83.87418424154953,6.614030012315248,55.509323984625794,mungbean
40,57,15,29.450374959583137,87.58338231395082,6.976378747106975,43.27186096012135,mungbean
22,38,20,27.768817709686008,85.51529783809427,6.5636879760076425,40.38555863485337,mungbean
29,36,25,28.595247206379877,86.83783252154421,7.128300254924243,49.76966272310368,mungbean
33,53,20,27.65458538827305,89.06772387897948,6.723106907492664,39.91874496647416,mungbean
10,55,17,29.050411440511,81.87645447674385,6.843337428603961,39.41231162866947,mungbean
28,35,23,29.65677822188104,84.42596308605823,7.143769114740018,58.09446404988665,mungbean
34,45,20,28.13635702870828,82.95662862047276,6.3071416567383904,37.03252432565655,mungbean
24,47,21,28.455308026553986,83.65271986268829,6.304067817933758,52.7362358845311,mungbean
32,56,20,27.443293038684615,88.67243960626558,6.71199444284499,58.24259193421299,mungbean
4,38,21,28.48723352088279,81.93820333934792,6.800476928193247,44.17018162168771,mungbean
23,41,22,28.223484918054762,82.35549137000294,6.437799234182485,44.05407462279746,mungbean
33,59,15,28.881474702326457,82.1399255460902,6.529033569255295,56.59674038963963,mungbean
22,45,19,27.75217469661331,85.1981727887135,6.698992768695652,51.50890997415255,mungbean
20,53,20,28.2402207986907,82.1701524949917,6.764934032425139,41.85027065884804,mungbean
29,53,17,28.89036099907928,86.2270435765205,6.441493992168788,49.49172304182672,mungbean
31,36,21,28.064437719336535,87.27847023397884,7.162864121159594,45.43574077515471,mungbean
21,39,19,28.24072290191958,82.00235751017497,7.042428462024754,46.97617101953563,mungbean
8,49,20,28.686839898560947,88.84537776125944,6.227768078806389,50.811116506285714,mungbean
5,47,23,28.599977724388758,85.06524765884933,6.750416325412772,47.76183222256134,mungbean
32,47,17,28.311011518747215,86.39888574122162,6.585306271660211,53.562771512299626,mungbean
22,40,21,29.04113894017274,82.32130642168735,6.84615150682343,41.07369539463997,mungbean
29,40,22,28.902490853050004,87.39886241249212,6.590691446666526,53.19067446392554,mungbean
2,46,19,28.926369162771856,87.97835948997495,6.701708322941972,42.52807878825286,mungbean
9,57,23,29.56394719359642,89.55919536662836,7.148145141672856,44.03623282866226,mungbean
8,51,21,28.567055544529804,88.56578946594004,6.340538962995539,50.49426263507819,mungbean
12,57,24,28.12758831772684,86.6185332255097,6.8935639588543856,50.58538285516191,mungbean
34,47,20,27.78352463803305,85.3330604512853,6.441191468322324,37.1778237161601,mungbean
24,47,20,28.19226181421734,84.10215531915073,6.422265670703868,52.17988773679556,mungbean
22,44,17,28.041663261610893,84.50701245568423,6.967451415879884,50.536262896456336,mungbean
33,59,21,28.642646205508793,82.92247153586166,6.847970982581229,56.488517838817664,mungbean
21,39,20,28.449132356779835,82.08100973967868,7.010005531607564,45.46049815150324,mungbean
5,37,17,28.099583850494234,81.09041139579493,6.736503871209348,37.99525001255859,mungbean
23,40,22,28.613961306659547,82.21593962655297,6.592835419957629,43.26236433181081,mungbean
2,47,15,29.860652766755006,85.92467562058235,6.400524987268552,58.32360457353806,mungbean
33,53,23,29.1574558179983,86.87428702361359,6.634294446887853,43.35387536635393,mungbean
26,54,18,28.426417579431394,88.93999340447456,6.516011622636451,57.87451508867707,mungbean
14,58,20,28.253227344511004,86.28762758768849,6.67942958339384,38.44917819046746,mungbean
35,52,22,28.77905166104339,88.55554033840457,6.596875218017403,56.89791263368459,mungbean
9,59,18,29.33528550568688,87.22073907172492,6.347447995685076,57.97000315707772,mungbean
5,38,20,28.326454201169238,80.63545543409474,6.789676450079338,43.01690036114641,mungbean
33,56,23,28.294598865079127,83.85379519166483,7.003837701819833,55.57969486631937,mungbean
31,40,17,28.179789237207892,87.22843808177515,6.885662697047818,43.30306053309105,mungbean
2,38,17,27.700899030253176,87.7739599147311,6.576486352781676,46.755121624152984,mungbean
11,46,19,28.769334061160325,87.06059911878639,6.707011050028568,43.17777885535713,mungbean
4,44,18,27.95474649047398,83.64701880039019,6.927634513506502,43.25686767861155,mungbean
22,54,19,28.613121434136687,83.7826034470649,6.697699835243908,41.15965071544535,mungbean
12,58,24,27.897694225017563,87.16620040776641,6.934106082436416,50.734424289455994,mungbean
13,47,21,29.194339497331608,84.9631219605696,6.973995528613064,53.53257194793322,mungbean
16,51,20,28.42660033196443,86.15884031340589,7.078962535127796,54.02055273709992,mungbean
2,43,15,29.107875323413566,84.68714461571184,6.434105921215403,54.689392371849756,mungbean
32,43,18,29.140325064514524,83.74068514891127,6.743552560647191,51.784629940671564,mungbean
30,38,23,29.686718477126274,82.69600901963132,6.800059585090091,54.18485939984644,mungbean
32,50,24,28.10404162951364,86.35262038183237,7.017970186462613,53.82408655189832,mungbean
2,38,18,27.641875674980497,89.68402098077185,6.602938479812953,45.17504344887256,mungbean
28,56,18,28.68609799511493,86.57812750924175,6.594461626724641,51.53540499004387,mungbean
15,56,17,28.438776121262773,88.43392814017682,6.824025302978012,56.46736954150694,mungbean
33,59,15,28.694325781623736,82.02588760262752,6.5274683306098815,56.34962227263073,mungbean
7,36,18,27.792348943308827,80.62607770718175,6.82777904974067,39.19057639640039,mungbean
0,47,18,29.27150732376277,86.88402633931892,6.973846630296821,42.16666018924909,mungbean
4,42,20,28.216267979340753,85.14792170293748,6.596471329078767,39.2419291389858,mungbean
19,53,21,28.045422899205676,81.28014896878946,6.810474298645263,42.35784737539656,mungbean
12,48,21,29.09902722836597,85.82858343747002,6.807248181514908,52.7335051738646,mungbean
22,40,21,28.194408591330067,82.26856114346566,6.668564864872731,45.04886953263718,mungbean
20,43,21,29.441789343366924,89.75812148596935,6.983034790968354,53.08149882112415,mungbean
28,40,23,28.619185295080424,88.09158487418087,6.716666463094319,53.09881591829374,mungbean
5,59,25,27.915090471886916,82.26120740227898,6.293565024018856,55.17862113850043,mungbean
28,36,22,29.494218786581598,86.56296723377656,6.921118949927404,57.932498062117226,mungbean
23,53,17,28.802413482925484,88.95132183446326,6.497662660533865,57.36652416215032,mungbean
39,51,17,28.572818159579295,86.02677829613603,6.8485881613576876,50.297799601368624,mungbean
20,41,20,29.286175749407843,89.5084995678439,7.066064112824732,51.09200502008652,mungbean
4,41,19,28.11804195328268,83.7584071417355,6.689852623066811,38.335990290487565,mungbean
5,38,18,28.108092215720816,81.57451469705899,6.720686220157781,37.89748294089469,mungbean
30,40,22,29.341130479458744,86.3263260175912,6.395645382132008,53.33289828200788,mungbean
34,47,17,27.2472889535447,86.09561923714249,6.702277460383562,53.761522727009805,mungbean
28,57,20,28.871572131775665,85.6623694950605,6.70051860825744,44.26964508340532,mungbean
9,58,22,29.241719327727548,88.33602467257647,7.16033725195812,39.92839317333659,mungbean
9,57,24,29.75974625561358,89.42285332117346,7.139966272798379,43.6178196531894,mungbean
31,50,24,27.515552503761523,85.55899872945176,7.1391859727150635,53.03121103503349,mungbean
34,56,18,27.545850404115072,86.97842407875069,6.725240811393022,56.80382968728276,mungbean
7,46,20,28.245404613129065,85.06074845817736,6.9127138966652035,45.58608760300354,mungbean
34,53,19,27.44301141355765,89.38718062579073,6.71364411263191,38.969126455783105,mungbean
20,40,19,29.28923891848661,89.41150484566182,7.079851808232006,50.608280138058106,mungbean
11,57,25,28.165854309124942,85.27423355517735,6.724000628778059,51.38076190286637,mungbean
31,57,15,27.29541012361502,85.06405341666547,7.045599384677594,51.18802833017982,mungbean
3,43,18,27.927382205226767,83.96925371867212,6.901127396439402,43.41120248603053,mungbean
28,45,16,28.451546588542318,87.83729637411489,6.585462834913435,43.192467023524266,mungbean
4,43,19,27.954982644244733,83.53766398519916,6.9223631036224,43.259477439525675,mungbean
0,48,18,29.597775709980674,87.70490734011592,6.970980256979023,41.58036002992023,mungbean
23,39,22,28.985171638451828,82.07935407173844,6.749980293780752,42.5474044998166,mungbean
37,37,15,28.651380822098194,85.86850363460114,6.548196826470246,58.83518520847012,mungbean
8,59,25,28.282700091408962,83.77409157391891,6.53455716566274,54.409489467493906,mungbean
3,43,18,27.943228336431485,83.72775130333162,6.912523555666212,43.32713141835374,mungbean
10,59,23,28.13407815252025,88.8806301730761,7.0742266119898325,48.57012204490281,mungbean
27,55,19,29.134890686133513,86.90332152232375,6.424166135810896,51.05059715569431,mungbean
5,47,18,29.23122337532508,81.29958133039405,6.751863644184476,40.3863835278064,mungbean
4,44,20,28.32807335445406,87.32993839455875,6.513103179477535,42.14626065706299,mungbean
11,48,20,29.486242893470536,84.50300242295792,6.639049725161492,54.96068265935865,mungbean
32,37,19,27.77375652578111,86.52091564285793,7.07862812924728,42.10926717935484,mungbean
32,47,17,28.259211987731135,86.34950405491266,6.5844486869058665,53.54144779422557,mungbean
37,36,21,28.046697879578755,84.63828444823022,6.527294007506159,36.216714002666585,mungbean
8,35,20,27.617678596173047,80.90343057979823,6.886209751653859,41.08428177609311,mungbean
4,40,20,28.463582218536406,82.17334303310687,6.685724366819303,40.78303465660551,mungbean
27,40,23,28.20611341338623,89.10160448972375,6.900343541141171,52.96488214528286,mungbean
21,38,17,28.44219063359042,87.15578702053868,6.854338126464965,41.68281042655406,mungbean
24,47,21,28.59558613048763,84.38006834521893,6.354851771228856,52.884058666872065,mungbean
23,41,22,28.153261567786295,82.85381482834109,6.449311889335044,43.44369351692804,mungbean
4,44,20,28.2666972430492,86.94887264119707,6.590051426940246,43.10005005011582,mungbean
4,44,20,28.28661489564607,88.1870458970989,6.499379472627291,43.276031375574945,mungbean
31,37,20,27.519841068767967,86.46548976672193,6.905132846966209,39.83051769620802,mungbean
32,59,15,28.306811079719328,82.8254751386763,6.724729845636943,54.765244456037195,mungbean
32,37,19,27.7261499031775,86.51052384237946,7.046099489501514,41.68202431699247,mungbean
20,53,20,28.2255426231499,82.1030900265356,6.7683655274439305,41.88851696522824,mungbean
25,41,23,28.194163618563515,88.74697622373994,7.032824050683349,54.08536841294662,mungbean
8,48,21,28.341183123909847,89.31879919857215,6.2898004162363454,52.27642616474975,mungbean
35,50,23,29.1264100356456,87.76067288220787,6.696196483585512,55.27292452917926,mungbean
14,55,15,29.217781645548865,84.23895659848586,6.538077548207157,41.614381652812824,mungbean
23,52,15,29.009732484359585,89.08805463022429,6.5025057497672,48.817779063056655,mungbean
5,46,18,28.85597041124721,81.10400602629369,6.7677171354782,40.94979629614417,mungbean
34,56,18,27.53911188626595,86.94498440176271,6.724108239109957,56.78470473195326,mungbean
11,48,21,28.61381523512154,85.78600504136472,6.739133025874208,51.750679489575,mungbean
26,38,22,27.876227798904868,83.03001638522902,6.477200791553429,45.313217038338465,mungbean
23,47,21,28.705990352386785,85.00409130400412,6.415958551835385,53.11494833986841,mungbean
30,47,16,29.03130085379783,86.2242974386073,6.567731994735846,53.28656955161647,mungbean
21,40,21,28.906587171207754,89.61760980526039,7.070483686844283,51.41617947966509,mungbean
14,58,20,28.239490877888407,86.26031828471636,6.661041839948043,38.50720783915351,mungbean
34,39,18,28.643785550275446,81.84955618327032,6.700109423103198,59.47080683755677,mungbean
23,56,19,28.76353732608646,83.65759218909366,6.664532926405379,42.189269120455435,mungbean
5,59,23,27.405621512548098,87.8098448895982,7.112079459254887,47.278128848221165,mungbean
22,38,21,29.12146336715394,82.35370585529265,6.843361504404233,41.79576622070661,mungbean
7,46,20,28.263287934490144,85.04032311398338,6.907133199494189,45.718635508994325,mungbean
21,53,18,28.290750281104465,88.52295077768345,6.75464497083242,56.382584171567956,mungbean
4,36,21,27.844048790552893,85.00999161459072,6.955908283825337,43.899414621093214,mungbean
23,44,23,28.755844248692576,86.76437400884933,6.984896017573032,56.051986651754504,mungbean
17,46,21,29.4366029880199,87.68824652331715,6.943061552998683,54.2823783030189,mungbean
28,42,23,29.728004945411406,80.24905031645513,6.6928011111013115,56.12813342202896,mungbean
9,48,21,27.834788853436542,87.00001906653719,6.428459602346359,49.67843798408364,mungbean
24,44,17,29.75256459531455,80.29534753454521,6.636336095321201,50.80728591886746,mungbean
35,40,17,28.729219686638412,81.76971842006544,6.714450817954387,59.86857871241135,mungbean
28,36,22,29.49964236733587,86.58854102124411,6.956435358226802,58.22346970182776,mungbean
23,46,20,28.021115616418193,84.52838734261542,6.529882523719546,51.91895009901754,mungbean
37,49,24,29.81997345590252,85.8740685356136,6.449038766927745,42.041402607508275,mungbean
39,50,16,28.402783687671636,86.34289938072844,6.880740709057917,50.85005988569692,mungbean
38,50,17,28.36879223278551,85.97586114359449,6.797336285080474,50.69544906775043,mungbean
28,42,23,29.72120832290647,80.253386639571,6.675018070286111,56.18358149629525,mungbean
8,45,18,27.935716310136947,85.4310781410422,7.009085733166468,43.25048797267955,mungbean
29,39,24,29.818226253697627,80.19148808692375,6.928860890276931,55.39209168973842,mungbean
17,38,16,28.77428976815936,82.63654170274046,6.771513001972519,46.18874469595316,mungbean
21,53,20,28.378129775249814,82.80023873184041,6.732693379300799,41.490927022753944,mungbean
20,40,19,29.29852743730799,89.36780345251732,7.083764107072515,50.4263522298602,mungbean
29,37,24,29.881335432896922,80.15122370672788,7.093983068049819,54.87723560458923,mungbean
19,55,20,27.456032724640025,87.85865494605946,7.135276221921385,54.84678066517521,mungbean
32,45,19,28.28639563085369,84.70003565922384,6.404159288206723,39.421446556412846,mungbean
2,47,15,29.64464373950041,86.1096201632004,6.4016126923962995,57.46319163636356,mungbean
27,36,22,28.963073428799536,87.82861672937675,7.125165116214488,57.51395274702341,mungbean
29,38,24,29.85038507664082,80.17097038902203,7.013002927083076,55.12973420238699,mungbean
4,42,19,28.079823247172758,83.70370853544927,6.744739075814749,39.49955533710058,mungbean
17,46,21,29.4557075321522,87.97764178652035,6.938232547155503,54.36757997505891,mungbean
21,45,21,29.324847261738196,88.50197311499926,6.758484885847441,54.409171214444605,mungbean
22,38,20,27.786317602265086,85.39414707501051,6.558481574115111,40.52476499958264,mungbean
36,39,21,28.086765293492743,84.06360737284146,6.459442712217559,36.44137967730991,mungbean
34,46,22,28.637089779015742,83.45049615641665,6.320674358960696,38.149609619997825,mungbean
31,45,18,28.300985171678462,85.01165942731826,6.421540233466157,39.780192255597285,mungbean
28,35,22,29.542039528927408,86.52054367550608,7.155382572754814,59.70827498853131,mungbean
11,58,21,28.457216462644144,86.6931758835618,6.9524910389356,37.58742697115668,mungbean
2,43,15,29.129906832367467,84.724913906218,6.4331603322048565,54.797259736134954,mungbean
7,46,20,28.210758307043726,85.10031955979515,6.923525677008052,45.329295521196954,mungbean
14,55,15,29.335907260557043,84.04307514933326,6.553403562627623,41.346153556803166,mungbean
24,44,16,29.842435623300506,80.41546207606865,6.63654106140724,50.698202963405755,mungbean
1,48,23,29.370229084486713,85.50392395546729,6.243865563335987,58.8122034042206,mungbean
21,37,19,27.716809943316907,86.61197864434759,6.634292613833379,39.09419662726642,mungbean
21,39,18,28.636083268443823,81.52515349501807,6.622984376045815,44.34992207947232,mungbean
9,58,23,28.82199559333265,89.20709142089885,7.109789201504946,46.388844335570965,mungbean
13,48,21,29.196131590122004,85.1495105644372,6.9288209202543385,53.19522130826643,mungbean
33,59,15,28.919484565849796,81.80140585251131,6.546005971964946,56.50868444709098,mungbean
31,36,21,27.336721452083292,86.21680743166158,6.69404183436191,37.16535695990225,mungbean
32,43,18,29.11717953665202,83.77400300347453,6.755373115278865,51.81875210694857,mungbean
36,50,25,29.8930537249642,85.74097011157687,6.477832244769353,41.28992233830675,mungbean
23,38,20,27.689781584335122,83.34115302331716,6.395649966038403,42.1547235211231,mungbean
9,44,17,28.197014464288802,86.10168879176419,7.027699626373911,41.7384674996741,mungbean
23,40,22,28.760856750765395,82.16188995709454,6.655020828207856,42.97944025065296,mungbean
25,53,17,28.553403531411615,88.95883484504098,6.274775933510915,49.6099270072405,mungbean
15,55,15,29.125172657711236,84.39252517665524,6.526062146780752,41.82466908690871,mungbean
22,41,15,29.28870056482454,88.03455493412142,7.045207195702248,44.562849918188405,mungbean
28,54,21,28.552970921726892,86.50789268474031,6.724501060653876,52.12030711093442,mungbean
36,49,21,29.21822808888329,88.30912597372594,6.607566779423306,55.85138933916512,mungbean
29,56,20,28.98672506331294,87.28277338224807,6.569854440009549,48.53390330118901,mungbean
24,53,17,28.970829111113815,88.9539438562864,6.421110608154572,57.27028753573665,mungbean
11,59,23,27.37232434639741,88.41776732571378,7.026755746872248,51.075024081828545,mungbean
33,59,15,28.69244934041277,82.0284758194401,6.5275895451352985,56.348445581557016,mungbean
20,40,15,29.569190346665962,88.09436616515711,7.1977665876416355,45.12506169331809,mungbean
35,51,19,27.317712208961435,89.59132526315642,6.677238842835356,37.7532693422084,mungbean
18,56,20,28.219051120985032,85.21390821185099,6.509670654639191,39.78546231228791,mungbean
6,38,20,27.806269187968468,82.48695883255611,6.771756669318168,38.88395384113869,mungbean
8,48,21,28.38494757381146,89.28779276463804,6.2790273749129835,52.006282283681756,mungbean
23,53,17,28.856541578248,89.04847226918275,6.412544102517766,57.57472581315557,mungbean
36,43,21,28.049348257424896,86.20955277742395,6.70125054625683,56.114804034778416,mungbean
35,35,19,28.596448893927022,82.981146160437,6.722002957600084,58.641185043431456,mungbean
27,45,16,29.21498568060407,83.76430055489301,6.6647204577770385,47.06513476341648,mungbean
36,39,21,28.089545949620284,84.02372510505978,6.454733870254092,36.45697134953977,mungbean
8,35,19,27.57693197531935,80.82816621776631,6.876895593718044,39.95627125990344,mungbean
26,54,17,28.68356530000456,88.5793380950881,6.302556572827446,49.909812691525865,mungbean
24,58,23,28.174550183792945,88.32466519032747,6.345403435792833,55.393445831711105,mungbean
23,57,22,28.13622845548912,88.82651515665538,6.348379772629637,56.95501361444403,mungbean
20,41,20,29.33851406670546,89.59245618643293,7.038138435627997,51.7611416627871,mungbean
8,54,19,28.521785318749163,81.06201040273287,6.984190249635109,38.95873050822434,mungbean
25,44,16,29.828207803443505,80.72916912028525,6.6119374022505975,50.72568300555325,mungbean
19,44,17,28.226467018347094,83.60769301011591,6.776545431204752,37.58542420540408,mungbean
24,45,18,29.477747957853218,80.96323765931592,6.559261818670702,51.17261892348863,mungbean
25,58,19,29.06953409825593,83.76297087684873,6.622017882793017,44.120145020425696,mungbean
35,40,21,28.109240246165758,83.74125464752319,6.421382989828496,36.567401047586,mungbean
33,52,22,27.287716217178723,84.98561145413126,6.9297126399858815,54.10349640151758,mungbean
4,40,20,28.687660704542232,81.02111986660653,6.712467925636305,43.14514448889191,mungbean
35,51,22,28.95505973672829,88.54150941895796,6.58350126163938,56.72092498743752,mungbean
34,50,19,27.304794401033693,88.55745198574876,6.6230730068808565,37.374968914531784,mungbean
20,44,21,29.508119164822965,89.89486001074974,6.911758454512348,54.8172946816869,mungbean
10,37,22,28.6325122145793,89.18762418303821,7.015774965745484,58.35255835818426,mungbean
36,37,15,28.495558602101667,86.80514250674277,6.424978978236646,58.38032822708598,mungbean
4,40,20,28.413767335560202,82.42949373826737,6.67977900688501,40.25791407510874,mungbean
7,45,18,28.52147641523348,82.95305213887008,6.869055071117221,41.769776029735034,mungbean
36,39,16,28.82829187348403,82.51596952293056,6.7541012401834095,59.8598624704818,mungbean
4,41,20,28.875762267202163,80.4193169884984,6.723338657826401,43.41025560330833,mungbean
16,42,22,29.278201923467666,89.68152434598156,6.964150382071771,56.24816249810527,mungbean
34,35,19,28.429339346025664,83.63590925362192,6.613472331165886,58.1497220253123,mungbean
31,55,20,27.537357808404344,88.70654336832955,6.675509363372883,58.237316702564684,mungbean
35,44,20,27.961525276778904,85.0847126807134,6.92164954776571,53.0152479559039,mungbean
36,43,21,27.837321465139635,87.12171056266993,6.404545978907622,58.26617222292961,mungbean
28,56,20,29.00706442157522,87.26758469091392,6.556175959562559,48.80587523609308,mungbean
7,36,18,27.842564906970342,80.57896874729508,6.816329466123526,39.01208486065767,mungbean
25,45,23,29.165482397761117,83.84542886063416,6.763266658495509,56.408616215226566,mungbean
25,48,20,28.478382938642635,83.80406695722223,6.297447025624993,52.6677812961841,mungbean
18,52,20,27.869352906647567,82.09297635787567,6.719388978395839,43.32672676479186,mungbean
16,35,19,27.495903476174135,83.79349887886625,6.746656431813144,49.036850931774644,mungbean
20,56,22,27.610487539427826,88.22258654896912,6.795474516280401,55.615053772858005,mungbean
23,41,22,28.17124458699257,82.729319407038,6.443961752195291,43.58674300818925,mungbean
37,56,15,29.24898881733412,87.07491485377875,6.821556264820174,44.76067365488373,mungbean
33,45,18,28.634208174730922,85.94987111920524,6.854708916416171,53.38428176317779,mungbean
33,58,21,28.360823535610887,84.90223507410278,6.889951178366317,56.88054970907876,mungbean
22,51,15,29.198505752378473,89.14154808683486,6.596385267886288,48.54341149357888,mungbean
33,50,24,28.508384690929514,86.90950012813649,6.890709833615153,54.397096808979505,mungbean
7,45,18,28.04182210005221,85.29326918615128,6.976244173388221,44.07717126359207,mungbean
12,56,16,29.519451617916136,82.59909563508747,6.718361326506933,39.81476576485962,mungbean
26,40,23,27.902279930308083,89.77725787452907,7.057730394831006,53.06339301599953,mungbean
24,53,17,28.882550381885185,89.05976512589297,6.434181183516354,57.688379440354865,mungbean
25,57,21,28.686177191431263,87.72776524426828,6.381591615770024,53.49127830503673,mungbean
36,56,15,29.213275611853703,86.98628640918659,6.795524007103458,45.02732301124418,mungbean
9,59,17,29.505187351502858,87.9357155018338,6.339403270025721,58.27776691212672,mungbean
11,58,23,27.741881022415637,87.53738775156349,6.961583944269028,50.8354387301668,mungbean
37,40,22,28.673379053757802,85.2156405965376,6.508242141580297,37.92059922567397,mungbean
34,37,19,28.565735790053655,82.17460917667334,6.693926292525717,58.96615919447387,mungbean
27,37,22,28.75272373968635,88.23468884346757,7.113523088209637,56.639495606558,mungbean
25,37,21,28.710602801838085,86.43212964758195,6.669124454385196,37.44900440649878,mungbean
28,37,24,28.107041677418113,89.06256876041884,7.103355822348976,50.279931345544,mungbean
4,39,19,28.5824108850252,80.42497826751807,6.736175980644751,42.439565691781496,mungbean
31,37,20,27.363052653351186,86.43126524414001,6.798002502436894,38.423429192037474,mungbean
23,40,22,28.689270763626002,83.60131218348378,6.491674706424964,42.04963283418147,mungbean
28,41,23,29.749454960892827,80.23536496054479,6.74892406048035,55.953140320593114,mungbean
25,53,16,28.650155161712274,88.98615972683547,6.323683048168878,49.340397318752686,mungbean
26,45,16,29.420933075420237,82.57299625301397,6.665250752356791,48.215050663861824,mungbean
22,54,19,28.575072399854655,83.63933680955276,6.688125853922519,41.092152758039504,mungbean
8,45,20,28.703213906479874,87.98097308541504,6.509964337223677,43.08607662133607,mungbean
4,41,20,28.195494267091888,84.74249766292132,6.611961335250484,38.70229723693549,mungbean
31,47,17,28.788549101611665,86.57091021595292,6.691987994576331,53.64281536592931,mungbean
2,38,16,27.887277475583716,85.33324194128231,6.52732916904056,48.19251839985312,mungbean
26,45,23,29.34650504921514,82.52089346879715,6.660938299790119,56.54088035867281,mungbean
4,40,20,28.776606119605002,80.56375794125573,6.72308347816718,44.08275721201208,mungbean
28,54,19,28.093510864535492,88.85257848912462,6.575735243738488,58.01036545259437,mungbean
35,42,20,28.235983846909335,84.57130279779764,6.536597582327641,59.07000425327835,mungbean
7,37,20,27.675682377842037,81.98397972199889,6.819171186781597,39.433951419504915,mungbean
33,36,19,27.937653954954477,86.37768925553833,7.1168835087310764,42.703826776968,mungbean
21,37,19,27.84036303107626,85.88948590178366,6.642352128665145,39.93252868027451,mungbean
15,37,15,28.397594665496012,83.25792015606595,6.683287794149783,47.463652386511,mungbean
4,40,20,28.356261047871598,82.7251940443312,6.672915684954552,39.65171501517753,mungbean
85,11,50,28.927909818153786,92.73232517395297,6.524569740353963,28.94374524203185,muskmelon
89,23,52,27.88145384809612,90.8564335306452,6.256285190194133,26.286338318220068,muskmelon
95,27,54,28.47771564699859,91.20836409101386,6.163075144817499,20.914749825530397,muskmelon
94,21,47,28.14123139767654,93.20295505310945,6.492668096967729,20.87997563149305,muskmelon
99,5,53,29.04403888574643,93.88548517381817,6.105544007577122,23.724364094179514,muskmelon
108,24,45,28.406035255663518,91.05040108157299,6.19321672493897,23.337854306180088,muskmelon
118,7,47,29.235874068273066,90.64612370727471,6.73429161605013,27.80219589104395,muskmelon
96,24,45,29.607513592132392,93.58888286035354,6.19957171799294,28.40797963259884,muskmelon
86,12,49,29.312175045430834,92.66009435665632,6.565517453243454,29.027443752743363,muskmelon
103,25,50,28.751861741559445,93.61401668196852,6.366641495641561,22.667949419181678,muskmelon
99,7,46,28.42161525890366,93.77884012929664,6.429811945292588,28.41870931598267,muskmelon
112,24,47,28.374543017070415,92.48027519513147,6.398151559124667,25.69027074113872,muskmelon
110,14,52,27.358985948626344,92.27864769219097,6.138809821882282,21.654144297892195,muskmelon
87,18,52,28.975523578720072,92.03962664503298,6.436291028264953,26.045306767638802,muskmelon
108,12,50,27.200070822133718,91.75240786194554,6.151861917618178,20.997594776733507,muskmelon
84,19,46,28.731006492369687,91.76371363227281,6.430501893268823,24.953286204560307,muskmelon
82,17,48,29.10847346488967,94.13415867156537,6.168485337456378,26.756564265024945,muskmelon
118,25,50,28.641759186317234,93.89511853059658,6.21120781332198,25.18656826122634,muskmelon
100,14,48,29.5112796330132,91.378272374935,6.366129809394015,26.06647121040307,muskmelon
83,20,52,29.503044231103473,90.06339619579953,6.277574591826419,22.718246348859935,muskmelon
115,26,50,29.256782151951388,91.924659777302,6.081984379823295,27.736100526857193,muskmelon
92,6,45,28.196983582002563,90.79657581771136,6.16266038911202,24.295330691835453,muskmelon
101,12,47,28.486477762192997,93.42704937773097,6.399011099603845,26.86801898395087,muskmelon
109,12,48,29.338250472338153,92.22594853014182,6.641346962921017,21.690751993690018,muskmelon
90,16,51,27.712516068915324,91.80747166295238,6.448229868981649,23.816456386088515,muskmelon
117,22,54,28.74284235555784,92.14711708737113,6.136239220872589,27.14092253022954,muskmelon
87,7,45,29.67504241599035,90.7817800026088,6.515308312694624,25.371587277569827,muskmelon
85,20,46,29.66328623973867,90.63455338792228,6.274717196665427,24.13274891499632,muskmelon
94,13,46,29.808832315863214,93.70522229307448,6.1268086849004355,23.485879996147496,muskmelon
95,27,55,28.476058275789295,91.21457860821441,6.1631421035161935,20.916700115263502,muskmelon
109,12,49,28.314076479466227,91.91012638688473,6.415827825942393,20.99626055373068,muskmelon
103,25,51,29.001491834797974,93.9791890048146,6.5483055432283255,23.27158539150869,muskmelon
82,18,48,28.892550519735046,94.18189695897286,6.148403880175902,26.764838345825893,muskmelon
90,16,51,27.776181990841913,91.84829694772034,6.448246023579497,23.831717374126367,muskmelon
97,26,48,27.413615789371743,90.72212358906086,6.1295677492163865,23.714282503927574,muskmelon
111,20,47,27.81961372349176,93.83513750923933,6.348152836369942,26.567887408607824,muskmelon
83,13,50,29.20162234307641,92.07525055426609,6.315426886952366,22.648226241604004,muskmelon
110,19,47,28.83766160031038,92.26835884612169,6.230369234704358,26.076359592500268,muskmelon
108,22,47,28.54117700631416,91.77738925166747,6.161923573344039,25.150824553754305,muskmelon
88,24,50,27.2429813676343,91.25294429833639,6.3532607913472825,24.9770671441876,muskmelon
113,7,51,28.617146280183647,91.22770245870214,6.135695982470746,27.812065014731346,muskmelon
107,11,52,28.777975277719072,91.77193272211552,6.182932588716198,29.082906012468573,muskmelon
96,12,54,29.304576317564162,94.50291274932674,6.513100564195774,21.42611151871728,muskmelon
117,8,48,29.451869230414665,92.57380881253036,6.580577170728202,28.299224479102584,muskmelon
115,6,53,29.470377935281398,94.45809352474767,6.325790211744501,27.71110867997456,muskmelon
94,21,47,28.402480929888025,92.75695572043496,6.5681461810892765,21.151929619891224,muskmelon
119,5,53,29.667920130461752,93.74156958795487,6.2566336669570655,27.07699594589689,muskmelon
102,11,45,28.958620533345734,93.10197421000949,6.365902618225959,24.365104152247934,muskmelon
98,25,52,27.36604556643267,90.71458778123863,6.188705536427326,28.277619348371466,muskmelon
102,11,46,28.205892478409794,92.85408202903294,6.473681078877704,26.5205950323944,muskmelon
81,26,48,29.426592967319742,92.871483106581,6.0648075619610955,27.44775509088728,muskmelon
100,9,45,28.586931557266347,92.90529139255864,6.284531772403986,25.12365371068807,muskmelon
82,27,47,28.86679465750433,91.71880073623036,6.078070007056842,28.552887152129692,muskmelon
117,18,54,28.580563640767284,91.50223430798604,6.25199435220541,23.86391613605796,muskmelon
84,26,48,29.92085477384454,92.84361136343793,6.230567381961658,21.779431100614485,muskmelon
82,20,53,29.383869187477433,90.02799544895014,6.470629518312354,21.785903528788122,muskmelon
81,26,47,28.506846309446015,93.28073218493586,6.493684113789697,24.97427017910431,muskmelon
88,8,46,29.575112074039318,90.776336661098,6.590484229463391,27.031859230752683,muskmelon
86,21,52,28.36902723807521,92.41720719036745,6.071009786569937,25.639899193526983,muskmelon
95,24,45,29.66657635733387,93.77368727056366,6.183910014014073,28.360749774064733,muskmelon
108,7,50,28.978513248680024,93.18485907007484,6.22609283193607,20.668962508700943,muskmelon
107,12,52,28.58736626224095,91.72811825728677,6.1243898948317845,28.968310471577276,muskmelon
95,17,46,27.40865533517432,91.4714677604683,6.624429250190436,22.979029334797183,muskmelon
85,17,45,28.962699263806417,90.77342494788363,6.556253773840592,22.335274541677627,muskmelon
110,13,51,27.026696040132904,91.6844594697903,6.088556170900541,21.259093124236703,muskmelon
82,27,47,29.039745843331247,93.63154823550197,6.4485115460411455,22.78239948587594,muskmelon
101,25,52,29.237594569334803,93.4737308707393,6.62846342753623,22.556580041419032,muskmelon
116,18,54,28.82918303421474,91.95465861304505,6.113994027008248,24.94413223920546,muskmelon
96,9,45,28.604663717599205,93.00755273599614,6.1451448307851075,25.4368557407353,muskmelon
95,29,52,29.466133096022606,90.39412289667658,6.64151080320369,26.059210718427035,muskmelon
83,29,48,29.782522697182817,93.70212913880849,6.227565339382363,21.464689956290925,muskmelon
85,18,45,28.990926354866946,90.71531902234311,6.556265038437706,22.32573380058272,muskmelon
92,12,46,29.818148505274433,94.13806821300564,6.211006272125942,25.212505191085032,muskmelon
82,16,48,29.021858084811456,92.95119367627225,6.281366389700536,25.168941124852815,muskmelon
87,7,53,28.330585023486204,92.5479440185843,6.3289427683418635,28.162470107707513,muskmelon
97,28,55,28.95697184970256,91.38063828679196,6.496701147904825,24.645994966371944,muskmelon
80,18,51,28.118474831669246,92.27913800531921,6.673215069330465,20.81528226827431,muskmelon
111,5,51,29.842706520685983,93.99644400684872,6.140788472322817,21.06987632034013,muskmelon
101,10,45,28.83194204075668,93.02689867637147,6.323596914120519,24.590520016563833,muskmelon
85,18,45,29.092540797887608,90.70311282869363,6.513714422660238,22.598829858977233,muskmelon
117,22,53,29.079843473005557,92.10627325582156,6.250507899617273,22.269048693583194,muskmelon
119,23,54,27.877464998847618,91.6417347603295,6.7094720085111454,26.580712935561753,muskmelon
117,5,54,29.583035059969525,94.37700453250159,6.24467295671325,27.260736742683314,muskmelon
84,16,46,28.947901429952655,91.0309093511671,6.507158025192793,22.69462817367589,muskmelon
109,26,50,28.84293972499712,93.6864570337399,6.1915809285855445,25.651814473181936,muskmelon
116,25,50,29.05327768903069,93.24946880776122,6.129908874287129,27.525874141928654,muskmelon
85,17,46,28.955328014406383,90.90168573064263,6.5317976938939815,22.514279473780817,muskmelon
115,17,53,29.115193097520333,94.19515437609611,6.039029783948984,22.278871045723076,muskmelon
84,18,46,29.025318040842386,92.29550756072791,6.380328306710955,24.292037041092204,muskmelon
87,25,49,27.281676942938255,91.46533892385123,6.323017557105112,25.83744126248087,muskmelon
99,7,52,28.983398275170725,93.99709633352211,6.085891914193729,23.38471765560642,muskmelon
99,19,47,29.320685528844663,93.57206536256214,6.249367466005383,27.347895413593584,muskmelon
89,10,46,29.325316513758175,91.94079653186382,6.221233133457615,26.419332347131522,muskmelon
95,13,54,29.184656121364092,94.13291306669396,6.665434545950831,21.484385832078022,muskmelon
95,13,46,29.473801883224553,93.28265651445147,6.208411761730422,23.437309074088095,muskmelon
80,18,52,27.91786869604412,91.11396837061872,6.486516279070269,23.972669472866468,muskmelon
97,25,47,27.442730904770986,90.54291520487709,6.168989310759369,22.837434953488962,muskmelon
112,5,52,27.850282021204524,90.5068639482938,6.7161383209806536,25.042950794294487,muskmelon
103,25,50,28.66098648330589,93.49779865215517,6.322291558046407,22.28456025075573,muskmelon
82,12,52,28.16690757339152,94.023151669881,6.321905972553388,24.545020340279066,muskmelon
102,11,45,28.76448884955329,93.03804178956044,6.393699129735897,24.921014180070266,muskmelon
83,25,46,28.233975371568437,92.60482784205841,6.518747444024608,23.585666065707986,muskmelon
93,22,48,28.78708865524185,91.3404928703781,6.657755884082092,22.197669720233442,muskmelon
114,12,52,27.530362281908236,94.79637047814781,6.645807061684949,21.102404374008945,muskmelon
92,7,45,28.230160838340023,90.78753626334314,6.304380912415057,26.661369135219182,muskmelon
93,21,47,28.75334551030449,92.15796759057994,6.669515114046855,21.51717054960384,muskmelon
87,21,52,27.420921355956356,94.06811200643422,6.0729817952165295,27.21555026487316,muskmelon
113,6,52,27.896934457068795,90.71141227361072,6.713690897951369,25.471551312320063,muskmelon
111,24,47,28.49587312063645,92.35866442489993,6.369624964227343,25.55146604383936,muskmelon
112,18,48,27.732567186496592,94.39462214201706,6.385908974026948,27.355663123812278,muskmelon
119,7,46,29.56895635940427,91.04654138914702,6.679882631168454,28.22209522701853,muskmelon
95,15,46,27.582164685438492,90.80551019209675,6.633194978006816,24.237623786302954,muskmelon
109,25,45,28.32889626977258,90.48334574075182,6.225786824365448,21.8088823578219,muskmelon
118,20,55,28.456513289856765,91.71945051766943,6.342510178911994,25.639217148495213,muskmelon
82,12,52,28.28766228819065,93.92601030182522,6.308022049781667,24.31831151654869,muskmelon
89,9,47,29.579770526014695,92.10204345235277,6.551608667240198,28.448352793073276,muskmelon
90,6,54,28.420226899893574,92.31730616012179,6.243387481702835,27.712732576728712,muskmelon
83,29,48,29.56023004729714,93.41864065172031,6.194622490651566,22.948516823723498,muskmelon
109,11,47,29.389738561738806,92.09424648517263,6.68802115666175,20.782024013327764,muskmelon
98,24,48,28.0638070595459,91.13305085983036,6.221830967504523,25.81285739915454,muskmelon
94,22,45,28.030658323946152,90.71864136522974,6.347242040066057,21.303459943189505,muskmelon
112,19,48,27.599503253402766,94.63516140875146,6.413185042023916,27.317417430686106,muskmelon
117,8,48,29.482809854308652,92.02286789953705,6.625569163953183,28.3187663323498,muskmelon
106,22,54,27.971080609190277,90.85508322069937,6.636559106279118,21.729068679171338,muskmelon
90,14,51,27.24327640250219,91.48131446169141,6.419442321503765,24.06221298409535,muskmelon
112,5,51,27.710334355534286,90.80465752731028,6.634762998615989,25.09980008901534,muskmelon
108,25,52,28.828027181350446,94.19627810767669,6.206390011814827,26.181129322164576,muskmelon
100,25,51,28.781975895456267,93.57557133258186,6.641443417264962,22.695110094238064,muskmelon
95,7,45,27.308521202593287,90.82950536644984,6.033829145026909,25.125038028732792,muskmelon
84,8,51,28.413956642564248,92.36417371932617,6.50834605206813,27.96863728619017,muskmelon
110,20,47,28.944032079480564,92.02335674442985,6.237667460817412,25.452244345384965,muskmelon
111,5,50,29.24321278041561,93.14934386124537,6.1839444351083515,21.06213883472537,muskmelon
115,26,50,28.42371198718103,92.61264203417733,6.475209886500357,25.485851511632468,muskmelon
109,13,48,29.149687294416967,92.3847344302476,6.534969728415923,23.15647667217643,muskmelon
116,25,52,29.12542609799048,92.16379309245173,6.398306173950315,24.721379910239293,muskmelon
92,19,50,29.784084136514775,93.13584881852854,6.448755508884969,24.31301992498897,muskmelon
102,24,54,27.96006085226247,90.87436833737839,6.633347678961986,22.80379306378341,muskmelon
88,25,48,27.14737880033855,91.00250034942582,6.3769062645053,24.212537307916875,muskmelon
83,7,45,29.09493776158007,90.7988287450325,6.698345316749745,25.368951661122622,muskmelon
101,25,52,29.146554783221656,93.96587071858757,6.708453864851969,22.53580263419065,muskmelon
108,14,52,27.990151911257637,91.68131999497604,6.335138212662353,22.999460345872276,muskmelon
116,6,53,29.50094931064883,94.43608868460122,6.30377770202351,27.588892800703675,muskmelon
113,29,50,29.131575169028494,90.83428820544187,6.101201698959348,25.46334783725508,muskmelon
105,22,51,28.921842073198317,94.44223386917211,6.356994345687358,23.23794819546991,muskmelon
83,17,46,27.191262300375378,93.31009539764833,6.761802824467884,25.202600520017338,muskmelon
101,11,45,29.057159136341877,93.01173195595479,6.356028770268781,24.25978138623584,muskmelon
106,21,52,28.776308935784964,94.26625232117043,6.332170514662526,22.848029665937993,muskmelon
98,6,45,28.315463060569535,93.60006025715482,6.309604949045739,28.210730467672473,muskmelon
106,16,53,28.947361383904003,92.31130580451192,6.526285256349683,24.405528785235543,muskmelon
106,21,53,28.555933014858358,90.88649030616858,6.537413614062189,21.254595812969,muskmelon
111,5,50,27.66588824665226,91.18233013550201,6.545412626655667,25.001978732965153,muskmelon
81,24,48,29.86951700131268,92.91157174724437,6.090634626361962,26.061298132204335,muskmelon
86,21,52,27.7805889241242,93.50001241759963,6.069077429842187,26.548525990915387,muskmelon
84,9,52,28.010539829261017,93.22690386868132,6.446792527746722,28.379881512246868,muskmelon
112,5,52,28.55660411584749,91.7327564375175,6.51468190670321,23.63905564819096,muskmelon
93,20,49,29.786006682252054,92.92329600420021,6.507727752186837,23.909313467340876,muskmelon
82,16,48,29.037045290886557,93.20073205272968,6.2562716959464995,25.48425122728466,muskmelon
117,22,52,28.94014904354763,91.92826044173273,6.349156006417754,21.191155740531073,muskmelon
107,24,52,28.845329438263356,94.41073705555817,6.225007001075276,25.361124647618155,muskmelon
98,20,47,29.213264443110088,92.42652619276802,6.3470660125294565,28.339544528156953,muskmelon
85,7,45,29.23032314616101,90.75090714883805,6.690627919097485,26.621167588783088,muskmelon
95,22,45,27.828409641566548,90.6836674668519,6.272667339582479,21.1695389490008,muskmelon
87,12,47,29.608088133056583,91.89463800644651,6.629834931836889,28.973594775410533,muskmelon
87,15,49,29.763659715539994,91.97078533422845,6.619808132377494,27.854247339172332,muskmelon
98,26,50,27.307095617278147,90.58986195248308,6.137022067539019,25.28414385464841,muskmelon
118,25,50,28.51950096629856,94.0869349017899,6.235360952270216,24.491582808159045,muskmelon
112,26,47,28.92639109474233,92.27613780227207,6.193811499179604,24.600575360863836,muskmelon
87,23,50,27.927232696894567,90.92231870193545,6.273470574674356,24.609497712018776,muskmelon
117,22,53,29.075989010810964,92.10177556195829,6.248714380531523,22.309366570525142,muskmelon
100,9,46,27.890491378816257,92.6474823832003,6.332691622689401,27.000810852290655,muskmelon
99,13,49,29.245676676226594,92.06827653448342,6.254466839930556,24.851762841212494,muskmelon
83,10,52,27.8262133434863,93.56504053067806,6.445972505078942,27.996762496781997,muskmelon
85,18,45,29.02335397544152,90.7114237314321,6.542686110259498,22.41288534222162,muskmelon
113,7,52,29.27898921335007,94.38694071164306,6.431697192266116,28.11101302350818,muskmelon
83,20,52,29.507775940392506,90.06480174210864,6.269909565985832,22.755263957984027,muskmelon
100,14,48,29.48899765247095,91.19420529814683,6.36009186876582,26.02846650565531,muskmelon
117,20,55,27.724390750300394,92.7422130407046,6.75215708470503,27.20353704117647,muskmelon
96,24,46,27.598158566369516,90.55272216186722,6.208596244679246,22.16633347438295,muskmelon
113,23,48,27.66749724653701,93.83000881065777,6.490511960057275,26.736093663562794,muskmelon
112,16,53,28.326973632504778,93.45723777598496,6.117073910022122,22.065410368541254,muskmelon
115,26,48,27.88335045896758,93.51343927088337,6.47441354089981,25.12308154147773,muskmelon
117,11,47,28.143924372493835,92.47795443634125,6.062880909258867,28.855913123976492,muskmelon
113,27,48,28.973183448534392,92.59722390002071,6.1501104991731115,25.508646280392753,muskmelon
118,24,53,28.58434210865503,91.90783143076646,6.54736539435787,25.341598244826027,muskmelon
98,25,49,27.530709177226093,91.02351802453376,6.212546196434536,23.366405076885727,muskmelon
97,29,53,29.319492767538307,90.96932496709654,6.651980113914139,26.287071439425016,muskmelon
113,6,52,28.0744644954166,90.5038877716098,6.56880948279222,26.14742600148172,muskmelon
103,23,54,27.810700649372297,90.90940466095391,6.676644536080416,22.43454526413682,muskmelon
114,8,52,29.13884526658752,91.90655113824491,6.123333692999335,28.88789051475288,muskmelon
87,16,51,29.85370716735672,91.19019322506762,6.637211614397514,26.267375437309386,muskmelon
85,8,45,29.34970786245502,92.21754481613186,6.561971861655432,26.287987977032422,muskmelon
112,13,51,27.252690017517754,93.20167901320578,6.364898703479087,21.147477573208544,muskmelon
106,20,52,28.869120138053123,90.90880503857757,6.485447823710269,21.050765933629222,muskmelon
116,18,55,28.32589550709441,92.69328835280984,6.376862506306859,26.30086803822389,muskmelon
81,28,47,28.51795381170668,92.50499582275599,6.19707318474431,28.180192275582808,muskmelon
87,13,47,29.701860864012342,92.7950752248622,6.578216420346959,28.98584668513421,muskmelon
85,17,45,28.96379007176207,90.75444473508128,6.55987281928623,22.30878513758306,muskmelon
109,13,50,27.053271081760837,91.68145144952048,6.096438617388019,21.216856474464404,muskmelon
81,29,47,28.520796311033877,92.30647863717891,6.1211680580592205,29.00061357178694,muskmelon
98,20,47,29.305207668194118,92.76078730770463,6.350770316105711,28.01512785684736,muskmelon
106,21,53,28.071028010880532,90.8519405925751,6.617871812727139,21.57018391072929,muskmelon
82,12,52,27.89938424846794,94.23836133530185,6.352664797904858,25.0472773197664,muskmelon
102,24,52,28.321820818916425,92.36040993689011,6.588219655351174,23.176986981563697,muskmelon
98,27,53,28.253445976756332,91.07466624460166,6.401959917710806,27.602174929360867,muskmelon
81,24,48,29.804572552964768,93.32735822688615,6.083338224047837,26.299357043748806,muskmelon
113,29,50,29.2149874952707,90.29176006280336,6.078465940449836,25.798116238524923,muskmelon
101,24,53,28.270313686027983,92.2443244046545,6.7190132617918135,22.701886795229232,muskmelon
113,25,53,29.025965767694814,91.52681577820937,6.419284497520504,24.039889291275347,muskmelon
111,5,50,29.49049492228752,93.49177463263361,6.165449918821021,21.038208766265626,muskmelon
115,8,51,29.094146699431853,90.96246335728887,6.057760601320862,29.07889823951718,muskmelon
119,22,55,28.054488227656698,91.64531166928812,6.598573248459817,26.190882412374307,muskmelon
110,14,51,27.10149867253653,91.80858082826673,6.097772107262659,21.351316899292485,muskmelon
119,15,50,27.996925789958514,91.67871196650862,6.509999026418015,23.677226450920475,muskmelon
82,20,54,29.317946509002397,90.13814380990472,6.539942593723248,21.436045856653045,muskmelon
107,11,46,29.568407950813558,93.60941637347723,6.557868381954049,27.57679842540185,muskmelon
112,5,51,27.778251542204682,90.41813374237547,6.714918029555962,24.990548025755512,muskmelon
87,8,46,29.36969455094775,90.76233987736917,6.677776213806034,27.852365239274846,muskmelon
96,29,53,29.350416877387676,90.84802401124689,6.649772303021981,26.239019242329366,muskmelon
81,18,52,28.389390847274868,90.84021351317497,6.364291897206486,23.947293000436062,muskmelon
119,15,50,27.998068623714744,91.65862389685735,6.530229869769418,23.46365909197919,muskmelon
83,22,47,29.871952717838795,91.43345811757882,6.152356705953885,25.18550814027387,muskmelon
96,11,54,29.45008016563141,94.46822703830121,6.603424476064236,21.54806045419137,muskmelon
111,5,52,29.601916297532405,93.54700005546538,6.2165391110580845,21.561379317292463,muskmelon
94,12,46,29.832055527624274,93.90693054135922,6.158615003275714,24.022460886254777,muskmelon
100,15,48,29.5907002158615,92.44851984756819,6.366742359601608,26.234077113203753,muskmelon
102,11,46,28.220149253843505,92.85877714187319,6.471639739644993,26.479769731376116,muskmelon
110,14,52,27.43544551953447,92.41823171847598,6.15099576791626,21.744067393540934,muskmelon
119,23,54,27.982614313721808,91.66274596120316,6.69765912979104,26.26675220616984,muskmelon
95,29,51,29.159584435410938,90.36576737802427,6.565656899266461,25.664021041162286,muskmelon
87,22,51,27.20365691591985,92.85825985669808,6.21768654392373,26.175351245341094,muskmelon
106,20,51,29.325760647429725,90.94134089340423,6.409679430890039,20.7535730638253,muskmelon
119,6,51,29.633244723397496,92.79727250989549,6.4049336960154895,27.478221397166525,muskmelon
110,5,51,29.588989350197384,93.75925313636846,6.165370590669228,20.89213817827482,muskmelon
84,20,52,29.418058688683672,90.22589652442312,6.124155318251248,23.73848478178096,muskmelon
107,22,54,28.212669855723956,90.83181868854794,6.581929953648245,22.050899242141305,muskmelon
114,8,51,29.21415869538754,94.33195052232047,6.381390421870571,28.295411267403306,muskmelon
102,11,45,28.605660931948783,92.9857357825812,6.416440713971645,25.375829336306612,muskmelon
101,25,50,28.518006830653285,93.37248031561217,6.327473455862664,21.118220576275704,muskmelon
89,11,47,29.589445422416347,94.00608627396458,6.2742117820090515,27.892230899392054,muskmelon
114,8,52,29.209335051848512,92.82963596920608,6.226555675345661,28.657953881797624,muskmelon
106,18,52,29.439139458766387,91.2442603809356,6.43453726437224,22.09886862479685,muskmelon
101,12,45,29.16802484657059,93.59901245199141,6.305192132961552,24.790657960146795,muskmelon
118,25,49,27.996368822988,94.37344036919087,6.377252253892549,22.96182380724254,muskmelon
107,21,48,28.6544563698567,92.73882649976949,6.202534531463206,24.437867333758902,muskmelon
88,21,52,27.875401832420756,92.62573929464882,6.107355005262601,27.23565872853795,muskmelon
116,25,52,28.82943065628218,92.61471344570049,6.135008666129444,29.008983191013492,muskmelon
105,23,54,29.076180331532697,90.56241447875998,6.329036920931332,22.254614457319523,muskmelon
82,26,49,29.90089747525099,93.53230854715162,6.1514350081974785,23.746023278296526,muskmelon
106,25,51,28.861860847031426,94.1684900054812,6.271264729111323,25.54495053805838,muskmelon
109,6,51,29.381964588347085,93.56446452058628,6.185962727701356,20.81645480634679,muskmelon
88,8,46,29.53460161735993,90.77413000147733,6.620959565183615,27.70491181640655,muskmelon
104,23,51,29.159697091680897,93.1392843576734,6.437393241261859,22.77578965870603,muskmelon
98,26,49,27.305864702966016,90.58570267778497,6.136517493095162,25.152603222431466,muskmelon
100,16,48,29.671127760457978,93.53233682860062,6.367362676242105,26.40380806629791,muskmelon
112,6,51,28.641497484982228,93.44917032188783,6.411402160321356,26.873758301164898,muskmelon
91,21,51,29.27514568679061,91.90554577364388,6.310364373239961,25.741991263934068,muskmelon
83,17,46,27.240515539047408,93.25571393781051,6.752615149987577,25.145798485726342,muskmelon
113,25,53,29.02070845364717,91.49283692577725,6.419588584372964,24.012625560981014,muskmelon
87,12,47,29.733731145232365,93.48957598482595,6.4846401292420355,28.567320092427323,muskmelon
87,25,46,27.35221892381988,90.28815582551682,6.37894522131096,22.409970249423043,muskmelon
106,16,53,28.977195727764325,91.67929612663394,6.58049575405591,24.651776900078463,muskmelon
85,15,50,29.36088650018354,91.10908978602271,6.530782796922106,24.16757348510956,muskmelon
105,11,45,29.39791690802181,93.45972518535912,6.493831864614723,26.467769079747214,muskmelon
83,28,49,29.940256843413607,93.87892452080287,6.243826847653277,20.6450641994772,muskmelon
106,20,52,28.90063831977621,94.55673098164259,6.309073916822399,23.16507776427131,muskmelon
98,26,52,27.48900212315829,90.75945204474462,6.191411761516487,28.51248633467858,muskmelon
81,28,47,28.51883034765639,92.44377946709005,6.173666469509479,28.43318398367271,muskmelon
93,20,49,29.685334637792593,92.70990697313582,6.548757322259843,23.603807683890736,muskmelon
88,8,46,29.44234050470567,90.76829907301241,6.671077390688467,28.494114726706233,muskmelon
85,18,45,29.116697032554747,90.70021111837151,6.503599102146769,22.66375146143001,muskmelon
85,18,45,28.558744651215843,91.30494792597321,6.613219401014794,22.922514390173074,muskmelon
105,11,45,29.41316139475791,93.47361478621222,6.499592165788393,26.563997613306924,muskmelon
82,12,52,27.119897778120126,94.86073705842051,6.442830282886771,26.52869933226568,muskmelon
103,11,45,29.195554994220533,93.27534861307927,6.417367134135162,25.190389883547983,muskmelon
91,21,52,29.08568330325712,91.52276807716311,6.270351729847099,26.14488237777545,muskmelon
115,7,52,29.432209618041384,94.48556653534766,6.35327279779703,27.863695025721626,muskmelon
115,8,51,29.10926793627459,90.95418738656417,6.079835255290869,29.055565678715563,muskmelon
102,11,45,29.05400423948439,93.14637847995675,6.363880585669789,24.296871998142862,muskmelon
115,17,54,27.670403110151973,94.12336030938057,6.732321987454244,27.734620269163038,muskmelon
118,25,51,28.69881104818919,93.18706614664157,6.379715631368368,23.466233356816144,muskmelon
95,22,45,27.744442481630816,90.52179104381811,6.317503596079224,21.538310903850228,muskmelon
83,28,48,28.02864443406758,91.84512807378252,6.153438656515178,28.260563969260648,muskmelon
110,14,48,28.31450915156775,92.66259636976339,6.190997074023438,26.52322413708607,muskmelon
81,28,47,28.51686383143489,92.58111890705015,6.226179643916656,27.865594829995782,muskmelon
107,8,48,27.84554856632056,91.79980497447343,6.321048975878432,20.58710358575356,muskmelon
107,8,49,28.22151345637033,92.47260155858922,6.301389348725713,20.392221232349446,muskmelon
81,18,52,28.339850887006705,90.86979861148342,6.375856715412606,23.95734906561029,muskmelon
81,19,52,28.876741516269327,90.66459457473456,6.600572282596674,21.200471622978238,muskmelon
117,24,53,29.13252463727929,92.14846749454438,6.382618691329173,23.683865746884557,muskmelon
118,25,51,28.636333531681643,93.34507579775949,6.3746237004716715,23.309364928603298,muskmelon
81,29,48,28.569676190296814,92.15539324140427,6.047826517470939,29.560568222687596,muskmelon
98,26,51,27.3253749267926,90.65162796561093,6.144515093122868,27.237547033343056,muskmelon
96,24,46,27.604706285551796,90.55313530068527,6.210264770592274,22.138061904298148,muskmelon
114,25,53,29.03615104077713,91.5926448095186,6.418695373948089,24.09270876064201,muskmelon
107,21,48,28.633090696175174,92.55723571062026,6.195099440099575,24.56195697431707,muskmelon
82,15,49,28.78669735493615,91.36092836833191,6.444240085852387,23.314149007266682,muskmelon
98,26,49,27.29406158827029,90.54581980711802,6.131679179026772,23.891273206278022,muskmelon
106,9,48,27.744760388731663,91.97515989093422,6.346093993086439,20.268831485052488,muskmelon
89,20,53,29.119168431814234,90.58068610390697,6.362316376206483,26.479435787098765,muskmelon
82,14,50,28.16824781947323,92.849242044632,6.440019368209351,24.590670726947735,muskmelon
86,18,45,28.841498671782748,90.66245068520821,6.551639592587274,22.217363149187456,muskmelon
102,24,50,28.16497092829381,92.7509405420008,6.149212640260263,20.563458611194918,muskmelon
84,20,52,29.592525991384218,90.08997660262763,6.132620630600801,23.418289530609666,muskmelon
113,23,48,27.661491123358342,93.86118542297828,6.489024960835694,26.752263161276424,muskmelon
88,8,46,29.53019930424052,90.77389020149988,6.624271351355797,27.778053135235105,muskmelon
109,9,47,28.871821697854468,91.85729556028797,6.5301394340028605,20.93366607929285,muskmelon
109,10,47,29.140877935241942,91.98039084592283,6.612158509288928,20.85488848670351,muskmelon
84,18,45,27.990112119166156,92.12428760665841,6.678111257606485,23.85011979988331,muskmelon
88,9,47,29.47481178903342,90.79744509902534,6.667465358292263,28.75752824517503,muskmelon
107,21,48,28.671206787740054,92.88119138127787,6.208363549035885,24.34058262533701,muskmelon
99,6,51,28.942863519670226,93.9973930009498,6.178649360528768,24.998333415802456,muskmelon
111,25,47,28.9379032682384,92.22640208716697,6.1992689565099655,24.637573779022237,muskmelon
80,16,52,28.15809381999086,91.45075375927168,6.4299821472566885,23.695584006048275,muskmelon
102,24,51,27.997353285897272,92.06315680977787,6.3576990793662045,21.41947766396286,muskmelon
87,13,47,29.6553784106339,92.57887538972457,6.576695592036937,29.036951736997096,muskmelon
82,12,52,27.155517360860078,94.79539491966719,6.4429887455468755,26.602733942176698,muskmelon
101,25,49,28.08240679792388,92.5956881244297,6.103744604839802,20.779683462627286,muskmelon
119,8,46,29.549893404732153,90.71302963502326,6.723079908339596,28.375666233951087,muskmelon
111,5,51,29.711672606589044,93.86833413010346,6.1558832576372335,21.289670694070473,muskmelon
117,5,54,29.581289795799307,94.37826074876983,6.245929610823537,27.267713824759586,muskmelon
95,28,53,28.94177165306002,90.80519908448915,6.383954487672979,23.284494113659587,muskmelon
101,12,45,29.147299794132895,93.52712074580698,6.312830073656095,24.6941782761275,muskmelon
116,25,52,29.130945483012802,92.19474537039075,6.385702584428281,24.883696330116596,muskmelon
111,17,48,28.116735448394945,93.70016234460144,6.307160365067463,27.46608208642492,muskmelon
101,25,54,28.126096348498635,91.08233630167521,6.688194371750947,23.822064179266906,muskmelon
85,17,45,28.956438816808685,90.88235761163892,6.535483076233027,22.48730452044343,muskmelon
81,19,52,28.854220244925365,90.6961485730267,6.603458982563665,21.188576523392598,muskmelon
95,29,52,29.411529015904584,90.60830940499872,6.645409233374452,26.144058626186983,muskmelon
80,18,51,28.016769152790385,91.68039369948067,6.660686215286381,21.43965279908442,muskmelon
115,25,49,28.89875535417794,92.95180703485784,6.199399433942882,28.107285128919024,muskmelon
116,25,50,29.221821908740846,92.70437323216582,6.178185050776656,27.55622887056573,muskmelon
113,12,51,27.413221115685495,94.2794109168807,6.5611940682433625,21.06819330560775,muskmelon
112,20,47,27.59609413374912,94.49326303850033,6.406552094532911,27.01717367594344,muskmelon
88,9,46,29.796897480116662,93.71463502369717,6.345549653691245,26.64513012078285,muskmelon
106,21,52,28.892526786053647,94.76543743865001,6.282542397172675,23.186419111980307,muskmelon
82,15,49,28.692440323545913,91.50749068343195,6.5100244877888915,22.546563877269133,muskmelon
119,15,51,27.988278787340573,91.7155895377152,6.55011473881711,23.235862645251956,muskmelon
118,24,53,28.484093568294156,91.86699991061023,6.572404502953859,25.4957299552352,muskmelon
114,27,50,29.25472496851147,91.42894174867239,6.078559848961546,27.254693531385982,muskmelon
89,9,47,29.52477794684966,91.42543669902678,6.610954673706875,28.602802444330834,muskmelon
118,25,50,28.425864797075384,94.2338448616281,6.253859564514713,23.959301416518354,muskmelon
116,25,50,29.23479182611943,92.77710751069948,6.148568070965815,27.93765371164531,muskmelon
94,22,45,27.865913673837884,90.59760206592544,6.282567062972893,21.213020292355704,muskmelon
96,12,54,29.454112141985355,94.55098979860325,6.6386809141313545,21.231168860330776,muskmelon
95,29,52,29.42096919583055,90.57127995276905,6.6447352565917415,26.12938976785507,muskmelon
87,22,51,27.226798650990485,93.08388414859563,6.194064825905074,26.338647154475645,muskmelon
85,22,46,28.699025277762104,90.32976383412392,6.27938099237697,23.28283221931351,muskmelon
100,17,47,29.62954900681684,94.47932233723172,6.2909488126830535,26.43304430175558,muskmelon
114,26,49,28.006209627755453,92.92231759412205,6.447069702305872,26.92436136939463,muskmelon
98,8,53,29.223801797858798,94.15746479338577,6.320283369606127,22.753520237758522,muskmelon
91,13,46,28.713347506985887,91.98837296949344,6.261586460010758,27.27279072312304,muskmelon
87,16,51,29.883649005682962,90.93063715479921,6.642998477150917,25.739721839440342,muskmelon
100,9,46,27.9127201340605,92.67826772637324,6.372027766707347,27.033766094081837,muskmelon
110,15,48,28.556467399284784,92.90526023576214,6.217022050995131,27.592471355556516,muskmelon
102,24,51,28.016131915407048,92.14021096532856,6.3343418149290835,21.323575678853146,muskmelon
97,29,53,29.298038148867185,91.05348149625367,6.6535118553618275,26.320409232170494,muskmelon
104,11,46,28.693245972739064,93.15463265126384,6.5293281987293295,27.333891201805706,muskmelon
106,16,54,28.872447234867852,91.61808661177582,6.589915631986138,24.461266984058877,muskmelon
117,6,54,29.518664641277738,93.39158844012401,6.127885661080897,27.463124899346468,muskmelon
96,8,53,28.64657000275984,93.21448675592009,6.040378396952802,24.329530208576035,muskmelon
115,17,54,28.296232150955156,94.15445881663823,6.432013708389876,25.37139354886488,muskmelon
84,20,52,29.470898995182175,90.1943404704024,6.111820053238862,23.727758782747074,muskmelon
93,7,45,27.94709795273137,90.79137611823188,6.221381661846194,26.184606644318595,muskmelon
114,22,49,28.40575047981918,93.85413578844458,6.256434353766899,28.026324667802974,muskmelon
108,25,54,29.183453750609573,90.65856135491032,6.334579949522433,23.215305279096864,muskmelon
82,15,49,28.749327682733224,91.4798682498088,6.492562890543527,22.70518662632529,muskmelon
114,28,49,28.592891365806423,91.43220658726457,6.280118844219892,26.113692389830373,muskmelon
115,25,53,29.085814672953706,91.91362872139408,6.415822793490944,24.35025774113445,muskmelon
116,25,51,28.818631905832298,92.33574312110002,6.44038093636129,24.937040118723917,muskmelon
106,19,51,29.679193740040738,91.01818913837164,6.3586882854048286,20.77222098342138,muskmelon
87,14,48,29.702099117522916,92.50443416135082,6.607910308073564,28.939106280589225,muskmelon
114,26,48,28.366731975184905,92.99312940383051,6.3617414369402345,27.227379895676865,muskmelon
92,7,45,28.054486063436006,90.78991935797525,6.25286983342095,26.36548031499626,muskmelon
119,22,55,28.045315311569162,91.64362005973696,6.604415782348687,26.20346963553467,muskmelon
83,20,53,29.461258410514585,90.05098378786954,6.3452645903067735,22.391343092762877,muskmelon
82,20,54,29.043370820689542,91.6475543399511,6.52513125576664,21.322199610895147,muskmelon
100,15,48,29.5994613873379,92.56658271356146,6.366809932228428,26.252566325977458,muskmelon
84,27,48,27.84504710279071,91.75177960118718,6.195119497996119,27.66498401751663,muskmelon
93,14,46,27.920879056044132,91.09512792820972,6.496481126778258,25.90667616492318,muskmelon
102,25,51,29.017850893182356,94.01994565405396,6.582132380063028,23.14645894079036,muskmelon
98,24,50,27.863123646620018,91.06575286765481,6.207930122429685,28.734839072189732,muskmelon
90,12,47,29.23167106450914,92.83455774396117,6.177189896627805,27.939802788984814,muskmelon
105,25,49,28.756058435399737,92.82406093654912,6.395490220387751,22.962991804175843,muskmelon
104,11,45,29.349805588574775,93.41588986081176,6.475652460173302,26.164073599659556,muskmelon
89,22,53,28.406713507031505,90.93952943394521,6.147539102791719,27.259166584335638,muskmelon
84,16,46,28.94705364826781,91.04566087246371,6.504345284022783,22.715215877971122,muskmelon
117,18,54,28.7814972279163,91.77956608953055,6.133181463718103,25.113115837922734,muskmelon
87,9,49,28.96786419049451,91.60555341273758,6.580522017757366,28.765908107970283,muskmelon
90,11,46,29.79913112736926,94.45414108175109,6.2826495422374355,26.83985011795309,muskmelon
115,24,49,28.94102586876115,93.27174010518458,6.151561845110599,28.4519224624187,muskmelon
99,12,50,28.970301213067692,93.19234111285827,6.128202420250892,23.529737771376066,muskmelon
105,11,46,29.021567957398553,93.32794030976167,6.540694250108364,27.42176233680525,muskmelon
88,24,50,27.058240209977463,91.4404948875554,6.366119339152284,25.149241788650123,muskmelon
87,15,50,29.80858947358994,91.58130385648852,6.628491712208021,27.062467347973097,muskmelon
98,19,47,29.377725924479705,93.02442862741171,6.353692006484278,27.75925113192451,muskmelon
95,28,53,29.12165559001863,90.64891857595069,6.46957485518615,24.203087832016575,muskmelon
80,18,52,28.028374720301546,91.02859869686817,6.490760589533379,23.77633008101306,muskmelon
80,18,51,28.030596135124686,91.537186086699,6.442860018958291,24.39374325587576,muskmelon
95,5,54,28.73962647605432,92.56227375349982,6.092359358953488,25.821624112188047,muskmelon
89,10,47,29.6856557779425,93.40481334639578,6.43734112530921,28.150968300804045,muskmelon
5,14,7,12.976872739873816,92.78511905439379,7.029284496940444,103.846183461637,orange
22,22,11,32.025120299142955,90.13649219356839,6.431181245286366,107.59563777325272,orange
34,9,14,34.00475852759908,92.05675216601284,6.732620152308677,116.80182712133998,orange
33,14,7,16.748366471951343,91.90834421600572,7.657065165271786,109.91991693263041,orange
0,24,14,19.449654603320333,91.98099896073894,6.3806012234026435,116.37978344103229,orange
24,22,7,27.308379947173112,93.693023576105,6.183909334866781,115.27051000037108,orange
6,8,10,24.445878864258972,92.75299757284247,6.59348972728476,118.27940393992617,orange
18,7,9,27.69108612027444,91.4703083553115,7.302129594254752,111.21748153949,orange
6,15,8,11.56313672352492,92.00002387599113,6.746105379241287,105.11103816188455,orange
35,11,11,18.370893739629963,93.02531458928787,7.32921835873721,112.15097353765901,orange
32,9,14,33.800841057711594,91.7508025506273,7.064446488634698,116.48290467709002,orange
27,25,10,18.42535531873672,91.5068541499279,6.623365523269949,115.26262880238582,orange
20,29,11,32.35801003159179,94.10526574336795,6.4027170361464965,115.40017186313878,orange
38,22,10,15.366946125435106,92.82129334096726,6.899742462113494,106.90729311651833,orange
23,16,5,22.393314054654198,91.74150764711358,6.9371650344623,104.13047008588934,orange
18,11,11,26.92056977535875,92.0396296837223,6.841842701946539,117.47655753722879,orange
13,5,8,23.869225103783158,90.13010787704535,7.477380120354663,104.07881909988639,orange
22,12,7,12.965520098502513,91.5924915237234,6.755636221507353,115.41743024968,orange
36,23,12,31.429579441228928,90.50171722840946,6.525474005516526,113.1369661772741,orange
22,28,10,20.811324255972643,92.63206177848869,6.316372250443007,118.24840999047419,orange
5,14,12,30.042585727677196,93.10360396072916,7.142443973409538,119.35426360574782,orange
14,7,8,26.819437945515595,91.84611866879756,7.170851866701996,109.91761969384551,orange
3,17,12,32.072062079733854,93.83803802224507,7.467024660902674,117.90789648226553,orange
39,22,6,25.48565892409688,91.71929692625682,6.475593774370747,115.59006561002587,orange
39,15,14,20.427868717585945,91.432611001434,7.714689955767221,108.3828935035599,orange
30,9,11,32.427279963280114,92.08259324006,6.392085244103251,116.14024114470845,orange
37,24,8,33.610655510301434,92.13960057093924,7.004409851040559,103.54016791686692,orange
33,18,12,13.012197284665323,91.3875989487064,6.358228925152439,107.68833955165651,orange
10,5,5,21.281915628422702,91.32103032007387,7.756915056925146,113.13713814400613,orange
16,7,8,22.82061017549159,90.6057339866282,6.42116768900679,116.51180102798483,orange
6,5,6,22.165618286124847,91.2284787326414,7.230037843981231,112.81932747617094,orange
7,16,7,11.651191586099136,90.53257080674618,6.927525690601696,107.84206000270348,orange
32,18,13,14.455919500093188,91.62693781652932,6.255096306386278,107.99148775084822,orange
13,23,10,18.56300471259903,91.23614020251878,6.802552721365961,113.89606297757429,orange
12,6,8,30.784014928299197,92.80721315445284,6.423368364596976,107.59064669948246,orange
26,12,5,23.46033432973138,91.54213383408346,7.4101731402124384,103.89758570467916,orange
8,8,10,25.6202565489826,92.67144383359032,6.518285664802397,103.55990218815353,orange
35,26,9,31.728110681242562,90.87606975408951,6.426953028912997,108.66842041552968,orange
21,17,5,24.118731701642318,90.71447984051274,6.953819202811985,102.83288310870385,orange
5,13,9,34.15689147372858,90.67044157382614,7.743119887451619,118.03251622145815,orange
34,11,10,25.289308132916172,90.77017300758297,7.179874219540761,117.18185122533659,orange
13,14,8,11.70395788954067,90.57126946240115,6.525059119871556,118.49144939623802,orange
26,30,6,32.63097065744976,91.61235784542215,7.373580789768651,113.30877580396873,orange
9,8,11,24.74755747404253,92.46971803691856,6.845993786753467,117.0824262241228,orange
11,6,8,18.035812219755613,91.41077246091473,7.929509790021141,109.49891884823525,orange
33,14,7,17.885538146417645,92.18864026331104,7.664327141471003,110.12233098480158,orange
0,11,7,20.834200908014353,90.92595482976965,6.911873237390769,117.26200620683818,orange
34,10,13,33.89183429131777,92.23569214693434,6.770152662483247,116.6898909598061,orange
16,7,8,23.16207663511793,90.56657196056251,6.429636532908424,116.55225851032395,orange
34,10,10,32.231520190272825,94.06540294007044,7.2292091285202735,115.53385912406304,orange
18,14,12,26.711161017754876,90.51301682354402,6.8484874270732154,117.57807230488014,orange
17,20,9,13.796960395444943,92.77075274058105,6.821414661456202,108.37302716038245,orange
21,20,14,23.555976049135477,91.70300394026155,7.197424779105493,118.20516092839371,orange
13,18,7,31.557238082292066,92.27890748443807,7.072531659150791,100.93474165062987,orange
27,9,11,14.981222434910395,91.1954732816252,7.278431625770461,107.71089303985745,orange
23,27,9,19.38855424504302,93.08238366515039,6.199739674368666,119.08727100476959,orange
12,8,11,25.052705021109244,92.52675185423257,7.036917052861718,115.04714385662989,orange
12,5,8,25.889555799173834,90.90936213869797,7.158560668119615,104.9394299646338,orange
16,29,12,22.387759969431784,91.810459379258,7.0647848684526515,117.72157538612649,orange
18,7,9,28.032095411038934,91.49087218151959,7.2691054147813805,111.2089422618519,orange
36,22,9,12.011082731831156,93.91386071541869,6.959351356325898,104.11869169623502,orange
13,14,7,10.393180528545273,91.42030601666131,6.406798416522599,118.4139281171307,orange
28,15,6,16.681725115460505,93.58171013809624,7.199199324081257,108.6859485686265,orange
36,17,11,10.724796067634669,90.31317201115769,7.42152880028179,106.94533087251001,orange
21,17,5,24.121055021496048,90.72113410712733,6.947739365921989,102.83490735476444,orange
26,12,7,13.488021254281957,91.20716980826623,7.437185965107824,109.3913891101463,orange
28,13,6,14.850877628314855,91.6684969037827,7.403010903985056,111.12094633331972,orange
13,15,8,34.20908400965432,93.02318021071176,6.951260554999163,100.26365782703361,orange
17,6,10,22.35689894119558,91.07505751623391,6.787087511894424,105.96254165161052,orange
38,9,15,25.603498302936032,91.82304673578645,7.8935650703178,116.75365021970958,orange
23,17,7,26.27319396283041,94.12301059660902,6.418047603789572,116.61894895732468,orange
36,18,12,10.36939232039839,90.2344582018624,7.363647106059245,106.73119578456995,orange
37,24,10,16.35575840377355,92.71687380834081,6.975400953521283,107.73591416282788,orange
10,5,8,25.786480544457817,90.92865711868201,7.235525285324525,104.48885757484592,orange
7,13,5,11.836402841593271,90.908220946206,6.92821442052051,109.84463515296292,orange
17,11,10,26.323215612583766,90.2040279872298,6.508037183387614,116.92679522029039,orange
20,29,10,29.589037864746373,93.46504055586972,7.247025316637937,102.72213246217996,orange
21,17,5,24.074115551973055,90.77283601705933,6.935901969575868,102.81105104194351,orange
12,7,10,16.91025207496014,91.36310326677373,7.714906790368394,106.62767192425366,orange
13,19,13,17.523625312275378,94.41531033996579,6.6679109819715485,108.34035128204926,orange
4,23,12,24.919992086330925,92.37623387625877,7.426205690825913,111.98957600581039,orange
0,23,15,22.687121406314105,93.32330951592087,7.5913586334515974,109.96280169229084,orange
30,8,6,31.063106723759347,93.12517642477478,7.307764881551058,103.82745766449423,orange
21,26,11,32.103512592624256,92.15694881561942,6.497373526306561,111.47694113178626,orange
15,24,7,25.631529739081195,91.24658519511263,7.365388392098998,102.07321319062925,orange
25,12,6,13.22803980645736,91.43536658251031,7.140804360160977,112.63213520948669,orange
35,17,10,11.781480747909754,90.59647314963314,7.469035641931294,107.52688194778355,orange
21,29,12,22.076571078787634,92.17206376803796,6.435727130951242,117.42670750831827,orange
34,21,10,10.30985045963442,91.82164740611897,7.581701399669908,104.15777845436149,orange
19,22,15,21.041414094160128,93.38085026917506,7.187508563079845,112.88989561548141,orange
0,24,14,19.963302044052934,92.25096890516843,6.602130771397816,115.16909861436501,orange
4,13,8,27.87561742168117,94.48559640565432,7.132738573683223,113.88517075401128,orange
17,6,8,29.889365516648972,91.96557053548075,6.906619782513417,110.04337187314381,orange
26,29,5,32.074357528726374,90.87381200882841,7.438798105446564,113.44034720334378,orange
9,5,5,21.451622982682615,91.32218419198762,7.670637553219679,112.94233725442834,orange
38,21,9,13.121552280236596,94.01943353253523,6.3979507404851805,106.11352491672676,orange
33,13,8,16.263978017626076,92.07281113021371,7.5200823504355645,110.6025927555431,orange
38,24,13,30.60909362695625,90.91366530043244,7.158926384828405,106.04132533122278,orange
9,15,5,11.939043652875164,92.1106141824957,7.042721117768141,111.26862024305976,orange
3,24,10,11.147122628844524,91.2931293810723,6.933537581190888,104.78467728324449,orange
34,10,12,33.463632406259,92.70758214066514,6.888545226867154,116.39174556012446,orange
14,8,12,25.197102637876487,93.15364962285494,7.14466567619599,115.2302763014665,orange
12,20,9,17.549934139681234,91.30460811618809,6.777429183420325,112.90664080999848,orange
31,5,13,17.639201376074976,91.80786269140668,6.632607968644134,110.85022015682954,orange
28,25,10,18.401531713976752,91.41337978778715,6.648411450670862,115.04070753287239,orange
33,14,7,19.412787818582082,92.5650847843698,7.674080155038392,110.39417806098288,orange
36,24,13,19.23332271250129,90.72228857496204,7.853162648260967,108.12365597673077,orange
9,8,14,14.49624392951807,94.11040324398454,7.994582681795174,109.98545795643466,orange
27,26,10,18.507249819164855,91.82817564041952,6.537269244687295,116.02549116869405,orange
28,11,5,21.715515134854336,92.62800407826597,7.465281997447036,105.2815773556507,orange
5,8,10,23.96430810920041,92.23299575144944,6.63552240409642,119.42415610713472,orange
39,27,10,31.203918838941973,91.3765896801346,7.183252099056217,108.59106310054963,orange
25,27,9,27.467467458402357,92.9365815795102,6.085042149671262,114.47785601980848,orange
0,19,14,27.16528728032122,92.50193304872815,7.349332614803873,112.76755946479341,orange
11,7,8,23.12927032896938,91.75662287269357,6.766999824451264,102.7600264530674,orange
37,28,11,27.69148823781608,91.287931076138,7.4039622299069405,109.35948466972468,orange
6,11,5,11.554083031908473,91.3720627005868,6.799625165595033,110.87405321586184,orange
23,17,8,25.868724196517615,93.6681390523616,6.601349876463738,116.94940916572004,orange
3,6,7,22.875305813437095,91.09554713822672,6.721313036530675,112.87133940703667,orange
17,7,9,25.75404415574702,91.47052012965862,7.327226373981569,106.8877559855771,orange
35,10,13,17.392336693127497,92.83474954299868,7.095220270549098,112.3967926413806,orange
28,11,5,22.422849375638794,92.28812360813825,7.552338029727973,104.85296681234765,orange
8,8,11,24.6318252309157,92.44808702046346,6.773582987242837,117.85434065060494,orange
25,21,10,31.855272963021914,90.40750737245125,6.425156884346528,105.57077273898007,orange
39,16,14,21.320904063611124,91.13901363449372,7.85348930285598,107.42481543944086,orange
39,25,12,30.802136036967966,91.08375796375104,7.186970144446102,107.03152981860525,orange
33,11,10,31.71986319928196,94.5430021650506,7.335369398692317,115.2300409527264,orange
27,13,7,13.44417750536988,91.42476289865994,7.108808555947074,110.65872946221846,orange
31,24,12,18.070170623723218,90.05120545529547,7.030865738245788,111.71492648672671,orange
6,12,9,33.702449325078106,90.46262741230679,7.607360552258479,116.28320234087798,orange
34,27,8,31.81065770723303,91.02769640826034,6.439946770149378,106.844678301973,orange
38,22,10,15.2638898436773,92.87889216575066,6.8736874228741,106.87684762155297,orange
34,5,13,22.14373550046428,91.59669753416733,7.080378201998698,105.65316153501283,orange
38,22,8,26.98441348000417,91.41834060905472,6.455663123259535,114.9765005266117,orange
30,7,14,33.16321145093776,91.23042624040674,7.8032650838629065,115.73873790163894,orange
36,11,13,17.544767930195643,92.94219446329976,7.226274515145344,112.43295517405492,orange
14,14,7,10.179933152573296,90.75311846316349,6.303146251477881,118.96057629408129,orange
4,13,9,33.332236845482974,91.60271043619178,7.720662926405395,117.5520387976039,orange
6,8,11,31.031622997375965,90.20988807564059,7.0313536843923545,109.75542911551312,orange
17,12,7,12.518537750701295,92.02147958873364,6.255330283091977,119.13717922274968,orange
34,21,10,10.983432029738223,91.72074594807903,7.4834721394926795,104.95169411234099,orange
29,9,5,28.375854642464272,92.72581115379987,7.4202822472985055,104.02907881555494,orange
30,15,6,16.27205797549069,92.6642421462959,7.417613881760864,109.20353862779024,orange
7,18,9,14.880289259345723,93.03776775897694,6.717817321912676,109.41915750749754,orange
16,29,12,32.32369676081855,93.72515636152689,6.219603106049942,117.37845825209482,orange
7,20,11,16.975948686213435,94.67492790382023,6.478234439646493,110.01280786738845,orange
22,17,5,25.199712355157317,90.64789289839486,6.88108556608084,103.08391599733854,orange
14,5,9,22.772093504192977,90.40786016346523,7.02998715561638,103.389412886941,orange
6,8,11,30.40651558380266,91.00542488245094,7.062656643949665,110.54738405359328,orange
35,18,12,11.422376731070514,90.69390914362887,6.963053916241754,107.11255478727401,orange
39,26,11,31.01025191178924,91.23543924162347,7.1850442674171715,107.83933849456183,orange
26,27,9,28.666359678866492,92.61048248457293,6.282640933698676,114.03050349305956,orange
13,29,12,22.427287434458652,91.64714711090136,7.357427061697756,117.88645527917502,orange
5,21,11,15.703205655337579,94.15401425167931,6.6216568961866855,108.88474979669117,orange
34,19,11,13.602337843551844,92.60062092079522,6.160071818471862,107.34479605215942,orange
8,20,11,16.66297045083388,94.11577216029639,6.487471313134827,110.48730490511453,orange
27,26,12,31.155202805899947,91.87304856888217,7.370534004858006,113.30355588109407,orange
3,23,14,24.359904716720475,92.0328770709925,7.192485492955403,113.35014281243548,orange
12,22,7,24.095676260797013,91.04245761813347,7.136037255732334,104.55202255129068,orange
17,6,8,26.525396117425686,91.36853405625705,7.0782138688268015,101.7368062601421,orange
8,7,10,30.994905522157392,91.17132178570766,6.787251825206925,108.8311268015356,orange
35,11,12,17.484656696763995,93.04566881006878,7.2109242643396305,112.64005917473756,orange
35,25,10,31.661070357540243,90.75292661409696,6.416400200290293,110.14956719429445,orange
13,9,8,24.689153004647302,92.3293963913096,7.250516135815179,111.45822940403438,orange
14,7,10,24.3466850981778,91.88003326140392,6.869920756705199,115.06798955224754,orange
21,12,7,12.887527998505176,91.63917184430821,6.641206443188277,116.24491482593972,orange
20,24,13,19.973532344730305,93.57267179136822,6.825117769708645,114.24444543371088,orange
3,14,10,32.89874401795267,91.05395042323721,7.589594288890713,116.99500790945818,orange
4,23,12,24.88873499379828,92.38998522062373,7.426926225787928,111.96650543589173,orange
33,11,9,28.531224711455312,92.47050025138678,7.094384714388339,116.27562875027053,orange
39,26,8,29.256832499400726,91.61376431235817,6.96886984913459,111.250642168378,orange
5,11,7,17.973975430271082,94.00274863709207,7.020959760906421,101.48655504427344,orange
13,19,13,17.611266034187707,94.38409271411918,6.6849811161230654,108.18931490067393,orange
11,8,10,16.0774716098987,91.55893461318081,7.995794758563293,107.53823520222082,orange
22,28,10,20.867813717793158,92.61418226118927,6.321003013955428,118.21510396991167,orange
5,13,9,34.36736025597317,90.69089684089428,7.77851621405102,118.23087326935764,orange
26,27,12,17.025328145593917,91.15669422294775,6.7170247209311995,115.05913002547351,orange
34,12,10,16.702687695630985,92.47049645887763,7.386311409125073,111.46498601741709,orange
27,11,8,17.77213014842815,91.38340805760305,7.622482585584513,105.48672620056874,orange
18,19,5,22.23270249602191,90.62913842929838,7.292658964561233,101.70681293733685,orange
15,9,10,11.827770653953111,93.52283342096112,7.451246712652671,111.66345603396425,orange
17,14,13,16.189869100632,92.05882245033153,6.5607861244898675,102.59327156443095,orange
26,13,7,16.340998863083485,93.8298907502896,7.086373590782594,107.57766955627292,orange
0,24,14,20.69062905305626,92.56497229834766,6.8805626882009125,113.68543243197396,orange
31,17,12,13.774313296277994,91.69575119985237,6.215718519542689,108.41777983758784,orange
35,10,15,28.108443468052613,91.93594617807312,6.90217594670599,116.73408476878471,orange
38,23,13,30.78665001148316,90.80866233363493,6.999813432297924,107.7522902490751,orange
25,25,10,29.40374175911333,92.03098680840199,6.201672297061803,111.11528888973088,orange
14,8,10,12.74436670629089,93.44537341523065,7.930816379052999,108.4647501688765,orange
0,13,6,17.94551623643614,90.82838620803179,6.933651816411468,116.98373302003982,orange
6,8,10,29.798649534015887,91.77901963707318,7.093096222747759,111.31749573258948,orange
28,8,12,15.548308416313029,91.3017791187798,7.131597773931297,108.3393782959,orange
34,18,12,12.066573634343376,90.9749929573036,6.71797821546485,107.34586335868994,orange
12,12,8,33.22377306062082,93.02364841507132,6.731176536900938,103.00884719689421,orange
20,14,14,24.374627968450575,92.56429936859442,7.397781171857855,118.33634371637332,orange
15,8,9,24.658966010947566,91.41039481734768,7.551668825662413,111.5964567259547,orange
36,17,11,10.568426367831051,90.27124870631154,7.414498670380203,106.85927211841006,orange
39,27,9,31.49668804244228,91.54034080418776,7.191727289484536,108.866250815277,orange
7,8,11,24.479272914084014,92.41957412218642,6.678134779115773,118.87183872179162,orange
16,6,8,26.048036465454828,91.14284009324284,7.149049212683828,102.12741687506342,orange
36,18,12,10.424972052495107,90.25870942533366,7.342502574436395,106.75132507707242,orange
11,6,8,23.369108496584342,91.20966827995086,7.001398649362756,103.14528644023856,orange
7,8,10,12.74628948804825,93.32944278839186,7.303557906309331,111.45239340300918,orange
16,7,8,23.684840856336667,90.94184458766992,7.002588744241868,113.9379708520461,orange
25,27,10,27.588826987310608,92.8519929421694,6.109870156822619,114.40335574330192,orange
0,17,13,29.790949614188712,92.24060470009753,7.237842629856412,114.50236703625414,orange
26,11,9,13.566953870279027,91.11499231820848,7.50034158296283,108.25532900380594,orange
33,12,11,27.4898932441052,91.07969947896298,6.478649687646611,117.07844709906212,orange
38,21,9,14.471063623747803,93.32200788607835,6.673242404696262,106.64262622062961,orange
4,6,7,23.082552552744044,91.18645286931365,6.703081856771264,113.05158846526957,orange
9,8,9,29.678813120643998,92.23249521482671,6.933726243853796,104.11611055007378,orange
21,17,5,23.823395383318363,91.03168389034721,6.885198021140444,102.68204141303838,orange
17,22,8,21.13927425009598,93.3526072879984,6.428190300205025,101.58298234149318,orange
18,5,10,20.722402096279588,90.9448515824777,6.248157864365059,102.39690781645407,orange
7,15,8,18.843491688153748,92.03564367470756,7.807435178387691,114.68518881955872,orange
39,23,14,30.04049924969567,90.90599988584107,7.227352787818484,106.1279083365802,orange
10,6,9,30.91023609384107,92.1513925938317,6.556948374541399,108.01256419637087,orange
19,15,13,25.828793592392806,90.84752637412173,7.044964491524425,117.87306019537805,orange
24,27,10,26.37290259173706,92.69277491784881,6.185508062702307,115.0855381547431,orange
17,22,8,21.33146998850333,93.40006177583504,6.4201934076885285,101.52782505604506,orange
26,29,6,31.2673074109107,91.28507403826727,7.16500779724231,113.58010248610147,orange
5,20,12,16.991197094074618,94.31308594791433,6.456753803467848,111.08913908955556,orange
34,28,8,31.7023439001301,91.11932596647169,6.5489736551497835,105.44062433385761,orange
38,22,9,14.415542964614936,93.52495132746664,6.592341714368253,106.83198957793604,orange
12,19,11,21.567864667707912,93.63911693263312,6.601135618557134,108.87147416458846,orange
34,10,10,32.26296677331541,94.03074795980854,7.220514534364033,115.55575452993816,orange
19,29,12,32.349508566888694,94.01108974614539,6.357348682204119,115.8903126025474,orange
32,11,15,30.57779268485952,91.92763138087255,6.2440083204517,116.61447161862041,orange
38,9,14,24.17980901500616,91.99320282952476,7.874712007115153,116.16387240587396,orange
6,10,10,32.75324833826098,90.34700167621898,7.39763491445352,113.89322343957447,orange
33,18,12,13.00584086553926,91.38482543874353,6.360647135894895,107.6860374495227,orange
2,10,8,21.930943081398706,91.38392218008985,6.815044089363834,118.01959079689166,orange
32,9,7,34.56830129467252,93.53412233205236,7.1982162509482706,103.37991673971081,orange
18,23,14,20.15390022662642,93.80061911565699,7.084737984757823,111.38750869785814,orange
25,21,11,31.824692885903975,90.2260720680262,6.772929303759934,106.74663166889854,orange
18,7,10,14.929216907474276,91.30931810311078,6.165239591637429,100.44983249189853,orange
34,10,12,33.113301062144544,93.09365670396414,6.985407542660273,116.14781931351841,orange
33,14,7,19.211526482317478,92.51547683308414,7.672794900519137,110.35835398662945,orange
4,24,5,28.37344239189958,93.82368624887889,6.439293279791883,107.83943119754929,orange
13,8,10,13.932368154553972,92.74713742304306,7.9535139524036245,108.10317277036484,orange
34,19,11,13.59986647968334,92.6095746410073,6.1612887009373845,107.33805017292394,orange
4,9,7,28.360561237751966,94.49653447805345,7.297726952824506,114.3995727323805,orange
17,11,8,12.33149990744164,92.39669309723911,6.629357501118994,116.76445956878793,orange
2,14,5,10.868397870170936,91.66250516945382,6.734875539183036,115.95808500350381,orange
36,26,13,19.812020394968716,90.79932018589386,7.843712149127137,108.77394818792898,orange
28,7,10,34.24747406615603,91.86041180341113,7.008482282111653,115.6160090501848,orange
9,14,5,11.796973545827692,93.01774162339879,7.011306855476781,112.67028839850732,orange
29,15,12,13.780075663514415,91.4084494977096,6.714889523078608,107.2618968100026,orange
5,10,5,11.343081565365296,91.71873086577003,6.703519541971728,111.64342438113788,orange
33,11,7,34.60591135678916,93.46121230493868,7.22273137348964,103.24771986326778,orange
12,5,8,25.09297580145055,90.59476913832127,7.282244279959292,104.54187234212465,orange
31,23,12,16.973609673636084,90.47661017692316,6.767775439361945,110.80942233973117,orange
13,7,10,24.40671118120985,91.92910584614303,6.887274088472284,115.01237646728117,orange
30,24,13,30.737638911654386,90.46967055567914,7.452631180913118,113.27955732861292,orange
12,6,9,19.232000660367046,90.90867323378836,7.787277429348808,106.02576888003225,orange
8,26,13,23.990991617799498,91.775699708963,7.4937141402250145,115.39645189272204,orange
19,8,11,25.24134521841199,94.65914916399825,7.288663565673808,117.4197501467291,orange
33,12,11,27.6164376545643,91.12330228276757,6.459144251616571,117.0619245282391,orange
14,8,10,24.847319492497036,91.83529814970642,7.385079239734351,112.61119664832763,orange
1,14,9,30.880209325925737,93.76263842711332,7.583618539266321,115.94399787311548,orange
38,20,9,13.222350495950323,93.97731030187398,6.347174958689267,106.30757575829664,orange
0,13,8,25.63279632721282,92.82178808632375,7.282980959007377,116.00296136276974,orange
9,6,9,26.83943906452511,91.3771852731457,7.105239660480736,104.79696049139055,orange
26,11,11,13.709030651218226,90.99026340728625,7.541418172771968,106.3679582172537,orange
38,21,9,13.09469303742126,93.96957131785054,6.445365626357344,106.03834474460683,orange
19,8,11,25.521390206547185,94.5631757121959,7.203020731498493,117.90522225395141,orange
20,14,14,24.315868585090307,92.41175255968965,7.406512604141231,118.35941747455158,orange
9,20,11,16.752336971129306,93.66198108379449,6.495961940451983,110.79537639495096,orange
33,29,7,31.941873475755127,91.10673805985104,6.541639852032876,105.94614210596576,orange
36,18,12,10.863751634258914,90.45016305942934,7.175575020235138,106.910237727642,orange
37,18,11,10.90777659841206,91.02320422225672,7.174101156582451,106.60318036082111,orange
9,6,9,26.96372953079114,91.43012921385115,7.089860839044768,104.83332873802652,orange
8,10,9,22.327079256958093,93.52519345979154,6.016856364842533,101.51626760805304,orange
11,5,8,25.18955363012202,90.67438449337516,7.309384791219728,104.31419264762819,orange
18,25,11,32.03163556573408,91.48836436528175,6.326722888479911,112.89546207220806,orange
29,10,5,26.12551419292676,92.39137739164154,7.514505778160881,104.19791903522481,orange
4,6,7,23.124190810883615,91.22602149345903,6.699742144317821,113.26881429936255,orange
12,5,8,24.035470215506415,90.1827802238911,7.4521828938320125,103.97649989031412,orange
21,29,12,16.158815498731755,92.49047259975771,6.358905631488618,118.93858965961286,orange
33,7,15,30.125757831119948,91.35694068197039,7.891223767513722,116.15641035272891,orange
35,11,13,16.966859252196635,92.91006440899515,7.069218391466622,112.21424731579476,orange
20,19,15,22.810317903275852,92.27822645877274,7.348964484468883,116.25770313480103,orange
35,23,12,31.35115444782454,90.49808503750563,6.630558607816116,113.15312755187973,orange
8,8,11,24.640922362514388,92.44978732625543,6.779274837279757,117.7936643262643,orange
38,21,9,33.59434726965253,91.95723531066582,7.02136775588503,106.43297266773304,orange
37,18,7,34.816729805591535,93.05252436471194,7.360147793870561,102.5067069837407,orange
15,20,14,18.43016544964088,94.18973431015334,6.81563831071214,109.0678329242446,orange
33,22,10,10.325391568644926,92.47187467237482,7.653729333495003,103.14554717023915,orange
31,7,14,33.44728536974847,91.31985949648794,7.539604987543906,116.03532284917405,orange
34,7,15,29.66306015438829,91.40105588834211,7.901001080225846,116.21451892836478,orange
21,17,14,24.0663745134885,91.6411950088869,7.418159488871964,118.42196632934872,orange
15,7,9,23.455286452578996,91.15129612976186,6.61222050953853,115.89385434489311,orange
34,12,10,16.721169269274835,92.48724979498412,7.380676025117863,111.50131615868904,orange
33,12,10,27.244732052309082,90.99522545669991,6.516438602433746,117.11045715102577,orange
2,14,5,10.853764970162795,91.61252261128557,6.75012808901797,116.24019538021682,orange
24,29,10,31.81905336647528,94.3042139550343,6.531953395768766,113.3709610921694,orange
14,8,11,11.760863634233688,94.1645158493984,7.91454827878279,108.93509434317164,orange
12,20,10,24.215727941544355,93.14212178719292,6.564558087651062,109.61193550597855,orange
23,23,12,31.285344025354156,90.26222864693446,6.980291378378131,111.35570621027539,orange
0,25,12,18.098742143556656,92.52538169568889,7.470010527642106,107.22767825181994,orange
5,23,14,26.07734622119502,92.2056564469722,7.295977533324049,112.07925159312678,orange
33,13,8,21.38190463468054,92.74469351334594,7.613079861175126,111.23574427236248,orange
31,25,9,11.533321210873119,93.31807422825264,7.594517333704687,102.9471503324056,orange
27,11,8,17.931806112471858,91.40018485131444,7.622998011635833,105.45502748395234,orange
34,27,8,32.37772011266774,91.436939269481,6.610219892868649,104.82403548136328,orange
2,8,7,21.848009926061238,90.92720759926308,6.815964051677973,114.3761244560395,orange
20,18,15,23.205983059905098,92.03159358908376,7.3850786485607385,117.01100813802498,orange
16,8,12,25.233675938014283,93.80322175081197,7.18619366130351,116.2144084038373,orange
19,7,9,29.40569442723641,91.57370409318207,7.13608270348323,111.17454571114088,orange
2,13,5,10.879869878666211,91.70169086276154,6.722917733062336,115.73691403695203,orange
37,9,14,27.532917700231287,91.87350729590304,7.674897643495598,116.76723608029799,orange
27,13,5,19.544108596077876,93.67138446717416,7.198033465091083,106.59734532311766,orange
16,5,10,21.131564297710142,91.37909705259749,6.210382145625756,102.29472877209028,orange
7,12,11,16.92476992895466,93.04032060360188,7.891718412850494,112.75110479674592,orange
16,7,8,24.48795495677441,91.2412117528973,7.526199359636244,111.62593651435192,orange
1,29,10,12.069938853254575,91.47260417185095,7.26135419897239,103.81529748709846,orange
32,13,7,21.313275926541305,92.82800323246653,7.678446359973767,109.84448282673563,orange
5,7,10,24.337509350188135,92.3790319073296,6.602424551873739,119.5986691851604,orange
38,20,9,12.987072267846491,93.73860064136854,6.432930970103282,106.3017113855276,orange
10,5,6,19.65164419063999,91.38164188486873,7.872722098160514,111.27101140300793,orange
36,9,14,30.002576752674045,91.94343366837602,7.315323884174742,116.78043604610703,orange
4,9,7,28.257372074879083,94.49298295617491,7.282736863667841,114.3387649698791,orange
1,15,9,30.25474791302341,94.45966491090857,7.524878947414123,115.68729399161023,orange
27,13,5,19.673373740523612,93.60927140162171,7.213942931845,106.5190168602829,orange
14,9,11,25.953115561617242,91.85139409956044,6.953877045346554,115.08390283598642,orange
20,24,11,31.984015737091937,91.18994829056193,6.454764120914664,110.74913594887053,orange
33,22,10,10.323899959713176,92.40946697692922,7.646816216203543,103.24269938912988,orange
37,9,15,26.536258259907363,91.86508680931617,7.524404064656042,116.74636468331663,orange
19,27,9,27.519280623627534,93.3062575267928,7.170300343144293,100.93164032950212,orange
5,16,12,33.45986520337034,92.74951836214883,7.522779052085221,118.95876566786852,orange
3,17,12,32.247971377153696,93.77786683597185,7.461424579706269,118.1228425995277,orange
29,6,13,16.844363761878153,91.54473742321225,6.796014097333677,109.77575955450223,orange
9,14,5,11.415994967879191,94.46597046008807,6.930946274403836,115.80718286453325,orange
7,8,11,31.026501713626295,90.8055875942486,6.873194438354045,109.13659078442025,orange
6,6,6,27.3783185266529,94.32686697540218,7.2281229381749075,113.9518641073514,orange
24,30,9,32.48181845636666,93.45062444617608,6.885001686837315,113.27394706692745,orange
7,17,10,10.331137258057218,91.2927579039363,6.471087901949609,106.40029313846102,orange
31,9,15,31.75062211523254,91.54484983009878,6.942178706219577,116.23990585113991,orange
0,20,14,26.340466453567647,92.65850791359655,7.394064782904649,112.24579915681907,orange
38,28,10,29.550382231107314,91.38680121560996,7.291111423862523,109.25555409706323,orange
20,12,7,12.827794743168186,91.67492376673114,6.553565987722635,116.87867577714927,orange
33,10,10,32.022980641643755,93.94644078789105,7.447281165929552,115.30305042335151,orange
12,20,9,24.220678767721417,93.04226366749185,6.528830101463074,109.56840363666696,orange
26,30,5,32.68899632520518,90.89720482557627,7.563655951201509,113.3223254580082,orange
20,16,14,24.829177410135188,91.2264854678802,7.267549377845802,118.20724600101423,orange
6,10,10,32.49036620188683,90.31497901616622,7.339551195110293,113.23131645866142,orange
10,20,10,16.87776111396737,93.02509428760212,6.507878367877953,111.22774863477687,orange
27,25,12,29.472961493092686,91.49136896617132,7.06624085706268,113.66820818397584,orange
21,7,9,30.57870242658118,91.69738079356566,7.043353212543181,112.11854676231096,orange
28,26,10,31.2944927236046,90.48994914472864,7.736904977013911,113.32976601287248,orange
37,23,11,31.492143865042824,90.6965447746742,6.548619835141402,112.34453505831334,orange
9,10,8,24.83423503889383,94.089199840493,6.660148798546758,111.73334724403804,orange
18,6,9,24.815123236399312,91.41664015780147,6.694965309468336,101.64297954766695,orange
26,14,5,17.335869817413084,94.73246307891294,6.92625175947726,107.93543185716796,orange
7,12,11,17.101717367452153,92.95004805714424,7.884675858929443,112.92443506203288,orange
35,10,15,28.474936395783608,91.95246424310665,6.757128020111458,116.73122219139512,orange
6,8,11,29.82753898554673,90.96256408962695,6.984437029005927,107.69671366409949,orange
31,25,9,12.27703512858659,92.96366295347012,7.516143380090747,103.98128700138962,orange
33,10,12,31.6473308501485,91.58024777759066,6.752053134349512,116.9573393810872,orange
8,8,7,13.833606360674793,91.79881977312736,7.347224583885611,109.84668208315081,orange
21,29,12,18.722166110760753,92.35254979057393,6.3921818347722015,118.28369880016305,orange
18,23,14,20.23837621891323,93.78154953917235,7.097925896432275,111.50119028935121,orange
28,25,11,18.294978439815054,90.99530706383857,6.7604316758161325,114.0481441441231,orange
31,13,6,19.311352709793876,91.80859547944327,7.645776815501624,107.21568975147896,orange
8,15,7,16.649278017487894,92.90484830305029,7.551602216901945,114.9388070876547,orange
20,24,10,31.28667975064755,90.76325351573963,6.602650107072196,108.0820385963258,orange
2,18,14,31.30305019419813,92.68578108030215,7.311862227443802,116.60024988838228,orange
33,12,9,26.049320289175153,90.58332812844543,6.700698243699379,117.26653892063838,orange
32,5,13,19.598577124832246,91.65464560042301,6.797935360013697,108.51335164721445,orange
32,18,12,13.796046927782557,91.89881534499861,6.064690805980331,107.87354785018078,orange
15,8,8,24.614718554880085,91.42652787200119,7.553404554345628,111.31707998365184,orange
5,14,10,33.98012865132025,91.66988440874218,7.653018942705126,118.64712854237065,orange
28,25,10,18.33540251299234,91.15391507020239,6.717933556314553,114.42470183674742,orange
0,21,14,24.073398248024706,93.08886307245868,7.517013758945199,110.81171048355104,orange
22,27,10,20.312464674242488,92.78995615797257,6.2754778840523775,118.54253613279266,orange
32,22,10,11.545293432354676,93.07041699587283,7.197660767746663,103.4825428170225,orange
33,23,12,31.04786380425768,90.48403837369403,7.036949163644039,113.215627955033,orange
20,20,15,22.375538582226515,92.54924064800625,7.3092801921296555,115.42992886062689,orange
1,23,10,22.612028046930796,93.37015461466342,7.548571364702339,110.05568276021377,orange
7,16,7,11.402002166293055,90.64831662339986,6.8501629990073445,107.59410567008426,orange
14,6,8,29.76209550682626,92.51883216603183,6.5643528024121665,105.5171825842302,orange
4,23,5,24.124631712140648,93.48050071595152,7.213842605850177,109.69916515487066,orange
21,21,9,30.247780287161355,91.43641073567241,6.370566490063303,111.89826016813046,orange
10,6,9,26.447180641512144,91.21009517112003,7.153774937767079,104.6821829746449,orange
36,28,13,20.48854854235375,90.88937420652098,7.832664016631403,109.53417411975755,orange
21,26,11,32.115378898699575,92.25297413908262,6.5016047359381055,111.54921382068011,orange
7,19,11,16.363309070499994,94.67229234730299,6.475023594395819,109.94577549014186,orange
8,9,8,15.942764685161931,92.56529848619137,7.822808003375985,105.05701946597057,orange
36,27,12,19.008936725900153,91.6118554103467,7.499221375160574,108.97200014847098,orange
32,14,6,17.13472643594843,91.72994387415923,7.64918714867067,108.80644328090034,orange
39,24,7,26.8871833838795,91.76245078172323,6.7276003084180545,113.62401833589398,orange
7,7,10,29.242905250686334,91.34371162166553,6.963814690684194,106.76925289787404,orange
6,12,9,34.405132011025756,90.54822382858455,7.762618054654298,118.05247651679045,orange
12,9,8,24.743478692284288,92.98835139548592,7.0294542261025965,111.56124674809784,orange
26,27,12,31.509060911393618,92.62772427702409,7.151052027844329,113.28933752322278,orange
37,9,14,28.45119458178535,91.89950755338367,7.5411997267442,116.77214413569445,orange
38,21,9,12.906714573601043,93.99900881945332,6.50656247232798,105.72759322249323,orange
13,19,13,18.55535927447186,94.19684767418303,6.677173421571444,108.24500334543798,orange
6,9,5,11.18867759977578,93.10719599289803,6.689273879363226,113.69480990034309,orange
36,28,12,24.11228788432747,91.09756194297351,7.6212503842306365,109.55959739468408,orange
35,53,52,31.10162718885986,93.92935158404751,6.640965799531252,56.71167362147487,papaya
48,59,54,31.746626285974973,91.31000848587274,6.724502919489567,233.69304778791613,papaya
68,60,53,36.31910016999809,93.06270231990023,6.98768900335517,141.1746039272762,papaya
38,63,49,35.726396108023465,91.22605436695645,6.729346302463004,163.15939532095152,papaya
57,66,45,38.50620127049608,91.74744252954494,6.700279652166235,62.621658211218076,papaya
66,59,50,31.634572346030403,91.92166236753945,6.927803540497635,142.8983456477435,papaya
62,61,50,33.18432133947414,91.09190497681607,6.5538897476554965,207.57320141800028,papaya
32,66,46,42.372241585291675,90.06230879868656,6.8381615240333895,197.36545056903478,papaya
33,54,51,30.350445852168146,93.5408407641209,6.607295485201887,59.71523045194893,papaya
38,56,46,35.511479548340546,92.34570165105954,6.758995089535642,135.70160027910117,papaya
56,55,49,28.293174892422577,92.93993990195418,6.732379095053056,238.77956862640005,papaya
67,68,50,32.45429317132975,94.07941814453127,6.811156525253951,83.5430718124176,papaya
60,52,51,37.860480293051154,93.02435100042212,6.78684895463616,44.47871860813562,papaya
64,66,45,35.42307451933052,93.26168099965682,6.904226986396603,208.7453960205309,papaya
39,52,52,35.0768975244754,90.72044005533606,6.9287850122715255,77.85550246598669,papaya
64,47,53,29.807995660439122,91.94374265921196,6.832436570063573,178.92001745047543,papaya
50,59,47,32.71315258050419,92.7222839492902,6.929275153812898,94.0494672657553,papaya
63,63,49,38.57998813372823,92.64528165925412,6.831036155627891,157.58435897879332,papaya
40,63,47,33.13261695847457,93.27014644201974,6.858415758798522,71.05307933347297,papaya
35,68,52,29.748235846905043,92.79370345577526,6.87183745136119,245.80155726160314,papaya
69,56,48,38.53813980907886,91.8010563103418,6.944052615440114,129.20809840552567,papaya
60,54,50,40.74138597909514,93.8744615660846,6.704860499081398,118.76040733396505,papaya
42,46,50,25.18377993819909,92.25233327130995,6.613913169775685,207.39593287034614,papaya
68,66,48,37.78865584957751,90.63747588324566,6.579431262822737,91.49600456898044,papaya
58,59,53,36.15323373227066,92.01759923487297,6.64990728153085,190.59213816834753,papaya
44,63,47,30.330111525958426,92.04663480449899,6.740872683186148,169.1625500112169,papaya
47,52,51,37.43642331562013,91.21974053345629,6.6205825001193634,239.57467212406885,papaya
50,57,48,40.21736972730218,92.32677775699538,6.8030201491231,209.961737231997,papaya
44,56,52,42.17102776127764,90.54665326009106,6.9137588769886325,74.42204505065402,papaya
38,69,52,26.29263746231335,90.81926068959775,6.651323656039246,59.42261283905329,papaya
62,57,51,25.48686597139576,92.59754657802912,6.580278922829915,62.95537192200512,papaya
50,56,48,40.10248842162542,92.37542137630817,6.814463107094519,209.98125691352473,papaya
45,49,45,38.67038188336797,94.6473182309981,6.599463745447165,218.13617425114788,papaya
56,64,50,33.44496010608657,92.66244140474194,6.6562507031819305,142.1775895428182,papaya
37,68,53,29.97467822040244,90.78300265860689,6.748515472762764,201.7843194211584,papaya
41,54,47,42.316114379910445,93.30430945637617,6.610646436047052,211.1963451126093,papaya
32,66,46,42.250803988369185,90.05929022395115,6.816089009001229,197.61330756724087,papaya
56,63,47,28.77698956615306,93.11743350570914,6.92123771013865,91.11668805351329,papaya
58,51,47,42.096922385756535,91.75958866466722,6.76211243457758,197.1919244166352,papaya
68,68,53,30.781914366907493,92.7240068591353,6.9554092802648455,55.424372480910435,papaya
52,48,53,32.755960619772736,92.4392477960336,6.805891202997924,48.43286984000934,papaya
37,67,51,26.903542328495917,91.24718237084302,6.636693592700947,60.10338366354757,papaya
39,57,54,39.42737847906,93.7191931796364,6.976057028543819,151.9491171115982,papaya
60,63,48,34.76888802438678,92.3782442938594,6.627933855688891,212.42001958581574,papaya
49,65,50,37.32121335778562,92.96980536293138,6.8519425307935915,103.62019654581006,papaya
36,61,50,36.220858757304896,91.43082361024804,6.792637617565641,162.22981442702357,papaya
54,52,52,37.31519393199039,92.75640670627675,6.911933188156041,209.7750131139625,papaya
56,57,48,31.220740658597418,93.0421912782037,6.511554227239547,63.54443388690116,papaya
34,60,48,28.50566827584382,93.23702419995328,6.526062667997336,119.15862625069886,papaya
56,62,53,27.703027428305273,92.97733225227218,6.567540102620779,62.739968852012716,papaya
56,56,52,38.7124308262057,91.76475462847091,6.619498295769488,191.43995273283457,papaya
44,54,47,25.00255998784011,90.99708256631185,6.647028686940922,167.9952495335544,papaya
59,53,48,39.44002000276552,91.49336979808625,6.694985572380187,199.8608187550776,papaya
35,51,46,38.606955197694674,94.65647539696316,6.715014705844212,212.93332524244954,papaya
69,65,51,33.51153484672734,92.17299607759475,6.56533069257934,81.1672487954325,papaya
37,68,52,26.951613447037264,92.9620738267841,6.940041320463325,242.88543493917481,papaya
45,63,47,39.28439391653191,91.78953747560162,6.796018349552184,102.4829608750609,papaya
59,62,51,43.58380651113324,93.1796197460432,6.70555058132226,107.01230179801092,papaya
33,68,48,38.35005264104862,91.22257124003585,6.696450993388955,241.11280501983225,papaya
31,67,45,42.47742920249948,90.06492344762418,6.857280440422178,197.15076016251908,papaya
41,61,49,36.61615161549777,92.23441842194313,6.909549958446732,73.05536743738543,papaya
37,68,50,27.65839834415292,91.01846393346008,6.728852431153764,56.76368795622324,papaya
41,61,52,38.24771054309237,93.07309207979223,6.8623027038493705,154.86452141588475,papaya
52,51,52,38.688490793204316,92.98960859500869,6.967173402615667,209.2233658001762,papaya
38,51,51,32.66077003193067,90.80326186971867,6.927626098905067,78.81397374426868,papaya
66,63,50,31.338921874550884,91.99579498077014,6.5464393163871435,78.03697284727231,papaya
47,48,54,38.53548834142248,91.20941336601689,6.798230501663533,116.66576235138588,papaya
36,53,45,42.27678272121865,94.93001648237613,6.656956916577637,214.6751194324937,papaya
32,55,46,41.78859750004377,90.85812052448446,6.858063697414484,187.36556820229967,papaya
54,66,51,35.283267255616366,93.21755027733813,6.592998073798997,141.77333708408418,papaya
50,58,47,40.92472642591368,92.04875565295397,6.749052291399343,208.45453065330275,papaya
51,51,52,38.44825454569491,93.07586539059784,6.979236031685334,210.26233065515987,papaya
44,56,49,35.390275870319535,90.87247911740018,6.6495030783235265,68.99500140529139,papaya
54,65,49,31.325401364906515,92.3234811221348,6.662322424701078,146.15187537637172,papaya
51,56,48,32.744425800834804,92.58591804904763,6.876250970734074,91.93657257734293,papaya
38,63,52,29.599507398652452,93.58050229780531,6.630824320090479,50.72549281709419,papaya
52,55,54,25.316189846033723,90.6247110233966,6.688088214575588,109.55856607572346,papaya
36,58,46,34.193176038957475,93.548963152588,6.719252393927217,127.24291522147371,papaya
34,62,48,41.35889092981579,90.25348566048797,6.687614491833011,196.44555145359172,papaya
69,67,54,42.44940411306726,94.01214323142733,6.668295762099675,80.66781228664024,papaya
65,59,49,35.43786774141032,92.49913149410217,6.922587503216344,197.49688739014954,papaya
59,46,52,24.633624941792366,92.91994581886506,6.756835232620965,183.32711133114205,papaya
47,55,53,39.61341261868233,92.69027017059916,6.661603178841893,76.85473356746307,papaya
44,64,48,29.602565323005297,93.85616087366022,6.857140361356479,241.10018681961432,papaya
64,62,47,39.20579554202898,94.54031753596858,6.895047476498439,182.03862550146235,papaya
61,59,50,40.90097753224583,92.82921776208839,6.837527003067954,163.00570940498577,papaya
53,51,51,39.401259178610324,92.72380723408126,6.923801753293991,206.77860522380846,papaya
58,55,47,26.37208139286767,93.61488388726733,6.744253683900303,240.7693727771886,papaya
49,48,52,31.437461094809713,92.32608314052669,6.764709696715751,208.50226595971384,papaya
66,60,49,34.61365806262682,92.59693551301154,6.942909068103375,197.5084546550189,papaya
57,65,45,37.33173836436245,91.98237887685488,6.664267009460197,62.81790530728134,papaya
39,47,46,27.324668308687528,92.59084088163073,6.787337016815613,213.03712525487194,papaya
55,64,51,38.60885619151008,93.66188273486439,6.889773013132905,107.53377466841359,papaya
42,59,53,39.18433419133893,94.04345457278083,6.959138736409741,147.41932190150877,papaya
44,56,53,41.79215116006893,90.92889138098245,6.880256834150592,75.25363469996667,papaya
41,58,54,40.02552101574241,94.27940098408614,6.978756710559014,149.44101147089015,papaya
55,64,52,38.59629701268488,93.59920026729051,6.793666682998265,104.25110362034123,papaya
37,68,53,29.89505475466143,90.7873501319365,6.747348366263703,201.8184075215617,papaya
52,61,46,39.745693393948414,92.84297345535789,6.749301095214965,213.14736144506287,papaya
39,49,48,33.813959822955525,91.37145748324244,6.706079784844916,180.24989422352212,papaya
56,58,49,30.313507843216726,93.02546386671602,6.525993216440337,63.33695902164145,papaya
46,62,48,38.69701068505367,91.55753349725086,6.867450526720018,103.17726496927752,papaya
50,54,50,28.093333222072708,92.87009626240854,6.804865803537785,98.85246782670129,papaya
69,66,52,27.937897718936906,94.33265205714726,6.807590908166104,82.274393995291,papaya
51,60,51,29.49986694238008,93.648963133427,6.637828549394381,137.81158071073628,papaya
34,58,51,36.884934319481594,91.70583376632953,6.8776394184474,160.98136430521757,papaya
55,64,45,38.35114136448647,93.86433667435894,6.751105546810632,217.6123531189322,papaya
56,57,51,38.81018706125452,91.68374787304903,6.98166323526168,105.76017068501898,papaya
68,68,51,34.37329114248561,94.18210343647301,6.78900521785892,82.669034104756,papaya
38,50,46,42.03762248245333,94.10281875568782,6.551568514997482,213.3609864144732,papaya
63,60,51,32.175458276887234,91.08327142986315,6.5561376065347945,207.37390855918383,papaya
42,55,49,24.338065827198488,93.78241991474435,6.755603046817849,231.73279799032875,papaya
69,66,49,40.19019851249261,90.46212797967304,6.537839347995069,91.24856384570418,papaya
66,48,53,32.768332480372074,91.36589066706802,6.871644172692263,176.3773570855494,papaya
36,66,51,35.1766608389873,90.4412321752932,6.703335229472782,200.72933411283734,papaya
47,56,51,35.58419022394371,92.50862596915775,6.641335674028509,76.86857984752413,papaya
53,54,49,32.86493126667216,92.46846960906214,6.839017584998807,90.59781873093992,papaya
52,56,47,41.138416478307846,91.9879514732783,6.750538983042981,206.50279735158801,papaya
67,52,49,24.781470668819537,92.23207267653179,6.57467596840703,64.11258205611506,papaya
35,63,51,27.715722297786492,91.82072314027113,6.6178544175811185,60.87953823142723,papaya
58,61,51,42.93658776477682,92.85175145396265,6.66951918251376,104.15047065520223,papaya
37,51,46,42.557746571092686,94.00316376039055,6.547182612403543,212.60865034174626,papaya
61,63,48,33.812516948704925,91.93372511743473,6.593564540719156,210.84012651275145,papaya
44,48,45,38.9192570025207,94.49347787118111,6.594912607047803,217.38257344812536,papaya
57,59,54,37.33460629752403,92.04978416809952,6.5934705382212355,188.34471352056966,papaya
38,66,53,27.36750854166257,90.8974555473853,6.6954757245267675,204.012490294378,papaya
37,61,51,31.148390836520623,94.92458755575166,6.622089526767461,46.31798448728363,papaya
46,48,55,36.014704672660635,90.96777086289893,6.738295167574645,117.36216501410483,papaya
48,55,51,24.943359107077335,93.84207735816013,6.675568407832994,135.02594337627386,papaya
47,61,47,32.067395531490874,93.81812814924635,6.75913416504377,238.6397554925576,papaya
53,61,47,30.861612681524022,92.91527012203711,6.924901993287976,92.58549334641629,papaya
39,64,48,31.25993038808472,93.87986700757476,6.819118548005579,68.94996696571225,papaya
57,51,47,40.82530197435659,91.11456517924321,6.769553179090474,96.55979974874715,papaya
67,67,48,34.29140525748444,91.37507603464289,6.662013574861544,90.51304423101064,papaya
46,46,52,23.185758780256936,91.38718255463456,6.506930563294732,206.492956956386,papaya
67,61,50,33.39750461325262,92.71504668284388,6.956046132493545,197.07005534254327,papaya
41,59,46,33.56166560471556,92.29555676387545,6.821926423164591,135.74247317339945,papaya
65,68,54,30.09557885643083,92.8120875705826,6.881227273588651,56.794643120711925,papaya
43,64,53,29.74810128232236,91.40563147240717,6.7461501119806515,232.8441225955397,papaya
47,57,53,29.373772447178727,90.43074106869801,6.6245876852600105,126.83654056682674,papaya
35,55,49,26.114142892811376,92.52395819044283,6.719402247941043,208.87317935971132,papaya
46,56,53,40.5255334447125,91.95287545984385,6.753141722318413,76.18443945284785,papaya
37,65,50,37.735805734363694,91.47650179971704,6.5770778847793,235.3710385418802,papaya
41,54,47,42.19275094871485,93.20764362034433,6.62160375543028,211.09034556846942,papaya
43,64,53,29.58988821932575,91.47267599954311,6.755216976886186,233.21607402575648,papaya
69,67,54,42.23494134461633,94.45096412071501,6.681906633181352,78.83572255268288,papaya
49,47,47,26.508655791270236,91.16631788793165,6.69506583015859,218.21826252463632,papaya
39,49,48,32.92172427872794,91.37131884076716,6.693835202521237,180.09217867617826,papaya
38,68,52,28.992087594976596,92.65081582211074,6.895707931750884,241.4066895146112,papaya
37,62,50,31.380902851256064,93.88200658514151,6.728138970044133,47.21607460802868,papaya
38,65,53,25.710728820215166,90.96444786207157,6.658721064458442,205.6571728012425,papaya
69,67,45,34.65452059355507,93.06710844048422,6.9918635095889545,201.25482699464297,papaya
34,68,46,40.99988072910178,90.57075190457292,6.647902727968067,237.4921479727036,papaya
47,59,47,25.87392465077649,92.7313107881547,6.772078182722099,175.27487137149095,papaya
42,58,48,36.714858049988074,92.08742731253635,6.659577098846674,67.17465445423713,papaya
50,56,54,24.870344184470948,90.6923408330646,6.691871234455348,106.40862294444747,papaya
34,68,52,30.327974596038345,92.7588003425468,6.857698815497732,246.40606829877578,papaya
68,62,49,34.65131889896366,93.12469001672689,6.980960296067964,195.2853141941611,papaya
69,65,46,38.464968633028676,94.0548202528787,6.992967216415298,191.25910082080404,papaya
33,54,51,30.230630823782153,93.47887245814196,6.601924998116964,60.19430418464722,papaya
40,63,54,28.96919083212231,91.13329711798286,6.683367592874318,234.89130633322412,papaya
59,62,52,43.660942512927214,93.09816452535959,6.609931298279068,104.0861252258557,papaya
39,58,50,38.234501031395425,91.75646947285082,6.538135362331124,239.71635364978448,papaya
57,58,50,40.47944769867558,92.11541259709982,6.975158455520445,108.8774386561193,papaya
43,58,52,28.71564611454531,91.27711682416282,6.578101625465817,123.71303638789364,papaya
64,64,49,37.890444332723085,92.59063599841163,6.8291077867958645,155.97372750333497,papaya
69,67,52,32.535593218236556,94.50140130342771,6.783972375151905,81.55049180560148,papaya
68,63,52,28.958324734923252,92.59590370159364,6.846900774829829,57.699050631228694,papaya
65,59,49,35.53114774754396,92.4880625152748,6.920287608242888,197.49557826388505,papaya
57,65,50,32.65613756622756,92.34673217951205,6.642622311782108,62.56487066671047,papaya
46,56,49,27.512224458204535,93.35951777195,6.725172604487028,135.6787175540745,papaya
38,55,52,32.06501029795882,94.75698392133245,6.675127168538186,49.45848732635481,papaya
69,67,54,42.66606547746707,94.3525952681475,6.680806737049197,79.65310159869793,papaya
54,65,51,36.66371306381451,93.7046361766586,6.872439908515925,104.47916151078668,papaya
34,68,52,29.85927255211399,92.78701850207807,6.869129494467202,245.91733857504897,papaya
35,53,46,42.11482103119258,94.9131639049533,6.668600075984656,214.24822095832826,papaya
48,66,51,35.279464828873294,91.83580706247253,6.665840680658163,238.9860072244501,papaya
56,63,52,40.66554809024857,93.39944194177718,6.718298578437426,104.07692583926311,papaya
45,51,50,40.40936860322719,93.44865532099,6.7946468138993215,210.95500128037747,papaya
68,59,50,24.94693301609362,92.47575650174869,6.677355063549208,58.94336297260373,papaya
57,67,51,35.56707155177473,93.05857202520299,6.64934917161327,143.62198332238032,papaya
50,47,51,31.23139815399389,90.57808855018878,6.704907087290293,55.245028207421825,papaya
37,66,47,39.653685032150214,90.4160033912457,6.645011640658619,234.31107624080377,papaya
57,53,54,31.771635151001654,92.29271759895418,6.640003792628919,186.40945633061202,papaya
50,55,55,26.52763046578135,90.27952501887431,6.686379650277566,109.85277458305441,papaya
54,65,49,31.322760383401537,92.32288453292024,6.662368683046771,146.154797061686,papaya
37,67,52,32.21997071827028,90.63190369664699,6.721479152704331,201.40169845223897,papaya
48,55,46,40.11757525322531,92.93906782089547,6.694018555109274,212.5169033265872,papaya
57,63,52,41.82681764549653,93.28733700471025,6.676001785065065,103.97917677605865,papaya
46,61,54,34.82536314960392,91.32736282175985,6.8354206915638835,99.94163530423344,papaya
42,65,53,28.34283539119596,92.0011283636649,6.826683006988645,236.14783625950287,papaya
66,64,50,29.944394980076762,92.77534698700367,6.6654866675218125,80.92915571158531,papaya
36,63,49,31.46649908049804,93.28999591065411,6.788228645268452,47.64868558064487,papaya
36,53,46,42.75502353844448,94.53893093156371,6.616083096852778,213.413944765436,papaya
56,51,48,41.017886087315546,92.12094431080364,6.825430702046523,201.23365427758142,papaya
57,57,51,39.48361902105565,91.65020339638143,6.953883534181845,105.67812551132234,papaya
52,51,52,38.5830143151821,93.02894225791823,6.97359160088334,209.58514494257736,papaya
69,50,52,37.65321683174929,90.552178142898,6.929953791727407,172.07203014274035,papaya
56,62,51,42.89807100802672,92.87529068906585,6.641837178140661,103.58621843284948,papaya
34,53,51,30.638289125688157,93.6897132410359,6.62019752765637,58.56430511866705,papaya
37,61,51,31.248374925274717,94.79861176206862,6.635102628363016,46.54626665661155,papaya
36,67,52,33.24255843335586,90.56595889100541,6.715203975988978,201.1691575076482,papaya
60,56,50,41.25954261161547,93.77108360191656,6.751675548521406,117.97256004717721,papaya
34,60,47,31.166298511659903,93.46393035932819,6.610379254702084,122.4698106639808,papaya
68,67,45,34.198755134247946,92.94790494716108,6.971610646821538,204.6275575227328,papaya
34,65,47,24.022088991935785,93.44517143754568,6.82509346114261,192.71888657532062,papaya
39,54,49,35.93085903554484,92.62940448648297,6.733185483895306,124.07623393346672,papaya
36,65,51,28.217258142370987,94.43182792419248,6.682441250336767,53.272975443586326,papaya
39,64,48,31.738394594326465,93.72520163554474,6.847812588711205,70.02521033425509,papaya
69,67,45,33.711190667157986,92.74812624297897,6.965799467721424,203.60182089234246,papaya
46,57,46,41.15872290243892,92.71653716306845,6.7293640492964215,210.86131334809716,papaya
38,51,51,32.37183189722357,90.73895517649996,6.916458430905487,78.44174305587725,papaya
44,55,49,38.67737351574447,91.18409893063621,6.534576368894641,63.72750081886811,papaya
56,63,54,26.80948922025261,92.96085733973302,6.581761136425814,62.535625803373826,papaya
32,55,51,29.593591948273918,93.14682676871571,6.5742957033362375,62.67411229409651,papaya
38,67,53,29.975873716224623,90.88904851709215,6.739662028900417,202.4936600634521,papaya
36,62,54,28.169784039594212,90.89756449570113,6.626737653073122,236.9766662226939,papaya
36,63,49,31.486630440989757,93.15076103537287,6.802361124286324,47.750431271074646,papaya
36,65,52,34.55273338064516,92.26277933748946,6.631219464237394,239.5098970438487,papaya
44,55,49,38.98105898048659,91.22330894542343,6.5264951536878195,64.1209170641333,papaya
69,65,46,38.22258962163898,93.99199283464701,6.992897010663465,191.89491954947823,papaya
66,69,52,32.51023783966144,92.59160961086242,6.939958326223488,56.05739684653103,papaya
31,68,46,41.11451119407702,90.17476328722651,6.911801149177884,197.0151757855604,papaya
44,56,49,37.75945002378201,91.10884101320192,6.569532832403834,66.19183284122093,papaya
67,63,50,31.259924094979617,92.09302056865627,6.549628219018653,77.85779012880471,papaya
56,62,53,27.769653412597503,92.97856069136314,6.566479722251619,62.75520553313742,papaya
61,53,51,39.00161869353235,93.38114010221967,6.772276942400897,43.84097528205826,papaya
51,50,52,36.74046618762653,92.91992746959369,6.9335346590074085,209.85478497401508,papaya
55,67,51,35.616796244234386,93.17101671179209,6.6206572907513195,142.5858270423936,papaya
62,68,49,35.11077870409291,92.22897425041198,6.840544576201133,58.80558642476687,papaya
35,64,48,31.59130212259969,92.42681848114596,6.875842017181076,48.279451280339735,papaya
57,55,52,35.51430837418492,92.17016543673667,6.78726780311109,208.93370243075867,papaya
49,61,47,27.63651139627027,93.01411043447838,6.808255640304328,173.21602199112857,papaya
53,65,51,36.09027495526991,93.6698740610906,6.874776033606414,103.15037620566643,papaya
42,48,45,39.63520250608185,94.78552773106244,6.599189023076249,217.25889414091753,papaya
55,55,48,31.527139368459213,92.78707292471029,6.527155962128907,62.73601814716204,papaya
56,59,50,29.571259612353753,93.01177841423554,6.537806407065767,63.16721444331848,papaya
32,51,45,38.512390788965604,93.1551271661388,6.6184677511633225,130.8516658969034,papaya
37,66,53,26.41313005279952,92.35288680613736,6.85417833035947,240.8515649879352,papaya
56,64,52,39.99128787514997,93.46453268547124,6.7428570841421065,104.1336812274364,papaya
36,67,48,29.647005336237005,91.33512035526618,6.839306612898165,52.865801027380584,papaya
40,47,45,35.921884860127726,94.50970028118032,6.656120115124511,215.56640795478617,papaya
63,67,49,35.36983347526043,92.61254867945613,6.763158450521942,147.73200314399352,papaya
47,48,48,24.133895993612143,91.8416782998203,6.727867263283472,222.61745479037376,papaya
53,62,45,39.31748706206475,93.15658971942663,6.749855163892589,214.51836637436364,papaya
46,58,47,26.09203399680493,92.60807710514818,6.75922575360332,175.63688075556342,papaya
35,59,47,31.793121779334314,93.49341938124061,6.632611954594108,123.42960312760894,papaya
70,66,53,37.52122868134488,93.98888433701303,6.645061176647979,77.58565637648577,papaya
45,50,45,39.26003196119821,94.05143835426436,6.623096126188469,215.99888548907893,papaya
50,61,47,29.24112864534046,93.00387518978701,6.811873415954522,172.385155911047,papaya
59,62,51,43.61967596616051,93.15194204412315,6.6676482155948085,105.76480981185694,papaya
37,55,51,32.30512256680181,93.89251541680463,6.7679557450599,50.49946557395324,papaya
43,58,52,28.738268326193563,91.19820170409479,6.581013766547916,123.94055323548467,papaya
43,57,48,37.634281892969675,91.78386869115442,6.608542843977748,66.17921159707426,papaya
56,65,52,39.262939157062966,93.41042812644795,6.776921496096816,106.87937600457086,papaya
56,56,48,25.89497420728809,92.25946234385451,6.774541170912637,140.1291721227138,papaya
69,51,52,37.69003423451677,90.78605032989648,6.938755329703416,173.53370956854206,papaya
36,65,51,28.177458184417524,94.42019503161512,6.682653852147336,52.681795659829874,papaya
57,59,51,41.0501935913231,92.19533275365805,6.824870503634186,104.9850450268566,papaya
59,65,54,27.59732836174084,92.91932915455565,6.663405223050539,60.97747939105992,papaya
38,69,51,26.385732739817033,90.8158106500165,6.658164136020172,59.25825155962766,papaya
47,58,55,28.956614030985314,90.32860248178913,6.742546534936412,104.02815730318781,papaya
59,61,51,41.91962344972016,92.39975142021387,6.754405419473694,109.0526775837406,papaya
70,65,52,30.95941822245252,93.19208467012795,6.588201654394457,76.07694664115377,papaya
34,64,47,23.44982090621718,93.51173031081143,6.81606663308413,193.02394316426245,papaya
38,52,52,32.40857223841447,94.68178367059002,6.69745262148088,50.69617373848211,papaya
56,51,48,41.18541312635307,92.05847112052184,6.815236753861103,200.65904475659198,papaya
50,56,53,24.985256448380913,91.07177370530935,6.7026369319864525,105.01507905324709,papaya
39,50,46,42.93386461657066,91.09411546706323,6.509887513452462,245.49271943630308,papaya
51,52,52,38.779182699359176,92.93574213005606,6.946273340918269,210.20610207967474,papaya
50,50,51,38.45817068873676,93.45769405447835,6.897700931935006,211.9795214245194,papaya
59,61,51,42.040403135781325,92.43769557470755,6.7445060467582145,109.18456396459459,papaya
38,60,52,31.23325621170875,94.939041677087,6.6210778559518095,46.4620822838819,papaya
58,59,51,40.316341631003944,91.8960642935935,6.88581397673213,107.30196069205734,papaya
47,58,54,34.095323160987085,91.58403784250355,6.652451273094347,234.92568098224788,papaya
45,56,53,41.289355493253645,91.33537137214101,6.829797309827601,75.62312629220136,papaya
69,67,45,33.63994627781025,92.6868413716681,6.950948130391139,203.7153438661674,papaya
57,57,51,39.19485712222982,91.54373864305626,6.977733350834244,106.07734637263337,papaya
60,67,49,34.68454450106101,91.62419622601905,6.790308512302388,242.9363208710105,papaya
45,46,49,29.324463540946162,92.7180040881697,6.53272755213203,211.0324850000875,papaya
60,62,51,43.2835806385604,92.79514674871953,6.599960907576878,102.5740082449417,papaya
61,54,48,39.1365716042786,92.06022849180054,6.831392929211672,197.4449784058748,papaya
66,68,47,24.833728638458272,93.52843780040008,6.856513835149487,85.56887858863007,papaya
53,62,50,41.87938213189109,92.56921887003483,6.685300564671833,103.27521217158807,papaya
52,60,50,39.45389896591704,92.19960103828546,6.777765741903268,165.02907293535645,papaya
57,58,50,38.23560779088057,92.94650281953523,6.832152400028622,167.7278411312385,papaya
51,61,48,33.63842990348744,93.02710275635947,6.911864675906124,96.62055991630804,papaya
36,55,50,32.39266287140198,91.56167721841439,6.855583894757221,160.3897692307292,papaya
47,46,50,23.56942556908893,91.19937846966822,6.5570044635901725,209.4751271316712,papaya
45,46,48,30.236821224043176,92.91372164936347,6.537257834216835,211.72197734654367,papaya
57,51,47,42.09063647168369,91.71700317727999,6.75716380011423,197.80571739485634,papaya
37,59,50,28.37970200816517,92.44902122959189,6.534855781571751,120.33436832312455,papaya
56,63,52,40.752719671125305,93.39102669955882,6.715123537528428,104.06958823161617,papaya
37,65,51,28.294364709859085,94.45436494339349,6.682029365583676,54.41829936445872,papaya
47,48,48,24.224183859535213,91.62226917513576,6.725157057912442,221.82969865938065,papaya
38,68,53,26.1505198127768,92.71747659457012,6.914397135362802,241.37812251829106,papaya
39,64,51,29.191370552095584,94.54853683162,6.695064670282685,64.3013324031561,papaya
57,56,51,38.40110710527144,91.59152801597834,6.977933099346473,106.47480529498695,papaya
48,54,52,29.069655655943954,92.53064235108118,6.730005275137095,233.2544999359642,papaya
36,56,50,31.4866355437691,92.32192894608706,6.839892728153363,180.87302465714373,papaya
31,67,45,42.18555777940477,90.31294222977574,6.942574989234605,195.09199831762731,papaya
32,47,45,40.59273295044935,92.7632718098576,6.578717770100151,131.67302313016143,papaya
39,63,49,35.607537818182266,91.17683220203644,6.714132418288269,163.38284676967447,papaya
45,51,50,40.48891558559202,93.46218891198396,6.787145294445435,210.98174384467583,papaya
42,49,48,41.34954164237967,91.18837320785394,6.535831049831451,244.40561876386028,papaya
66,56,49,27.49267640076096,91.88604275779392,6.555505527616709,69.89976942485362,papaya
59,59,49,40.08794197559942,93.32400759941866,6.899297017924125,115.0089915749861,papaya
63,53,51,37.30335725860021,92.447028010551,6.817726341758549,172.40971547860303,papaya
60,63,51,43.23901306599858,92.81425095295864,6.646265300928761,110.49339602822448,papaya
46,49,48,24.063111448900344,92.01369227797372,6.72999203000935,223.2350456316922,papaya
47,61,52,28.86743893583604,91.95911709108235,6.742684409893485,234.70342289076274,papaya
34,65,48,36.90344372135014,90.34237271938889,6.6017860881756505,236.28269939615373,papaya
34,65,47,26.549275188873295,93.08316110620088,6.804941017646334,193.06306240602026,papaya
58,54,51,39.139696728936904,92.64033672151754,6.812301440309452,112.37684289496232,papaya
56,57,51,38.86231446982106,91.63467032988045,6.984315738383107,105.79128016441744,papaya
43,50,47,28.174168883658545,91.43165273225645,6.636532748758246,179.0927270164908,papaya
31,49,45,39.094370404564124,92.96460207722761,6.555042090768901,130.78830220354618,papaya
65,62,50,31.563919511097758,90.90103010427268,6.518187402122938,207.0233479694384,papaya
40,63,47,32.32006825048148,93.24275646611177,6.888558589574008,72.00192655015724,papaya
46,64,48,37.96623840380141,92.26339266950664,6.838578670141237,102.93395668411418,papaya
62,63,53,36.02186495180108,93.17546428084788,6.8018869703021885,141.2502573412053,papaya
41,47,45,36.34904355812445,94.54411772644731,6.644465141613522,215.9579133772482,papaya
63,50,51,29.608194639327053,93.04370767226884,6.766300577209862,116.41958524453307,papaya
41,49,45,40.5359746470241,94.39053222877335,6.564231033962565,215.53305238834713,papaya
35,66,51,28.410151108010712,94.38644023790793,6.668913965813021,42.01980049434671,papaya
46,62,46,31.106899448898318,94.19720217363063,6.81297733737655,240.80525303007514,papaya
36,55,50,32.14022654686328,91.54050976217057,6.850134433443375,160.42533104426258,papaya
54,66,50,33.808503547749,92.88440590640013,6.618829428272585,143.40485001182896,papaya
50,56,53,24.8937577597204,90.76965094605116,6.694064764203008,106.1246859332891,papaya
67,56,46,40.64398138881852,91.68284978238083,6.9249129631304776,120.7551491422081,papaya
68,52,47,36.68583177090444,91.7003021239164,6.873298786973266,120.85444864686939,papaya
68,66,51,28.5823722713218,93.79364731235354,6.764547726117656,82.09317153779996,papaya
51,50,52,36.708391359777394,92.80126873324564,6.952554458728011,211.24245774497717,papaya
57,58,50,40.07318462517319,91.94105160443276,6.979905128196498,108.04538286808895,papaya
34,66,49,40.66951475061528,91.13091997017825,6.615579097172734,239.6845157318206,papaya
39,67,53,28.456341815139265,92.77949096498902,6.856354701809598,240.1525982661447,papaya
48,61,45,32.824862521443436,94.51922865253992,6.759699364969038,240.37163615848786,papaya
49,48,52,30.76054595938289,92.25028041973026,6.743159618936666,208.3296203416711,papaya
34,65,47,32.02593437054543,91.96188369769752,6.753410824323345,195.36363091459066,papaya
48,55,52,37.03649844262308,93.08227767214754,6.591883642156922,77.29908069288085,papaya
64,64,49,37.36233064001723,92.54878351319486,6.827630871212988,154.74016331951853,papaya
40,60,52,23.045839599129234,91.13404908869826,6.581128522682457,207.9803430046499,papaya
44,59,54,34.00324178947113,90.63974245411138,6.823358365045556,98.49957639739776,papaya
41,58,54,39.87990035964711,94.14301571965377,6.978099460084099,150.0516217628483,papaya
35,64,48,31.603172281648703,92.34472069568146,6.88417502446928,48.33944412227656,papaya
62,68,48,35.67967509231282,92.14964385048528,6.818796745163117,59.40678256307242,papaya
64,64,50,41.7666887388153,91.58087611471889,6.566261442483108,97.73761195279378,papaya
44,56,50,40.52511440155587,90.94403401049895,6.693015721205351,68.8335906634618,papaya
34,62,50,31.976795149213984,93.01210073386845,6.950570285385397,180.38477906289106,papaya
49,64,53,37.272645009794374,93.68317234443747,6.727836485337153,144.14456420073043,papaya
48,48,48,24.339911990286897,91.34103749898514,6.721683202391151,220.81997776725441,papaya
58,61,49,42.939940908437976,93.17141317033973,6.9464106892326845,113.91670446716799,papaya
32,52,50,38.910679870694665,91.75826122203848,6.905571627371198,168.0281275271629,papaya
43,47,45,38.817137882737924,94.71985877488629,6.578724980287491,218.01927236766898,papaya
58,54,51,39.12867482007431,92.53604232487902,6.828588820302997,111.78913011473848,papaya
54,65,48,30.743307475964667,92.19198798772696,6.67251814181966,146.79583867700325,papaya
59,62,52,43.509241734768075,92.98652766823416,6.623105469683792,106.8235134759309,papaya
38,64,52,24.68750296440179,90.97937513098007,6.6048813858257445,207.51439867544784,papaya
65,50,50,26.734152383828334,92.05433918788385,6.652014667679479,58.95305779069267,papaya
52,52,52,36.01853212010754,93.01041572884924,6.646467585303999,82.4287476635382,papaya
59,62,48,31.083896061360722,92.48648774275844,6.770359281386321,241.99767992050323,papaya
53,65,51,36.21043383727904,93.70137469825684,6.872958410673542,103.47038640552954,papaya
50,58,51,28.091439223668505,93.7270695209674,6.649621956463511,137.0074643315744,papaya
34,49,46,35.81408405902738,93.93723972210555,6.69811235275333,210.57292065666968,papaya
45,56,49,27.719328085717482,93.81647453297526,6.690049366287062,132.77523727884582,papaya
55,57,51,36.104905256910214,91.21525860881754,6.927954686638193,106.39829850868989,papaya
32,63,49,28.22158601763241,93.38756463022371,6.9060111581494485,187.29776970010823,papaya
38,64,51,28.670338154574623,94.56425598145498,6.680021005796824,60.00292586092368,papaya
57,54,49,39.79811348037962,91.32688960851702,6.896110433536588,101.85914426377472,papaya
35,66,47,31.341762503901297,91.60498551347948,6.933439348504026,49.543891852919764,papaya
57,57,50,39.217089756317066,91.57363068708459,6.989907519226223,106.29203943819284,papaya
63,58,47,41.98440977958097,92.50642285093505,6.933095983834155,117.80585960961889,papaya
50,59,51,28.625767104383968,93.69743759881027,6.645147785640298,137.31252918866141,papaya
62,46,53,27.19986429148903,92.45284483203672,6.79789368371744,181.16016533287075,papaya
36,68,52,28.767668453764905,92.85273841730242,6.895751473551213,244.77909013700437,papaya
32,52,50,38.76849909005024,91.78398710698417,6.912261534480074,167.12767812058462,papaya
41,60,47,35.616003643394606,92.4502270499058,6.720570966123461,68.36436339908914,papaya
62,56,48,38.02488352453657,92.19214584823452,6.858802509598983,197.46058024943656,papaya
34,64,51,35.61304799821135,90.974150117535,6.603895270101624,239.22708576974088,papaya
50,55,49,39.81420054101256,92.49748967832136,6.843178537182026,210.03024040639772,papaya
40,55,49,36.3231011846479,91.83048626317377,6.536166226347948,63.915519728098594,papaya
34,63,54,27.287396632540244,91.13911590629003,6.653701423283103,239.09858059912722,papaya
69,55,48,38.6969217416493,91.71073150585333,6.94076478514718,128.35052439109649,papaya
59,61,51,41.53844498439083,92.28000036728606,6.785647657489603,108.63644659414932,papaya
50,59,46,40.44719620782918,92.32919615842907,6.748393400238277,210.90133250028265,papaya
44,64,48,29.453181566438033,93.82229470679125,6.861525848802345,241.12947440716658,papaya
44,63,53,29.887050412884477,91.46635112449431,6.7433265080918945,232.91367908856503,papaya
36,60,49,32.02452306938419,92.85520993321636,6.8542276236489625,49.72673547497281,papaya
44,57,49,32.150511162522356,90.54926230061724,6.758859657292546,72.82823864140148,papaya
33,47,46,31.676059152843308,93.95670641250325,6.786574997108198,209.84397672521973,papaya
44,58,48,30.502194157093754,92.74106720467164,6.780206072185193,136.25547028028132,papaya
60,63,52,43.431865542599894,92.92958639861901,6.629825060912251,108.21974019175263,papaya
67,69,53,31.535980248187954,92.72746606199064,6.977202348027122,55.02782465405947,papaya
58,59,49,41.40077463099131,92.51082997309848,6.964393909932697,110.7643820105638,papaya
44,57,49,34.35644096196317,90.76933803824902,6.684399639954841,70.21821815839832,papaya
59,64,52,35.90664644249694,93.21917466323596,6.729863764559949,141.27958318499176,papaya
40,58,54,39.83623681422891,94.10212135516183,6.9779023871774655,150.2347098695128,papaya
50,58,47,32.642850049305366,92.68491699050301,6.907635515092832,93.06502701811365,papaya
56,48,49,36.15932091298289,91.769470684514,6.706304779768982,88.24098969938015,papaya
46,57,50,32.78784890032244,91.40409048433159,6.736552900290095,76.03967363585267,papaya
22,64,19,19.29777226522417,53.334522034828815,5.162257437601215,187.8199461452122,pigeonpeas
13,71,19,30.566820909594234,35.05053780256237,6.264403491431986,178.3064028225508,pigeonpeas
23,69,21,19.172376693591602,45.38398740550457,5.527324325429058,132.82110307671377,pigeonpeas
5,56,22,25.63362113865819,43.376618180649345,5.233116923213945,188.38789286652784,pigeonpeas
8,76,24,28.79811258396555,50.06113522626537,5.726864899533345,179.18164570272222,pigeonpeas
21,75,18,30.096506139745525,56.95658419988416,6.8375714216722,121.3713581092363,pigeonpeas
17,62,16,29.278501562835118,33.42062686871353,6.768542146014025,180.6569949944308,pigeonpeas
8,78,18,20.879212648517882,57.331135115608596,6.002629089285761,186.9925658948918,pigeonpeas
21,65,19,19.271059020112,51.93234233481308,5.418188056564868,184.21422032554742,pigeonpeas
10,62,24,19.84805499994302,39.10385524670091,4.802890273184105,137.9033935797675,pigeonpeas
13,74,17,23.157149332647922,61.764787905832996,5.726688658422567,95.27172169123072,pigeonpeas
9,68,19,29.248747455586617,43.512004719871996,5.752247091943034,124.96857889536983,pigeonpeas
31,76,24,21.762294906605206,55.2400090897279,5.360668282550321,194.01403660206506,pigeonpeas
4,68,19,18.919392487947018,56.37567797812072,5.136803084983277,143.2139044614058,pigeonpeas
5,69,16,18.338762474252277,35.2309061044144,5.380674080533659,103.87832041722628,pigeonpeas
6,64,21,19.736666134968964,44.28673520375827,5.117205261082464,144.2092232331998,pigeonpeas
16,67,18,31.083881343888013,56.123704876445785,5.61146632743786,129.04162883217703,pigeonpeas
3,71,20,25.467439157963415,61.93771869685486,5.54187948834134,174.58610604445911,pigeonpeas
13,73,19,19.194692125504034,37.28367190458529,6.448991793009121,93.24952597431276,pigeonpeas
36,73,22,26.178635819183476,50.24492160741788,5.405996513178882,189.02101482167774,pigeonpeas
5,75,19,26.417068739905986,42.69748355885687,6.778057448969999,177.88464360264118,pigeonpeas
15,74,21,32.05449587558342,36.67740868316519,5.316574692071393,157.50266950577222,pigeonpeas
27,72,22,22.003168197388003,35.233926125202245,6.183135951805667,167.16868952373187,pigeonpeas
20,76,22,35.03155321725552,39.4866747600862,5.123115753041293,149.83185522409144,pigeonpeas
7,69,19,19.54292316157865,64.17955203165765,5.840862743120759,173.12403955399904,pigeonpeas
8,70,20,24.764762542564405,34.29598426989288,5.757202482421396,158.97584177021815,pigeonpeas
20,75,23,31.25039811539111,42.2513096070634,6.861905095363611,95.26478514808471,pigeonpeas
5,73,17,25.672959055676102,61.05279922988105,5.437134958442751,97.87197325174766,pigeonpeas
14,74,19,18.96823844844839,36.77464275623869,6.6227529582083235,93.44699945647109,pigeonpeas
27,59,22,30.90911935357516,52.77393840532101,7.051887989632423,170.96153852667518,pigeonpeas
37,74,18,32.461641776243795,40.16795064581979,5.751047762946554,188.92055874335392,pigeonpeas
28,60,19,33.90839284498392,67.54755261675653,5.26714320212005,108.54376273984917,pigeonpeas
14,70,23,18.438404883314476,39.49253373717924,4.996233150321756,140.74521967050197,pigeonpeas
30,78,25,22.01166311639432,55.69914256126476,5.7086431920109675,196.12195539207164,pigeonpeas
9,76,24,28.516106475010808,50.37414507555636,5.705533628861496,179.46933184164226,pigeonpeas
2,65,23,21.684161613652158,54.61925786560636,5.168392782599209,168.92350611405553,pigeonpeas
24,60,18,32.9731220261522,53.641707237484255,5.823086005997917,176.4693402533773,pigeonpeas
23,73,18,33.34699290896698,51.8324755095691,4.866379374653956,160.97444316123392,pigeonpeas
27,61,18,33.24745663090984,67.08388568863401,5.255021770933081,108.88798187756173,pigeonpeas
16,65,18,36.335667428350945,58.138620308044395,6.174316011223955,124.40780849028779,pigeonpeas
17,57,18,32.5316583587333,40.90866262571592,7.271542292079194,179.7671077107866,pigeonpeas
25,72,23,25.633745286025853,45.026814231536875,6.741268070387113,150.3708535365591,pigeonpeas
35,71,18,29.788209899172326,65.5782301994128,6.563657899783325,195.82620575594225,pigeonpeas
15,69,17,30.77490360510856,33.72484083848402,7.073351706521135,179.83509053120378,pigeonpeas
16,71,18,19.922821066309563,52.38040094203996,5.654019174211577,182.12838436598187,pigeonpeas
6,57,21,26.661412967862677,41.34411047035567,5.494258021326203,188.25735974815217,pigeonpeas
9,59,17,29.734604201602256,35.17956034010692,6.364030416236531,186.77773560578675,pigeonpeas
25,64,20,32.647302241209914,33.02818555419078,4.832787881313303,105.3280440910153,pigeonpeas
35,61,21,34.32177546260494,39.68770286466871,5.718968309256276,168.37024111389348,pigeonpeas
25,64,21,27.454934395561246,38.885324639401745,5.0904995805669575,108.31634016438238,pigeonpeas
28,60,19,34.014418330223606,67.63038478459383,5.267304754547247,108.54988964880968,pigeonpeas
9,63,21,19.902331047232494,59.53081189843964,5.712838158465432,138.77943647577476,pigeonpeas
31,61,22,33.8115569685599,65.82875394484076,5.5436006825767805,111.71129293027786,pigeonpeas
5,62,23,27.36830543231347,61.58005473288863,5.071957082544147,149.79068261099005,pigeonpeas
10,74,24,28.40693218741642,57.530922292414964,6.305671402072344,119.74546731505104,pigeonpeas
34,74,23,24.218312512928065,51.01052770192367,4.932866989786269,191.42445071071708,pigeonpeas
11,72,21,29.531308003537312,43.5477105623924,6.644481689763969,171.06157397003403,pigeonpeas
20,74,18,35.70265709649599,42.22403098233392,4.881975009009131,156.50454468797759,pigeonpeas
33,75,23,23.65999353573799,54.90921632779446,5.946744131995102,191.63447979117916,pigeonpeas
9,78,18,20.91455875514397,56.97581884763014,5.930488666405104,186.54015455734734,pigeonpeas
8,74,18,20.13251203426788,62.9831017264442,6.443975432681922,183.5423495069068,pigeonpeas
27,71,23,23.382130476269985,43.97409641719025,7.071881189417884,153.8744539606029,pigeonpeas
12,57,19,22.770135063497978,41.21307226307651,4.986146829548858,183.5331024346956,pigeonpeas
0,69,20,35.43937630698106,54.78092785821116,4.684541643026988,101.53981960319912,pigeonpeas
3,68,16,18.352731277927287,34.725902090929246,4.968229541204227,107.5452242982911,pigeonpeas
15,78,21,28.74984873216227,56.92216700637851,7.003249719491566,120.65499294316402,pigeonpeas
32,73,22,28.3687082697994,57.671620943074764,5.990011451266533,105.45786055706742,pigeonpeas
5,61,23,27.51373359124829,65.73491082714108,4.882797022129823,144.76665811885798,pigeonpeas
15,70,20,28.572053766039126,56.814985697811075,5.938718389912623,124.90085187945682,pigeonpeas
19,57,23,23.859342904740316,47.08844829172949,7.278921130714139,141.18626328200335,pigeonpeas
34,58,20,30.07390516675083,64.07615925800536,5.705895671897447,92.16077546010659,pigeonpeas
0,70,20,35.918613266774436,56.21069123224413,4.699915262670027,101.47317219614783,pigeonpeas
26,61,19,23.36082769068048,58.71472571428742,5.008501215803033,189.40234170387308,pigeonpeas
23,70,20,36.568230615904156,40.315750606284574,5.255498874626647,160.78524853364402,pigeonpeas
37,72,21,28.650322507250614,54.04131188668483,5.789975929905846,187.49135012573558,pigeonpeas
27,67,23,31.281036436420067,49.69330393945128,7.060655872022341,167.2386211429112,pigeonpeas
20,57,16,20.783733681512388,69.17300961127904,5.272660856897927,183.32896007403872,pigeonpeas
17,66,18,31.051842876867013,56.465808320094474,5.636465386140827,129.3413206437618,pigeonpeas
16,77,19,31.236843944056297,56.640671618004525,7.0610286309416574,123.17245021189302,pigeonpeas
27,73,21,30.16832542538255,58.29087923995462,4.898424442927777,161.4898936341051,pigeonpeas
36,66,21,30.683691718061574,44.61296544960213,5.740700950155247,145.85851722859138,pigeonpeas
7,58,18,29.322779779620248,36.08112976637043,6.170457453890108,187.9193569549707,pigeonpeas
18,58,17,23.955107280992245,40.04304809304052,5.543084651018249,182.36570303812192,pigeonpeas
32,64,21,30.47335793267914,47.137605869878385,6.767213294711964,165.40812368212985,pigeonpeas
31,61,20,32.38951084838608,64.40486843480731,5.148233522526628,126.7399556443009,pigeonpeas
1,67,22,21.52998985403093,58.60831523614549,5.051172762159997,173.64402635667062,pigeonpeas
0,67,20,33.43471384601704,51.87263167310039,4.71272075294844,101.38249731734457,pigeonpeas
15,79,20,31.42342552888803,56.71730578679555,7.2938802906983256,122.03688766931332,pigeonpeas
6,72,22,30.926296737493534,56.629795057735784,5.478926132064199,109.26807952393482,pigeonpeas
37,60,21,31.092726804502878,67.60344095968684,4.787037171039892,124.75249654398743,pigeonpeas
9,75,24,28.979110165252035,49.09296703781264,5.929789940731002,177.89109984795007,pigeonpeas
21,69,18,24.302207950879684,32.28807937019423,5.658923887604162,178.1836373284743,pigeonpeas
24,70,23,36.345279645623314,38.069843915964064,5.503825008980966,157.5055370420269,pigeonpeas
34,71,18,28.51861206518638,65.38221185769832,6.800618132703676,197.8147281764758,pigeonpeas
12,73,19,19.524429564143947,37.47283489676763,6.376196309684904,93.30173933740966,pigeonpeas
32,73,22,29.09708651662792,59.40725355483346,5.981954979239256,102.98374575547872,pigeonpeas
4,66,21,26.70641296093374,50.56154135608565,5.9368847041454575,156.54006796305572,pigeonpeas
34,58,19,29.546441437666925,63.62527910661423,5.741354571129556,90.8121190347541,pigeonpeas
29,65,19,31.683233954844766,64.01162029372253,5.5532048615569485,106.44358855863479,pigeonpeas
9,69,17,33.01231465442218,32.60639114293995,5.932120757689467,160.70764850190554,pigeonpeas
25,64,20,31.30816906271918,34.53876598939895,4.899252796206612,106.09873802833967,pigeonpeas
8,73,21,28.07493209577103,45.29068097021158,6.79929157829179,173.6399575659022,pigeonpeas
7,57,18,31.90430709545987,44.680168129973325,7.0063892507331875,125.7318851312676,pigeonpeas
3,60,19,25.838950171815245,40.79826579832943,4.8151384840130245,100.2687187536506,pigeonpeas
31,76,24,21.985005131110995,54.7344357117924,5.283788039292568,193.79494822125025,pigeonpeas
7,58,19,28.04176280373292,38.61440236742167,5.844976972066677,188.08205054311117,pigeonpeas
3,69,18,19.78541019552978,47.95937100023005,5.411507347118976,148.94554521652768,pigeonpeas
23,63,19,19.339184457893754,55.50825029774084,4.7655011446812585,193.4097204961239,pigeonpeas
8,68,18,30.22204100489355,44.253949521779795,5.783532914977986,125.71423301073177,pigeonpeas
1,68,22,20.65635081384095,54.47268868722028,5.250999275161202,174.1683649980897,pigeonpeas
16,63,16,30.839372183010436,32.57499368395113,7.073088961883186,181.39077787164547,pigeonpeas
25,64,20,31.83447362219048,33.94507942911655,4.873130832898492,105.7958407962452,pigeonpeas
16,67,18,31.43505375253345,55.88421055472054,5.6317908237215715,129.1900232209949,pigeonpeas
11,64,18,30.18822715296715,35.10476851539705,5.685740431391714,181.30938913931328,pigeonpeas
27,65,23,31.19444651745626,50.410538777701525,7.058614529312779,168.10539260740856,pigeonpeas
28,59,21,30.210219013707576,56.12206114862479,6.505270600677091,174.85868166900624,pigeonpeas
37,72,21,28.950228174778857,57.35569323868218,5.709171818865537,188.20514479451796,pigeonpeas
34,58,21,31.02472706962112,64.90299750641232,5.628828328195086,95.06984721643246,pigeonpeas
36,76,17,35.60335364387498,32.868559778570585,5.576226035053842,191.1248562868326,pigeonpeas
26,72,21,21.172172806719793,34.208747474483246,5.630109666617759,170.41592072435125,pigeonpeas
1,74,17,26.894733834781558,53.56469328251158,5.852219617659637,145.90391148980743,pigeonpeas
1,67,22,20.101019114000174,55.69772639485721,5.027787488794094,173.66964090411463,pigeonpeas
15,67,17,30.8347965975467,33.288771920810404,7.0994874816093025,180.09564396179326,pigeonpeas
20,71,15,34.456713645059494,55.036604995087515,7.1486177987739365,134.66826160343558,pigeonpeas
10,71,18,19.686110584653452,65.3235410978502,6.101474665342827,174.19463087846185,pigeonpeas
32,62,20,27.924698723835814,62.38413269760385,5.792255558122119,90.64706343395173,pigeonpeas
21,73,15,29.5286830706494,66.9189391052773,6.440603416731338,153.42525800030754,pigeonpeas
31,70,22,29.94929976868211,60.73763814636385,5.859631059700467,104.23818710125775,pigeonpeas
33,74,23,23.457458325013725,51.20367516657454,4.784901132159702,192.3584710850563,pigeonpeas
27,72,20,28.749930592000894,40.39254348549652,4.948986881988457,92.81916440008149,pigeonpeas
24,73,20,32.2415012663297,55.20159092695913,4.910200312425746,161.41744377361354,pigeonpeas
7,76,20,23.441726625394434,56.93838736318864,6.328173646796364,186.97751988366502,pigeonpeas
35,59,22,33.167294591459054,62.61948840429996,5.3568088601126,172.3427124025535,pigeonpeas
20,75,20,35.28261925903172,40.51074452470892,5.032902815837531,152.32816881058963,pigeonpeas
23,69,21,19.36481191546776,45.46538899907874,5.6049252974274575,133.17612556541752,pigeonpeas
1,66,22,19.543155141361755,57.40733366895948,4.872088806034279,173.16570992728646,pigeonpeas
6,66,15,34.386264518391364,30.82344569342395,6.2748774369978975,159.0180411894442,pigeonpeas
17,66,17,36.55606129931489,57.67237728538774,6.401361894746131,127.2787571818617,pigeonpeas
30,72,17,28.728279830999877,49.43745442288351,5.852072672647333,96.28494621023805,pigeonpeas
15,72,19,19.195362284063435,34.760657492546244,4.753026628463625,162.86278966288816,pigeonpeas
29,66,20,24.522546349553327,53.09447825132094,5.459539421481269,121.59821218078021,pigeonpeas
19,59,19,25.88519280820232,41.01065727767032,5.994981897334386,183.90996272944525,pigeonpeas
33,76,19,25.049838104490775,62.41141358027221,5.194013290229295,157.65441698079795,pigeonpeas
27,67,17,30.642499790937006,61.01465697349639,5.932394665911122,116.04367841694616,pigeonpeas
39,58,22,36.46701778501226,61.78920055666012,5.333758786308851,163.82117990384538,pigeonpeas
8,65,21,29.88945102367966,35.01468193092501,5.730298494672255,157.26688963628783,pigeonpeas
26,72,16,29.913157027226838,57.070726193595775,6.476160463170443,122.6181969045831,pigeonpeas
17,65,18,34.739605129619164,57.6074074215639,5.9092673829150115,126.27537693156847,pigeonpeas
17,63,17,30.713435390808353,34.36887113056113,7.105023377708688,181.95209232870388,pigeonpeas
33,73,22,22.660024755941613,49.66259736520474,5.227758215532195,193.35721551325062,pigeonpeas
30,67,20,26.6960024138048,61.46448440545986,5.817956073768671,91.14574415422034,pigeonpeas
31,74,24,30.52147347854197,42.69679787423185,6.340387147923179,149.0090518980463,pigeonpeas
30,76,24,21.522059780813777,57.46449222677796,5.967609005208274,194.03389874907342,pigeonpeas
8,66,19,30.981494496080508,33.46359541082985,5.8321545221139175,157.47667839035753,pigeonpeas
5,77,18,27.148094735289742,64.39177785608825,6.396862889807664,181.6007763932189,pigeonpeas
14,62,18,36.1686787074227,56.00466617842874,6.302542496863543,124.97471066008634,pigeonpeas
33,56,21,30.721013520770523,39.067173879725594,5.926670818218141,171.37963000823285,pigeonpeas
37,70,20,30.076002434106993,45.33264655641178,5.930645258995505,147.82879442813862,pigeonpeas
36,61,21,27.47177634649585,62.33284080457248,4.661157918335365,126.31915990464516,pigeonpeas
26,72,22,22.15315793716071,36.276532195542444,6.473486548655649,162.73939482890583,pigeonpeas
29,72,18,27.18392734944659,53.43137582277347,5.843135350607359,94.7006650679391,pigeonpeas
1,75,17,28.076496866002447,51.92880332523159,5.987846603156619,147.1202546944902,pigeonpeas
9,72,20,28.6417227552674,39.38408888806194,5.44695945136762,96.78824295326513,pigeonpeas
15,71,21,24.7181486289856,45.91878711086175,5.887646658348334,120.48584265721071,pigeonpeas
37,58,19,31.119010682355732,43.56117196363047,6.144694622132972,166.50734226559538,pigeonpeas
3,72,20,26.637217770925943,62.92685269240154,5.687663773855949,174.86598892939702,pigeonpeas
12,64,18,36.04038713767548,54.842282021641324,6.0291693404189965,126.00487596124401,pigeonpeas
16,69,18,34.87380939194154,57.718339634629444,6.508549816867945,123.72123054553768,pigeonpeas
36,66,21,30.637053014020385,44.59548460912047,5.745592244889937,145.80937401534885,pigeonpeas
29,62,22,23.021748654481623,44.727550287906006,4.868674029755246,115.76666927160187,pigeonpeas
28,72,19,29.423734545342686,48.77395478324838,6.215118573207962,94.8114282369062,pigeonpeas
21,60,19,19.415938581079647,52.910992900589115,5.284883803877405,193.84148585341217,pigeonpeas
26,73,21,30.803736277734778,58.11796698692888,4.924553160733324,161.64944722635875,pigeonpeas
20,66,19,19.248676153916566,50.75746446147313,5.632630771237759,181.19300451219112,pigeonpeas
36,73,22,26.256468221970927,50.21452408996045,5.424781581701925,188.92558913878523,pigeonpeas
13,74,20,30.205820508512822,35.193624260509864,6.902678579699039,178.81925170073058,pigeonpeas
10,69,20,33.61204467997385,57.12873247996119,5.80140654371359,126.24258021951867,pigeonpeas
3,70,19,27.41035254388967,51.188349461370755,5.967779444461067,152.67036924158765,pigeonpeas
6,69,22,25.13410480437059,50.046166654464294,5.962879606776333,172.7326151909222,pigeonpeas
14,60,17,32.43260125329225,37.794900208303396,6.571560307251298,177.0236343797597,pigeonpeas
6,77,18,23.383941962367196,62.19636167623722,6.544856190451944,187.02150989944465,pigeonpeas
13,73,19,31.211524082870927,36.526412995688986,5.310851542759891,162.24814949328186,pigeonpeas
20,73,15,31.119372176888266,64.33268648378512,6.682289760068105,148.65244708569065,pigeonpeas
13,61,16,30.35999828427384,33.70515068840132,6.765418785720147,183.72825232311627,pigeonpeas
27,62,18,32.76605515006472,66.05618305176898,5.3618453596978926,107.82083543517388,pigeonpeas
23,57,23,25.730941525345695,45.07982767337873,6.639768958303685,141.80228759564073,pigeonpeas
34,58,20,30.834269646452363,64.73737502580519,5.644265549032872,94.48713629144189,pigeonpeas
22,70,19,24.5441046647325,48.77981714416574,6.09230585489787,133.44228913876,pigeonpeas
18,60,16,20.895697338252848,41.854934851422605,5.147003080852,180.45097460608457,pigeonpeas
16,73,18,22.135728607206588,34.69649941977563,5.95330174806038,192.97375578457815,pigeonpeas
27,73,20,29.592040330936094,48.61338238969539,6.302978680041895,94.45482471553676,pigeonpeas
3,64,17,21.777975624848143,37.50181025308475,4.897784599142016,104.35541558422314,pigeonpeas
32,72,21,22.188856686743684,48.75204295626496,5.489422791737634,193.94732922567192,pigeonpeas
5,64,21,24.348412453091925,64.458671248359,4.830854316303412,143.22924970226464,pigeonpeas
33,62,23,33.605870113764475,65.96973119493661,5.482696863422526,107.05490827352493,pigeonpeas
16,70,20,24.239022865151945,40.649105471186225,5.600178241015098,122.68483361134086,pigeonpeas
0,69,20,35.736029105190376,55.211301658356895,4.680371658317829,101.5631003785058,pigeonpeas
5,68,19,19.01779578357411,33.17736700567234,6.062066485767457,155.69825807431243,pigeonpeas
12,72,20,30.331961568639233,36.9156387516299,5.613383834853083,164.09213109087858,pigeonpeas
24,72,22,21.48558468872773,36.01371175781422,6.153803427925773,162.83503719533786,pigeonpeas
33,74,23,23.389530337582546,51.072401142527966,4.822625140227408,192.44354738682807,pigeonpeas
27,67,23,31.28378372709504,49.67054779639824,7.060720638935829,167.21112056097,pigeonpeas
36,62,18,32.635160016487745,40.0626339420172,5.067051058360685,143.22445038601532,pigeonpeas
33,58,21,33.024760321735585,37.245071964077084,5.6391047220560715,171.54192624437826,pigeonpeas
29,74,24,29.73656033829653,41.879940686427794,6.489091062090972,150.4070662028199,pigeonpeas
37,56,19,32.05494365327567,38.96701369057793,5.896189741005847,198.53091654228123,pigeonpeas
34,77,21,31.893550047922176,52.77802221141914,6.6366063567674605,101.60548078918167,pigeonpeas
27,65,21,31.096035493719143,55.10878909073408,6.112114679861432,166.88160567472337,pigeonpeas
7,76,19,22.32985035746237,58.33099759921838,6.454591156243618,188.56359614816628,pigeonpeas
16,56,16,33.648328394891664,39.61383038216479,7.430183113591452,176.83720461216714,pigeonpeas
1,72,18,28.325069151259886,55.239486010529795,5.730482400729462,146.67655248679716,pigeonpeas
3,67,16,19.161884364085747,35.380992697930495,4.948537645179139,106.7127422363981,pigeonpeas
6,66,15,34.62592853362765,30.751927476053623,6.27989541449753,159.4948361037565,pigeonpeas
14,75,23,24.719925725384382,57.32425253626459,6.459418054770397,118.4547531992468,pigeonpeas
20,76,23,34.82602667797856,38.86898321935587,5.1881214634662705,148.260942577023,pigeonpeas
34,58,19,29.346634455930978,62.694935281726764,5.765687763151629,90.40666200667808,pigeonpeas
28,73,19,25.745926681325717,57.20702794150077,5.852770779067595,93.1160998652693,pigeonpeas
26,72,22,31.39186099593741,53.525184824605425,5.908336473628232,163.42732024820603,pigeonpeas
35,77,23,28.134306272351512,46.25960098423206,5.1919125674582896,193.99223090490034,pigeonpeas
6,66,15,34.79294766272604,30.559978887497564,6.315892266688202,159.36930243482308,pigeonpeas
36,71,21,31.343163331284316,44.19598090087082,5.880117091970515,147.74238429633164,pigeonpeas
9,78,19,22.339091297063057,54.59816694591554,5.63855368780074,183.74112095448498,pigeonpeas
28,60,18,32.78501284686257,66.59848383752012,5.332190325071052,106.05210669145114,pigeonpeas
24,62,19,20.88701775517556,57.0214939621603,4.806962655643261,192.60166523219465,pigeonpeas
5,65,21,23.133665068899234,48.991098343424525,5.679814815164673,155.53145997982858,pigeonpeas
25,64,21,27.553278574257966,38.77438959974921,5.0856184846667745,108.25974141564693,pigeonpeas
30,76,24,21.364980534669716,56.14195047821824,5.4978224057253335,194.40488961572876,pigeonpeas
32,61,23,19.948951875530465,48.553595151311505,4.67011866161495,123.57187136620142,pigeonpeas
17,57,23,23.198688991403305,46.127527025556766,6.96196167201369,140.55373766975504,pigeonpeas
22,68,17,32.762083475375114,57.73165762699251,6.217235610246028,122.62176184813268,pigeonpeas
32,71,20,21.501873055597603,47.42441484412574,5.870941176482841,194.80774080160572,pigeonpeas
11,61,17,30.12169817606931,34.26695961700251,6.612473795464754,184.89022717443555,pigeonpeas
9,66,20,28.516613734498122,34.22509477575963,5.578127302649284,157.93284849962387,pigeonpeas
21,59,22,29.868027023954856,42.00057840030799,6.731240240901438,185.445026250586,pigeonpeas
19,70,15,36.180895117061254,56.54461893858161,7.0214163500428155,132.4320064971951,pigeonpeas
19,73,16,35.532222131769835,42.864398896126055,4.817834258243352,160.142990675925,pigeonpeas
25,64,20,30.21256359544167,35.774640217712644,4.953630751520448,106.7292776228271,pigeonpeas
18,70,22,18.617041087504372,40.8485419152793,5.146287828954436,137.24110300907927,pigeonpeas
27,72,18,27.752945702981066,55.28142241705861,6.248588048336055,118.85800029376041,pigeonpeas
19,62,17,20.31944360075936,44.887911097586084,5.330033915747972,180.51922640874963,pigeonpeas
33,73,21,23.614659422170902,45.75138121508828,5.71257729452392,196.15363227233405,pigeonpeas
16,68,18,27.349534187410732,34.03613412183268,5.155888433803984,177.23343726346553,pigeonpeas
5,77,18,28.46744904957124,65.1612821730666,6.344990500064515,179.70078227250832,pigeonpeas
39,60,16,32.52698861898583,32.02732067119443,4.902910374720955,110.17504168528612,pigeonpeas
2,72,18,23.240705094316503,49.61362451473046,5.651695656626042,148.184858797453,pigeonpeas
6,67,20,21.853161300016765,33.3672615654931,6.019743089339013,155.80569348850338,pigeonpeas
10,68,20,30.274564470865098,34.68244382577114,5.5868500944665875,159.31725046711907,pigeonpeas
22,75,22,24.677083569678405,53.458153534600086,6.191197056805112,116.02989325165994,pigeonpeas
19,63,18,35.85885187062624,60.54255451986687,5.86875547541178,120.43410081126332,pigeonpeas
10,67,20,27.39391310556303,34.2896007707076,5.478747830829563,158.5266365842004,pigeonpeas
20,74,17,35.83601556068134,42.76798495580866,4.834056705641497,157.8305087397675,pigeonpeas
26,64,19,19.743260884392086,53.48192273451185,5.072233182330775,194.84219207998476,pigeonpeas
38,58,19,30.98699771880643,43.73554882515558,6.165068064339243,166.42674639334595,pigeonpeas
7,70,19,24.87018193804073,40.53957344694014,5.1960251122784635,94.14823014195925,pigeonpeas
20,64,20,23.409307719364957,47.484600374757576,6.153749071706791,183.15835789282758,pigeonpeas
35,78,21,31.970309112323957,38.72879590516907,5.240453133197237,194.22491965219618,pigeonpeas
9,58,23,20.564803573373716,40.77650151713255,4.932893674637748,137.19476532446552,pigeonpeas
27,65,21,31.106817956761233,55.23989109561898,6.05877486604237,166.6482903880165,pigeonpeas
19,70,20,22.336155895685195,42.4146455500218,5.569170880924382,126.45563357611475,pigeonpeas
19,70,15,36.15192666697022,56.45753909788821,7.069293843781949,132.8299145514369,pigeonpeas
34,79,24,27.93359123041463,44.96228866065854,4.9249418695707785,197.08026617240694,pigeonpeas
20,73,19,19.57687227750386,33.29011422415213,5.0631941816578845,185.7203675115012,pigeonpeas
18,57,19,19.480153925706198,50.023834067851496,5.8546613670114835,193.13257481374197,pigeonpeas
14,75,23,24.557413628382378,57.046529867198835,6.417556216602365,118.18364486750508,pigeonpeas
28,73,21,24.417902763587158,50.425101113992504,5.898989911728293,114.89812533919054,pigeonpeas
26,67,24,36.53196688729427,38.58406861271441,5.75784353486724,161.79869090026983,pigeonpeas
33,61,23,33.883673650763406,66.38798479193983,5.45071815916087,107.29166629247517,pigeonpeas
13,61,18,35.763363824277974,54.435940158162865,6.4579012146449415,125.23361776752618,pigeonpeas
16,76,21,31.61040694432819,35.3996935119134,6.440959610036431,100.88560850538687,pigeonpeas
1,70,20,34.002075855071894,57.11644902357412,4.837818523748456,100.79953707615223,pigeonpeas
1,69,20,34.259414838326066,52.92246355910126,4.689454869950881,100.05939940121664,pigeonpeas
18,57,19,19.485657007389147,49.77641234987109,5.90348976603782,193.07182305137212,pigeonpeas
16,55,19,19.54232765666149,47.228467360162604,6.406323857039049,192.44620235077355,pigeonpeas
21,60,19,19.407103638055048,53.30821702106295,5.206492068440025,193.93901999702567,pigeonpeas
11,75,21,29.915654920771573,40.98899714323709,6.49159304626924,179.0211637226746,pigeonpeas
19,59,20,27.501471966819455,41.82094601190289,6.373406630725875,185.20314622799535,pigeonpeas
16,56,16,33.560996173610164,39.3730078882101,7.421407010912458,176.96406681947076,pigeonpeas
23,62,19,19.356005468659067,55.60562011009557,4.7531021410266785,194.50312280769208,pigeonpeas
3,72,23,36.20759823304709,57.856241997426274,6.107277159950145,122.61697723583269,pigeonpeas
21,68,19,23.909951543956442,49.750718556661035,5.554412627327442,131.36560691542653,pigeonpeas
1,75,17,29.083922243772967,51.6122001678047,6.002998726252222,145.11613448761773,pigeonpeas
34,59,22,33.7177911002787,68.29781544159606,5.0771758518585175,115.05898243824277,pigeonpeas
21,73,17,35.266511908662245,44.388499450095736,5.150684370202439,160.82905350868143,pigeonpeas
12,72,20,30.10625881220665,38.78520750619777,5.904048409581462,166.0568041244953,pigeonpeas
19,73,19,18.890495408087176,33.83857501691024,4.654810024364771,168.3760743237023,pigeonpeas
14,71,19,21.100756653771874,34.65118097100649,4.921688764379149,161.8550406298933,pigeonpeas
28,57,22,30.985005096212262,37.390082981602774,5.984873456522092,177.85678787036434,pigeonpeas
25,74,21,26.99395519091489,55.36572838491323,6.2984818908809315,91.72537195008242,pigeonpeas
21,70,21,18.935160337623703,43.56318340727492,5.368818765158227,134.56158953381737,pigeonpeas
20,68,19,24.618807002721592,50.402224778080566,5.559950003801174,131.1558650470765,pigeonpeas
33,58,23,35.26166564448143,68.58745498395871,5.2854100703606335,108.0329040246591,pigeonpeas
36,59,20,33.079428070351966,40.97164270675296,5.842145165771501,167.70420615767426,pigeonpeas
3,70,19,27.44000748859567,51.214755079343604,5.96908095078057,152.50734999335597,pigeonpeas
27,64,21,31.07514605671986,54.85479822975623,6.215452727576237,167.3336197427157,pigeonpeas
39,60,16,32.98780386418024,31.840511140446125,4.921073816790806,111.38438760906682,pigeonpeas
38,57,19,30.018282263949338,45.01513195235168,6.314569051236494,165.83533124026863,pigeonpeas
36,67,24,35.635499510547454,37.17581990064577,6.357515917575103,136.88315320215278,pigeonpeas
28,75,21,25.301885824684526,50.419465821355736,6.070459927790734,113.46059713730682,pigeonpeas
17,74,20,26.00915805855935,34.05065708037033,5.99175351165088,177.86390812327195,pigeonpeas
5,67,17,25.698266815719602,31.973374880333314,6.2155446273212025,157.00169119047217,pigeonpeas
14,73,19,19.235759527505607,36.887134192941524,6.467358420277338,93.00995496874005,pigeonpeas
16,69,23,18.773305571877007,39.1444130244049,5.144638371944649,139.77052964317713,pigeonpeas
30,72,17,28.198829587151636,50.76662199543378,5.836334924069089,95.8190086164721,pigeonpeas
6,69,22,24.967588351759176,50.251139725778756,5.928351374085157,172.74560196764463,pigeonpeas
17,76,22,31.41717616389379,37.5448667679657,6.657114771387767,99.02469491420725,pigeonpeas
35,76,19,30.983690296634002,39.9011084435525,5.2646423072801465,191.57438896939317,pigeonpeas
28,73,21,29.853193722156927,39.98804081200818,5.206726894605108,93.66604566942155,pigeonpeas
12,64,24,19.42451294345136,38.91003970611901,4.842954470416751,138.39063737338148,pigeonpeas
27,74,20,24.774643396183944,50.392863098197296,6.001650354918592,114.38928234487288,pigeonpeas
39,60,16,32.16571529622136,32.17377698009767,4.888670465911847,109.22692977967496,pigeonpeas
18,74,22,28.92082261873315,51.04666900011869,6.72413793401265,92.67348221107409,pigeonpeas
23,72,18,27.118420365943003,59.003035188440656,6.722485484754076,152.31543815611022,pigeonpeas
34,60,21,33.91773585212918,41.39443982139858,5.862124759020912,169.0043509591692,pigeonpeas
25,56,20,27.870257652734203,42.177762843985626,6.138333782783447,140.49816412171688,pigeonpeas
16,69,20,24.877454762550833,40.153362985212496,5.581181675794286,120.77752172215587,pigeonpeas
6,66,15,34.75449570032764,30.53790938860496,6.322758609925799,159.1847419773333,pigeonpeas
17,71,23,19.016911332314105,39.49093095664942,5.235922505974151,141.15053910478824,pigeonpeas
16,63,16,31.016177828800775,32.35555783981133,7.165675658088555,180.6607696820785,pigeonpeas
7,77,18,20.59720013019375,60.166062215052555,6.578208814225681,190.60217591415028,pigeonpeas
13,75,18,20.503368495061395,53.95158165392074,5.6391244979204345,183.39688335078807,pigeonpeas
21,63,21,21.25490545762016,46.264913248514006,6.367119944586776,136.66314684289281,pigeonpeas
15,68,18,27.839842602850524,34.14553842311436,5.190676742548223,177.28557129974146,pigeonpeas
9,78,18,21.335392261158155,54.70724707195084,5.71545559314579,183.9900945807646,pigeonpeas
1,71,20,22.25964637969844,50.93588802335459,5.8954329846579245,175.60822900852838,pigeonpeas
21,73,18,34.78934619588705,44.86384324624309,5.390913997300117,161.40334659216688,pigeonpeas
29,67,22,30.944239486780383,47.63124591223957,6.9087219917022376,165.4068074074601,pigeonpeas
25,74,21,27.105643716546513,55.14221497806649,6.319792270684597,91.71407462639226,pigeonpeas
20,57,23,24.556265245849616,46.34050342346033,7.040921688196218,141.4156506635251,pigeonpeas
24,56,17,22.624157110126603,68.21482165006955,5.182512924659235,184.60208410707702,pigeonpeas
3,74,19,25.490976579907667,46.21864835138785,6.713083007599454,176.096649646054,pigeonpeas
3,76,18,23.32804884701091,49.10027050688831,6.382490162501845,179.33918538335146,pigeonpeas
3,61,18,24.207571704100733,39.471439560019256,4.850649622044165,102.1661373745735,pigeonpeas
36,66,23,35.84725634305605,35.853034177774965,6.245868133757748,133.71542965979398,pigeonpeas
25,72,23,26.228543317091855,44.6283640965259,6.64076978227312,150.23432911667405,pigeonpeas
19,59,21,29.64371545496779,42.56170915856765,6.845632180858177,186.96826265842253,pigeonpeas
36,57,19,29.748911658770343,47.77736273864626,6.591030367476242,166.91070303152287,pigeonpeas
21,62,16,34.30387551251769,54.23960090631216,4.847626386243449,180.89535441319995,pigeonpeas
28,65,22,19.595054964244916,47.14967361172873,5.044069923728367,127.6345532403148,pigeonpeas
37,65,18,34.62374299424957,35.238224454035546,5.746760942152625,195.13256765433593,pigeonpeas
28,59,21,30.56386294455811,54.43330762893119,6.783031716860989,172.89357863227252,pigeonpeas
3,73,20,27.533137801008813,63.68441908079863,5.799318286954867,175.08034802257467,pigeonpeas
19,59,22,22.84236848723073,46.936422440493075,7.007276527712612,139.59184705693283,pigeonpeas
8,58,23,20.853875446334186,39.57548411713506,4.829811861764128,136.88995637239861,pigeonpeas
35,71,17,29.85840315373424,66.09837376155313,6.810655369414217,197.37827368152978,pigeonpeas
26,72,21,31.35928625783286,55.934527668494944,5.3873414156998605,162.53633555916954,pigeonpeas
22,68,17,32.166633603467275,57.65308610582625,6.237814127874191,122.32602865292307,pigeonpeas
30,75,18,26.114789867693332,63.537153147894855,5.500432517094742,156.59837659149795,pigeonpeas
4,65,19,26.407101049210354,41.28534944224046,4.780307413504619,97.12176869760998,pigeonpeas
5,66,16,31.510565061474058,30.983259534494017,6.297541706197362,158.42639041587046,pigeonpeas
34,73,21,25.806939261633545,56.722695549897466,5.543304392076746,194.40777186688643,pigeonpeas
25,70,21,29.62249222005001,36.58010562987245,4.700838479581131,94.31710371260765,pigeonpeas
14,74,23,24.57247792328225,55.67398344488947,6.356088782874792,118.67088769112732,pigeonpeas
23,70,17,29.837294814119765,56.940255235314325,6.066075317426419,123.98124705924546,pigeonpeas
1,75,19,24.09483256489687,46.88754668421073,6.6330735458429375,177.25634592270964,pigeonpeas
24,56,20,27.490364622232935,42.64033438537818,6.24732570170103,140.5549113099036,pigeonpeas
24,57,23,26.004770935887315,44.785950880636264,6.5462560326738615,141.89241673595185,pigeonpeas
18,57,20,25.150878045022104,44.80975398982466,6.670439343168959,189.3776253667514,pigeonpeas
31,61,23,20.479156639299056,48.13689268769934,4.662266045960053,122.37520018751954,pigeonpeas
10,58,17,30.68034690488634,36.90018283722004,6.552971384424225,184.81005424597427,pigeonpeas
32,75,23,24.278696313489128,61.20223399825652,5.791591782837992,192.95130584392373,pigeonpeas
8,75,22,34.13527336877097,57.36289738508345,6.621269301107512,122.36570410951762,pigeonpeas
20,59,22,29.813286682066778,42.22652741556777,6.767817837154746,185.81690710803386,pigeonpeas
32,75,24,22.4467631683102,53.68620107786971,5.124387767909096,193.3406995628301,pigeonpeas
5,71,24,24.433538199570506,53.36516071841692,5.277920783369928,176.33484371090344,pigeonpeas
6,63,22,27.256520679543957,45.16556518448914,5.850144517132544,159.35170923372382,pigeonpeas
22,60,16,31.870613203194065,57.451244583976134,4.886443568716608,181.77676375738028,pigeonpeas
29,57,20,31.559744996647478,40.37538237692442,6.329458964315689,193.36031165367402,pigeonpeas
27,61,21,30.973288668398162,53.61633279109111,6.719331489596223,169.53765101708404,pigeonpeas
32,59,21,30.728791285852033,62.54596431760862,5.414246038138284,177.9840527317113,pigeonpeas
32,70,20,21.370277690110445,46.16144208029727,6.121880945930114,195.67209649219927,pigeonpeas
15,70,20,24.792885097098573,40.91387609437667,5.647312064420162,121.41700670487725,pigeonpeas
7,73,20,27.40864562450435,45.529962222562375,6.777062246553334,174.27342849333272,pigeonpeas
32,76,24,22.27158187207322,54.08387927107428,5.184860881340657,193.5130319585554,pigeonpeas
9,60,18,29.72901579049778,35.51863652429229,6.042806859149535,185.73800663585277,pigeonpeas
35,73,22,25.491296293397802,50.5133626998933,5.2401051924940925,189.8637209604851,pigeonpeas
29,68,20,26.296982005143366,61.16582766305716,5.8263023430399095,91.30769123843363,pigeonpeas
10,71,19,22.325630575154264,39.07982125273785,5.757780692926668,93.7453047575166,pigeonpeas
35,59,22,33.072575873567864,68.12714495954798,5.005862591065929,117.44155375713471,pigeonpeas
20,77,20,28.555305441007526,54.12935332497488,6.7863071280271905,118.8038628471591,pigeonpeas
29,59,20,34.16807914755173,67.75043194667157,5.267538889556848,108.55876926710559,pigeonpeas
26,68,24,32.804592897188165,37.41901570325166,6.041762937358008,161.81743859176981,pigeonpeas
27,74,20,25.531593621466147,51.75022005516559,6.068806878133202,115.44563036142121,pigeonpeas
17,74,21,25.8929312279662,57.30842877305609,6.409382158647729,119.0838656035618,pigeonpeas
19,58,19,19.46278630124138,50.80469245409666,5.700559838746859,193.32430625717745,pigeonpeas
1,75,17,27.28012727858752,51.54753422160603,5.932488472939949,147.29557620754642,pigeonpeas
32,64,21,30.426598337028725,47.08858630524133,6.7531611633539805,165.40825439116017,pigeonpeas
27,59,21,31.006630838878333,52.840118148814845,6.992043818587399,171.25843280620666,pigeonpeas
27,72,22,19.716312443602494,57.992678395280635,5.464861619567739,195.31142049483378,pigeonpeas
28,60,20,26.74367825535249,61.03016228303685,5.284098310896967,185.0273760894909,pigeonpeas
7,74,24,27.218572722698845,51.335966266620936,5.54806386449969,178.1379678556538,pigeonpeas
25,73,22,30.252659486251975,47.98311766871731,6.647839490132019,93.05511574986365,pigeonpeas
17,56,20,23.056663675269814,45.69936215870542,6.5745014616245605,190.52023354362095,pigeonpeas
17,64,17,36.50373718726706,58.22538083979428,6.0879255028780515,124.48007311796353,pigeonpeas
14,72,22,24.66360251445806,49.57160154534469,6.063053907531152,119.80623627400338,pigeonpeas
11,73,20,29.343792323667287,38.45938032471876,5.725333149720246,97.71642008273338,pigeonpeas
20,61,22,22.0621646418778,46.60639015375665,6.6926533721073485,138.1524540592638,pigeonpeas
32,73,22,28.755095706313114,59.450714195683325,5.972466269202721,102.12719193750307,pigeonpeas
30,56,22,31.396056316696328,37.635353153198906,5.840785370247695,174.11142693313033,pigeonpeas
36,72,19,29.63172687470143,64.41866524875238,6.013022210845355,192.36615414990126,pigeonpeas
29,59,21,29.529296655102147,59.373665175781106,5.9704565183148155,178.64238182033435,pigeonpeas
10,7,41,20.4063964026962,90.50538666907981,6.776878325737591,110.69156123788383,pomegranate
10,9,42,22.566214813895424,89.1134827681696,6.467731869871508,110.21394862064585,pomegranate
38,16,44,18.11746476803871,90.44513200899485,6.923015927551862,104.86951348408024,pomegranate
4,13,37,21.905287246313655,89.79060382106279,5.785803093018027,103.2304025475143,pomegranate
40,27,44,21.713970454695648,94.68953058820301,5.907662233697584,112.40352950725766,pomegranate
29,21,39,23.11872372782186,91.42710391115735,6.596087738730142,108.87377477900841,pomegranate
36,22,40,24.802027027171118,94.30245474806277,6.904656755150491,105.0157680164906,pomegranate
0,25,38,23.220528982566414,90.53688759682014,6.439314584602303,110.33530590054986,pomegranate
11,7,42,19.298507212223875,90.81574097458662,6.89580715925243,110.17425098895295,pomegranate
9,26,40,23.383056378759807,91.30686013424453,6.14610109896252,109.84248895272962,pomegranate
39,28,35,20.27953698139131,92.28573947215203,6.053448792080769,105.41714172903346,pomegranate
6,24,41,23.712335711500895,90.18948109400688,6.53392166040105,109.55257964170295,pomegranate
3,25,43,23.46710112976102,90.05627118261575,6.900764269542911,110.4068130475312,pomegranate
34,18,38,23.58398348742143,94.02097829725483,6.655072804537077,110.18134140790929,pomegranate
12,18,42,22.307891403733052,93.86935764705956,5.914603800555404,102.94389308306778,pomegranate
12,5,41,19.735629520580545,90.16452914691654,6.891255952139571,109.0182052219901,pomegranate
20,21,38,22.577041118317194,89.33211173868904,6.324649667130779,104.91148808494587,pomegranate
34,14,37,22.280036115921117,91.47936184440432,6.744041535063794,103.69358999820285,pomegranate
13,17,44,21.557988958400102,92.48027914435465,7.035898572773724,105.98910759683447,pomegranate
2,20,43,18.552231488185598,89.84657169171666,6.225976816231832,104.34728266067705,pomegranate
30,14,38,21.102689535473555,90.3458012864323,5.756343597302154,104.17601683185842,pomegranate
19,25,44,22.726737729982535,88.13134601341321,6.163234402633658,104.72002065004448,pomegranate
26,18,42,20.94575994093504,90.80262097326171,6.8570337966604,107.23395918331612,pomegranate
20,23,41,19.61362292562299,90.38997626770761,6.8355304414352185,104.28358013554595,pomegranate
38,22,39,23.76727343852447,93.59922745539434,6.429747636843159,109.90522682716413,pomegranate
34,15,40,23.823601666015815,93.74193203029631,6.104849205245509,108.4224426434436,pomegranate
4,16,41,19.08953350121954,91.2360698075732,6.151651171764919,104.33441139022143,pomegranate
13,7,43,19.063939466325927,91.89632139473686,7.022316597273293,110.13774213749085,pomegranate
4,23,40,24.673672117285133,93.8671223926508,6.308334772975816,104.66761378271127,pomegranate
38,20,35,20.331729696109562,89.36592707214636,5.840963953964669,110.95957966408378,pomegranate
28,24,39,24.626130684063074,91.59822425912908,6.557201730280889,109.97015226322912,pomegranate
21,23,42,19.705967144856633,90.0228592642957,6.690599323621317,105.20364000481143,pomegranate
33,20,41,19.206616048930616,90.310757863211,6.696400587106112,110.91174506807012,pomegranate
27,21,42,19.955643584184635,87.76907487771578,5.924420960718157,106.89707610118452,pomegranate
0,27,36,23.913709996682933,93.180890947255,5.734411564917996,105.19773385870865,pomegranate
21,5,41,23.666874153487697,91.00635435471807,7.11210355729957,107.31784919628025,pomegranate
3,22,38,23.608978311443497,91.05587690421991,6.005280112005551,112.18815961206957,pomegranate
10,23,38,19.631596419093604,88.80309662405517,6.749838943596236,104.72036371886422,pomegranate
9,8,39,22.499806550756162,89.97678877084181,6.555026824022529,111.6185080922861,pomegranate
32,24,35,18.14877920413749,86.02632983106437,5.949858525695642,107.30758093132906,pomegranate
17,8,41,24.80759874619189,86.78574468247582,6.845362373027948,106.19843656163968,pomegranate
25,17,40,19.812369634670866,88.12801559631772,6.519647438451818,110.59346594491248,pomegranate
33,22,44,19.668498958720097,86.93649766873796,6.990932489227895,111.98336484821884,pomegranate
32,22,42,24.19983920085797,93.71144756026409,6.88304646887105,104.53221859609782,pomegranate
37,9,39,23.794262560930576,85.75227070859792,5.966565311616797,107.73644132044836,pomegranate
4,13,38,21.360042275424316,89.79504233596639,5.956860734419496,103.12109128327296,pomegranate
38,24,36,19.843564004670863,94.88338952007415,5.792352498729329,107.02917591886671,pomegranate
4,24,39,24.670628418607205,93.68302695660682,6.352639009412521,104.59850007254003,pomegranate
8,25,36,19.924611260869074,94.6706126005614,6.798901807447475,104.00522218717006,pomegranate
3,25,39,24.447759813337495,91.75337897350111,6.916585085803952,103.82524204413535,pomegranate
15,8,39,24.82454725891597,85.4897108566024,6.440896042193959,105.43394718015963,pomegranate
18,19,36,23.798271565387626,91.57831093554587,6.497687240386528,111.18861697473504,pomegranate
15,6,37,24.820934675042245,86.57719094850717,5.864010622838071,104.98582997600252,pomegranate
21,26,38,22.209732570187,87.31062141077757,6.607716790278718,110.34200312399685,pomegranate
10,30,37,21.479404318070152,91.56537636138698,6.304315831355473,106.8999660134786,pomegranate
3,19,43,18.199996977675927,92.26289334456615,5.898903606463476,105.82163704667859,pomegranate
3,13,41,20.403375182992157,89.78152632985696,6.444519755706354,103.06440202775669,pomegranate
21,25,42,19.948120747267737,88.88038338074222,6.676286733016794,103.98264949077998,pomegranate
5,22,40,19.131362175856758,87.23805921298595,6.810227084841521,104.280304253333,pomegranate
0,26,38,23.072636165177762,90.41558686267568,6.496336523186371,110.15496215052826,pomegranate
21,9,41,24.599999693753638,89.90261553572086,5.867391400328658,108.37965090988456,pomegranate
24,18,40,19.40176390233601,87.61584289959723,6.708198354772918,110.80938453337285,pomegranate
7,14,36,23.221972163580773,91.71136696092056,5.798118767162142,105.55609021315576,pomegranate
13,7,42,21.787727473276146,94.1892455295162,7.038220529747656,111.51528178922653,pomegranate
10,18,41,21.59329921952928,94.87705029785913,5.941631956818319,102.86803929516054,pomegranate
12,29,38,20.122680142515314,90.44678369755039,6.476121204917811,109.63964468439029,pomegranate
8,26,36,19.774481006169914,87.1700593326066,6.664474629627071,103.64404148728458,pomegranate
21,25,38,22.894422688580182,85.42684836516064,6.941188661091506,109.86437648307083,pomegranate
22,6,44,22.601989231765018,92.12575750676982,6.600110044028508,109.40182906729194,pomegranate
37,14,37,21.852195565246358,94.32387926725337,6.666873508302913,102.75222088358828,pomegranate
17,8,39,20.06758699232998,88.5869812880044,5.650468245827801,106.00293341052479,pomegranate
13,7,43,21.822326757901195,94.37255699846976,7.050600697672006,111.65948215793532,pomegranate
37,26,41,24.813118248981635,92.04973880566268,7.049152225037779,106.75025836718693,pomegranate
6,15,38,18.327801719642455,89.46193941638963,5.8811827460467105,106.80752875941275,pomegranate
8,25,36,18.953311695770072,87.32869586338293,6.870582380469447,103.48868267660882,pomegranate
39,18,40,19.698069766388556,87.64032097097778,5.791654080120054,110.25838565745273,pomegranate
9,15,36,23.67883289388392,92.89501785670355,6.007646686858722,107.35219388507872,pomegranate
38,21,35,20.310858934758375,89.482073176375,5.836399544051687,110.90439001465926,pomegranate
20,6,44,19.27659044387995,90.0501084514076,6.252662274083252,111.68441645504748,pomegranate
21,8,44,23.91040831697674,88.92743108159513,5.790920069316324,112.23207935463297,pomegranate
19,20,39,23.036962027874203,89.70405935160086,6.206384854266789,104.47047978143667,pomegranate
5,29,43,21.092135911259447,92.99473860572778,5.608514165881244,104.86940768001477,pomegranate
16,26,40,21.670243365778852,91.90529069169267,6.94259645595082,104.48402969828446,pomegranate
19,7,40,22.365925763205603,89.22299417335421,6.4111984689524615,106.71628830369636,pomegranate
16,10,38,23.579969859915572,92.01747151999206,6.410403359830403,108.16088058492512,pomegranate
36,14,37,21.96446579968079,93.57744549090276,6.687123277619129,102.99924686329129,pomegranate
12,7,42,21.467836629564534,93.5476395592421,7.006945674275828,111.04754666657523,pomegranate
0,26,38,22.51927041495236,89.96171984642743,6.709693658313205,109.48017579990446,pomegranate
14,7,42,20.591556357235678,91.89174357517986,6.981105106877737,110.32757701960381,pomegranate
19,5,40,24.889387120785987,88.73242997956369,6.888777983026849,106.81195180774024,pomegranate
39,26,43,22.04774469888729,94.50874109333895,5.9916972871063,111.92426430386553,pomegranate
29,20,42,23.076242893408732,93.14538598568282,6.876353238803668,107.2270451516229,pomegranate
22,27,39,22.32507829682691,85.21927007422339,6.7286319486232085,108.07600800564825,pomegranate
32,22,44,19.955303087517258,86.1288539559217,6.901443121613885,111.46556464404196,pomegranate
4,24,39,24.65123059137731,93.51507607745316,6.401723215523917,104.5311979703845,pomegranate
9,7,40,22.41877660095695,89.95796505285914,6.563669015834951,111.58976079066447,pomegranate
37,18,37,23.059555497092315,93.04664570818859,6.258192960185588,110.44105071598032,pomegranate
24,26,41,19.214882211994773,94.11318510751431,6.922656878756004,107.89170474796951,pomegranate
21,22,40,20.74226008872489,89.91003579202864,6.673398215408845,104.58200340990241,pomegranate
39,29,39,22.07982337115685,88.21165652397373,7.025389325040454,109.20575562055441,pomegranate
4,24,39,24.613149682001374,93.18536274756006,6.498083038846667,104.3990736235378,pomegranate
4,15,41,19.40484555906759,90.64475233675462,6.266919485058562,103.70707503982327,pomegranate
12,7,42,18.992155044224884,90.90155976870203,6.928693215275171,110.03120498972218,pomegranate
34,8,36,22.57408179777193,86.34343466245966,6.236119790194903,110.2712655931078,pomegranate
3,27,36,23.66044818840909,93.80809262203428,6.181585891961537,105.29131783162765,pomegranate
4,13,39,20.627764799878797,89.80100337121165,6.186595375738472,102.97428355298473,pomegranate
29,20,38,22.658672407551904,92.96379043459932,7.00508496510877,109.95306644932079,pomegranate
40,10,43,24.45155534887415,86.04879933387133,6.276637801920465,110.93287263073765,pomegranate
6,24,42,23.47077582209351,89.81301510093483,6.656831239421881,109.61110724761059,pomegranate
21,6,41,24.84405728431939,89.27208901990083,6.765012515236373,108.3935034714293,pomegranate
36,24,40,24.377452033841458,94.32667588084688,6.873873742767026,104.2301183446425,pomegranate
3,9,44,23.15280449277205,89.65303102895692,6.516028551217146,104.28856688135441,pomegranate
7,23,43,18.73109829118634,89.58860927594428,7.135327748620685,108.56697732532577,pomegranate
5,25,41,23.365460376548892,93.57608813004532,6.037530471742651,104.71375350448722,pomegranate
4,19,40,23.15616200388135,89.04827170419756,6.210161918190776,111.82084062323285,pomegranate
40,27,43,22.67932771801607,92.81268470511944,6.303433199230173,111.83856531778243,pomegranate
8,24,37,19.075616670063866,87.27552595745013,6.9180018424085725,104.18785885043576,pomegranate
16,7,38,20.925658534958448,87.98724283562021,5.6826198746730805,105.78508621824648,pomegranate
26,24,41,24.083070412977808,91.04486102702177,6.625198653555914,110.34525444647811,pomegranate
10,29,37,21.889418281972656,92.83814306321892,6.523315521216804,106.3578857364908,pomegranate
38,21,35,20.109304402052857,90.2714626804416,5.797967547172732,110.43305604214315,pomegranate
21,6,41,24.863207598051343,89.33433460683946,6.925616302947219,107.79569124428039,pomegranate
33,22,42,24.419938576795573,93.87266620726272,6.920319039061205,104.33946869846832,pomegranate
0,5,36,23.97456234279332,90.9045703826925,6.22029614985512,105.87109873565959,pomegranate
38,24,39,23.775291636131293,93.41418356791822,6.485680438696239,109.24948501189355,pomegranate
23,27,41,19.609643421073464,93.72855931763968,6.542519879543881,108.83149140014042,pomegranate
29,21,42,19.644774769848787,87.99221180273955,5.584120514702478,106.14015072563332,pomegranate
9,25,36,19.00981936037865,88.02940872628741,6.735190936018631,102.72710657791731,pomegranate
1,26,36,23.992803985514275,93.3055029105768,5.708934594614018,104.96742685688008,pomegranate
29,6,39,21.576364221507223,90.1608875226129,6.53619693960887,107.21275130006282,pomegranate
9,23,38,19.450281104052717,87.91137917093567,6.890033770533402,105.13523227655676,pomegranate
19,9,40,22.75736035126268,90.08268704056498,5.842393053192786,105.80789165180967,pomegranate
5,18,37,21.172448835383147,87.83201007453629,6.492388789015241,107.22615130376934,pomegranate
18,23,41,19.72780585719349,90.53590971550861,6.729431411292568,104.14088336217284,pomegranate
0,17,41,23.165485562554593,91.1533473300187,6.823662735064647,109.25635368933541,pomegranate
37,18,39,24.121880369249077,94.45082976862173,6.42500600415523,110.21009877632552,pomegranate
23,5,43,21.3091235626329,93.93185348948383,7.1184531769059225,107.48725526607257,pomegranate
31,24,36,19.5409834611384,86.7579085527164,5.95870873888438,107.18213727341664,pomegranate
36,7,37,19.93615028533016,86.34129861672115,5.782439720392058,108.28339108201746,pomegranate
31,12,41,23.40842127347072,92.86645185794758,5.851543234488583,106.63578612902869,pomegranate
10,28,38,21.779111086143796,87.98312224852764,6.338836282678027,109.80010511851391,pomegranate
15,25,40,21.129256978756047,91.59111382723704,6.761387094907729,104.22118332974799,pomegranate
28,7,41,22.970045265520763,89.93308195817197,6.537492321137162,107.11480689856236,pomegranate
19,23,43,22.108764534644806,89.8790000981947,6.460353775989769,105.15981567172992,pomegranate
16,14,41,19.665298341018275,89.08553679180633,6.819885600634744,108.41297856897079,pomegranate
8,22,43,18.55148116389021,89.49453506536915,7.069300691739667,108.61778310031195,pomegranate
3,12,40,20.449070416991546,89.95058921086543,6.393343458509483,103.17859962441163,pomegranate
21,5,42,23.546158472788917,91.16618954289025,7.11460173240791,107.33003213259238,pomegranate
17,21,44,23.221423653728117,90.22159231565531,6.378498586720629,105.77508941050563,pomegranate
29,22,40,22.346715717618583,89.1576761140243,5.956812007017514,107.1524331935365,pomegranate
22,27,41,19.953465830974725,93.26756346562088,6.222040258933858,109.49529441717422,pomegranate
30,24,38,24.658979290344867,92.5024721348165,6.56943686070483,109.50383307386706,pomegranate
6,22,39,19.229416654233724,87.2030775528635,6.923005760996639,104.97156766807382,pomegranate
39,30,35,20.75529171612403,90.45333085426927,6.3944079117402906,105.09086700911237,pomegranate
17,9,40,24.67620401698482,87.50971776742452,6.446257285172528,105.7077416873388,pomegranate
13,7,43,21.256618172242188,93.86471397532915,7.04480000446186,111.34739349753016,pomegranate
16,9,40,22.917611253252954,86.81587490420182,6.351512040829777,105.89937132474135,pomegranate
21,21,39,22.051967985235656,89.32369631299301,6.289685371044372,105.40114049317222,pomegranate
15,12,39,22.182981644720282,91.69868740811303,6.701913772328542,109.16120283461052,pomegranate
8,27,37,22.515084620790347,94.54142872859552,6.840994326708863,105.33469224497026,pomegranate
36,8,36,21.519768871882192,86.05576645105094,6.132421723028275,107.79050280320595,pomegranate
38,21,35,20.46614554016567,89.53380770433671,5.864351482253265,110.92020624147328,pomegranate
7,17,40,18.281730527537363,91.89279557914827,5.97836392625851,105.63270004850634,pomegranate
18,24,42,23.257552814273588,90.52356941637231,6.517906546701369,105.37120352559575,pomegranate
7,23,35,19.806802490715178,90.86293082104291,6.976578938328993,103.06123480283347,pomegranate
34,14,37,22.373789045376,90.85604121512559,6.760951406177402,103.89987271744084,pomegranate
4,21,39,22.42437333230751,89.64276481701879,6.454875784993988,111.63501992090441,pomegranate
32,23,37,18.323927762178617,87.14758516696759,6.150348831337504,108.37256109408112,pomegranate
19,20,39,23.057174554468233,89.71983818288305,6.201323381534905,104.45274070136374,pomegranate
5,26,38,23.809150479632066,92.7991941722686,6.963121032705876,104.63821450417947,pomegranate
6,24,40,24.73004582672371,93.2677913931817,6.198037758790588,106.0898725381898,pomegranate
9,6,40,21.7047843398996,90.32815411494718,6.669678650099783,110.82388127994685,pomegranate
21,8,44,24.353873660524027,88.89962086160561,5.765490989774736,112.21054494803431,pomegranate
40,9,41,24.380831431685795,85.42941787861814,5.8038553824746,106.33405176704849,pomegranate
2,20,43,18.56621655800043,89.75063439425736,6.238962885275872,104.28874510003257,pomegranate
29,21,43,19.784757717877824,88.11955257044771,5.600346963742601,106.0116908679369,pomegranate
3,21,40,24.16091599232071,89.55580012017238,6.133175893665372,111.56011870353923,pomegranate
37,19,36,21.950357496957402,91.55287950252638,6.088379238883245,110.65463407378726,pomegranate
18,8,41,24.82115813224493,87.25878514363896,6.889128931982983,106.37900889325951,pomegranate
38,15,40,20.232623453218384,92.84892428241763,6.7712440337170605,103.59584731345599,pomegranate
33,10,36,22.790272504892883,86.91750800898957,6.423422649574465,108.89781421623387,pomegranate
7,23,35,19.771624238205586,89.51285299880732,7.025482574098973,102.74200572418907,pomegranate
31,11,42,24.312201542293433,87.28698150074591,6.232286760462634,106.90371522261118,pomegranate
6,28,40,22.302461263926563,93.85389990968254,6.313242201079489,105.31130336543697,pomegranate
13,25,39,19.902410095843358,90.50304325892093,6.4606146815287495,103.55028361757041,pomegranate
34,14,37,22.32500328453908,91.180395572067,6.752152097902681,103.79253037129712,pomegranate
25,26,41,20.424141578596778,93.46687752508181,6.84876695175538,108.61935199550112,pomegranate
6,5,40,21.557171638213077,91.0227348405995,6.651980211603157,108.061326981017,pomegranate
37,10,37,24.28157463363307,85.51907710426173,6.46892520496544,106.71528194482892,pomegranate
26,18,41,20.655277865760052,89.66919275648755,6.72805981524348,108.09887924837565,pomegranate
37,7,38,21.570883208459733,85.99547683588993,5.782538076198318,107.49020807716242,pomegranate
35,10,36,23.579308499717662,85.9244911545091,6.5079928175393915,108.56152777670046,pomegranate
29,22,41,21.63102294484519,88.83599930603815,5.8514724216281655,106.85522487269193,pomegranate
22,24,39,22.10294232191186,85.94694369142692,6.992312956904159,109.93178156000387,pomegranate
14,5,37,23.1650797548508,86.27636718922773,6.149460473219192,105.93313911118345,pomegranate
18,23,44,23.35234442959327,89.58765719953178,6.18034815805372,105.81913519360268,pomegranate
13,7,42,21.83506537467175,94.28419129227471,7.042848627280269,111.58449789700389,pomegranate
39,9,40,24.37228353496452,85.40828800248961,5.82115707139752,106.1612255919125,pomegranate
3,9,44,23.27404839585571,89.64736466330292,6.519181934881786,104.34254991133817,pomegranate
8,26,37,22.05026872601972,94.6144772834492,6.838766174155418,105.1011951481074,pomegranate
29,22,40,23.45481685309459,89.65572562597403,6.119908406228281,107.61259835144993,pomegranate
4,19,40,23.379957579389043,88.64819810795206,6.242104729702201,111.62292150021422,pomegranate
8,23,41,18.87313938745049,88.4772586914133,7.070316680792545,107.02867802450358,pomegranate
8,26,36,21.546519166437,94.69364449298246,6.836351388258229,104.84813999007208,pomegranate
31,24,38,24.853713790319784,92.48176587944148,6.491861499132647,109.4494583028558,pomegranate
6,29,39,22.812135014888277,91.72778019666238,6.405670079487647,106.8490766821849,pomegranate
8,25,36,19.464179106324966,91.9496025987819,6.819083818078428,103.42769793908593,pomegranate
31,21,40,21.45399749337181,89.82277832932985,6.369851900110832,109.17252804940317,pomegranate
20,9,40,23.433957825112756,90.29957731429332,5.886368492571971,105.73580207093704,pomegranate
31,24,38,24.961760846514053,92.50466260861327,6.524905046926498,109.1189992179205,pomegranate
25,24,40,24.0199458946599,89.62454809113659,6.692874067081597,110.41321736783807,pomegranate
11,17,42,21.542489569377018,94.62941431248925,6.07706814201067,103.24728832257777,pomegranate
6,18,36,19.663392406858957,89.85273692440406,6.014778576049173,107.66654909421793,pomegranate
4,23,40,24.681281431767037,93.86842370882651,6.30406573720587,104.67004226792388,pomegranate
28,21,40,23.6068241310961,89.72459745673633,6.146987908286947,107.69831983672121,pomegranate
24,27,41,19.37769073841662,94.16665426342468,6.937579680835713,107.86241003179103,pomegranate
36,9,36,23.095833664593233,85.76953946334146,6.466189127471771,107.28851298573174,pomegranate
39,17,44,18.68228345646441,88.77290820674396,6.3990616079576,107.16648239145344,pomegranate
6,22,44,18.60574911949302,88.99016598960348,6.9655435030651125,106.80658477172638,pomegranate
6,18,36,19.65984706475709,89.89876250884923,5.9726548313143395,107.87372628319416,pomegranate
30,21,38,23.33634595446933,92.9268335211927,6.883252380656301,109.8822825396031,pomegranate
34,21,42,19.232240190492348,90.7268334293266,6.5242827067627385,111.25041853209315,pomegranate
21,23,41,19.49596581927728,90.82725776580914,6.905514641685859,104.86236234129689,pomegranate
36,24,41,24.89421945016204,93.41045882700415,7.024510900431281,104.98079872565026,pomegranate
10,21,38,19.622837921281068,86.61502484620804,6.443892086037475,108.65905865982535,pomegranate
3,25,39,24.451980976127587,91.78992677822403,6.905903867646724,103.8398876601596,pomegranate
3,25,43,23.709806892413066,90.49137835163828,6.832546886766341,110.52950419150062,pomegranate
3,18,42,18.62601699382683,92.93462643504121,5.8962234323929525,106.65580263573352,pomegranate
37,13,37,22.053879861194766,94.39263950448576,6.530512675033982,103.23092999055486,pomegranate
30,23,39,18.902010629999857,86.85962222582945,5.72297104050699,106.50870241699697,pomegranate
29,22,42,20.587511612123002,88.36698046530476,5.697882703637752,106.42188215528708,pomegranate
37,24,38,21.432169726899698,94.6883254895491,6.171301168378022,106.04842852266911,pomegranate
39,11,42,24.429576756544062,86.03368952352233,6.375463687224224,110.76806446268205,pomegranate
18,9,40,20.07746655543322,89.00395165816018,5.641205118950605,106.88234818854808,pomegranate
0,5,38,24.242988964416366,90.58609655691711,6.243400186174036,105.31340786627221,pomegranate
7,24,35,19.89831280393955,94.37493143438674,6.849364346703076,103.89165561379076,pomegranate
4,24,39,24.566123725891075,92.77820113207795,6.617077382643387,104.23591381885518,pomegranate
12,29,38,20.096812860680515,90.40595929463566,6.483057047760189,109.73623988869261,pomegranate
6,17,37,19.29351158697775,90.28201658630212,5.985376367203809,107.21059191333137,pomegranate
38,9,38,24.31511292388923,85.47811445343129,6.229422406856256,106.51042770770745,pomegranate
27,21,42,20.101313324334658,87.67813581794923,6.105081439132479,107.32509532164718,pomegranate
27,23,42,24.057002421552586,91.5464418304416,6.651247193230708,108.91629905767995,pomegranate
32,12,36,22.750695964442144,87.95257790947889,6.688652633677118,106.11670307656935,pomegranate
20,17,39,22.80531468904274,86.28360715533577,6.688778903036905,111.27918548257053,pomegranate
29,20,38,23.045127420632713,91.67293399238892,6.661516711946449,109.0464335190559,pomegranate
32,13,40,23.305700915734608,91.8363447585939,6.049684091475782,106.12824457857577,pomegranate
25,6,40,23.231148383546845,90.55287213962542,6.898342013421341,107.00204552763789,pomegranate
13,27,38,20.412780585077954,91.25234264117485,6.351853605001052,105.06261849046687,pomegranate
23,21,42,20.490339690598038,88.02320158556502,6.974079663402532,108.1299884504098,pomegranate
39,11,42,24.409370615954995,85.98107276632172,6.412665579932141,110.34050435876803,pomegranate
21,24,42,19.788957434201357,89.434792410536,6.764883730223532,104.1357482123209,pomegranate
29,21,44,22.45149983272651,91.80748232480501,6.445535171280013,105.43228759713588,pomegranate
7,23,35,19.802690527024755,90.70512107814093,6.982295253389301,103.02392031769935,pomegranate
16,17,43,23.720048245093786,91.26764196084251,6.155686390919671,103.92881817650259,pomegranate
38,8,39,22.572442682685367,85.78360058620751,5.782598336310664,107.0042449317047,pomegranate
25,22,41,22.496781758620422,88.97409560264612,6.813296412677756,109.92914115299149,pomegranate
15,6,41,19.000186839007817,88.8711353158628,6.8294404923716225,108.99402808305358,pomegranate
31,21,40,21.33070907463451,89.82789327661159,6.382609130309793,109.25703838565305,pomegranate
19,23,44,22.148238478151214,89.48577976779066,6.166717403507827,106.38814028813032,pomegranate
29,22,39,22.53226594994564,88.93619543819399,6.09519821872487,107.54940051424242,pomegranate
24,21,42,20.796498353019864,87.24414401699379,6.967254047797792,109.36774710196005,pomegranate
23,20,43,19.950923860450537,89.46347457439072,6.4841969301113105,107.73553094774111,pomegranate
20,23,44,21.285559826596202,89.41278994049759,6.156951684023387,106.79580254333898,pomegranate
13,29,37,20.83042445620403,91.59017117587743,6.2828222641813145,106.73141026311393,pomegranate
8,23,37,19.64642144668528,87.10431733004773,6.935868657733443,105.69033442921307,pomegranate
34,20,42,18.809971934294577,89.68027650598582,6.577402762045146,110.9301697917502,pomegranate
14,5,37,23.429274793382262,86.11356021269948,6.1019205673278645,105.75857635886686,pomegranate
13,7,43,20.79120523929763,93.44690749887279,7.0400277282255,111.09063568536314,pomegranate
4,18,42,18.190936476859275,92.90351410916938,5.7913628201861185,106.48736158431412,pomegranate
13,7,43,21.306346779332102,93.90935591077317,7.045309914335617,111.37482764783995,pomegranate
14,8,41,22.185948405910743,94.07859261971089,6.960376373317776,111.21251374058664,pomegranate
20,23,44,21.184633436817787,89.4042507240165,6.155809174226284,106.84349571343537,pomegranate
9,5,41,20.25041240698248,91.0822135230652,6.885615775896161,109.26381722164113,pomegranate
19,23,44,22.625300399182652,89.52614319530961,6.172117853477354,106.16270276484016,pomegranate
12,8,43,21.238970625895504,88.60250206684387,6.589855579426693,108.89884480538622,pomegranate
15,25,40,20.676227820144373,91.32801796387737,6.609639978279358,104.00107230285593,pomegranate
31,24,38,24.96120218900335,92.5619642477021,6.540740665695034,108.94768380337955,pomegranate
18,23,44,23.562439634713293,89.60543301061644,6.182726483788952,105.71985386216672,pomegranate
1,24,38,24.43749175298745,91.53503260538135,5.970099259751992,111.81929703365297,pomegranate
1,19,42,22.887522312253296,89.99366315817674,6.993845457004487,109.4003422313146,pomegranate
38,20,35,20.235399975153406,89.10359842169974,5.83346780947921,110.85298333405446,pomegranate
16,5,37,24.911639739505635,86.60272721325234,6.253585167083165,105.58362132928185,pomegranate
14,24,40,20.690892155165116,90.74738910257699,6.369953357588968,104.03785349014106,pomegranate
3,10,43,22.464810936358475,89.68518458850988,6.498134804917388,103.98224239129847,pomegranate
35,12,36,23.658605237131496,86.69615226660093,6.7548379928381745,106.05293859813553,pomegranate
37,11,37,24.296107649197342,85.68613618526417,6.621196086711799,107.94387024533819,pomegranate
20,9,42,23.319233777979502,88.91500945917302,5.7132002338937315,110.58852254025413,pomegranate
11,5,41,19.796980522167217,90.27651274462468,6.890740065842163,109.04679996973442,pomegranate
1,17,42,23.366046848232465,90.32253389983137,6.716027382458513,109.6479717941012,pomegranate
1,20,42,22.84065332638168,89.8149463086898,7.0137901716212845,109.44584287604891,pomegranate
14,5,36,24.749294073830125,85.31476024338836,5.8258901086547885,104.81434167649512,pomegranate
7,24,35,19.86786592646258,93.20643524411209,6.891690582381234,103.61536193939857,pomegranate
37,19,36,21.90363018376401,91.4899514397989,6.081225476490179,110.66363172474942,pomegranate
30,21,40,21.692850679874773,89.81286887092692,6.34513664205836,109.00880169690018,pomegranate
20,17,39,23.14995692652424,86.15383713165375,6.695928404315267,111.2791088024233,pomegranate
17,8,40,19.387959141293834,88.9968191313727,5.796355635027681,106.49613860608538,pomegranate
4,17,37,22.563635169886524,85.61732756078288,7.02311045990667,106.41846662098374,pomegranate
31,11,44,24.81687821580469,86.84107678181947,6.051726863078847,107.86565458089387,pomegranate
12,9,44,22.336591057081375,90.9593896506993,6.67033561008358,110.15253648753873,pomegranate
39,26,38,22.176379387215768,90.92652009169329,6.654879244433984,109.0779868352067,pomegranate
4,18,37,22.992258040594734,85.60362586314018,7.064805809741461,106.68115974992803,pomegranate
11,28,39,20.03054910462829,89.45925514107196,6.551714178433827,111.03611908643354,pomegranate
12,6,42,18.453759950375442,91.11841184877089,6.997882212543114,109.61199832302496,pomegranate
18,8,41,24.822983447696842,87.32246413764082,6.895020627670762,106.40331688668961,pomegranate
4,18,42,18.3647451032279,92.59529484103389,5.886691002777154,105.77643080270494,pomegranate
26,25,41,22.219279611752615,92.27859151860254,6.7390802173934965,109.46611159961073,pomegranate
35,9,37,23.178361355925553,86.2903874471892,6.2863486666111354,110.65111334130134,pomegranate
16,7,40,19.21888021175401,88.92587213374496,6.287210939993413,107.46948270943703,pomegranate
17,18,43,24.47663984430011,90.81893717381939,5.8480286916861655,103.23302825052704,pomegranate
21,17,39,22.53511953469753,86.385345212268,6.683173784478266,111.27924559883591,pomegranate
37,25,39,23.92998171779114,93.4608717897681,6.823989417161786,104.02036457824055,pomegranate
34,10,43,24.65803161950682,86.3035285340446,5.935616536511299,107.04810412101978,pomegranate
8,24,40,24.408452353518236,91.6404271365072,5.995664927219334,109.82763524434633,pomegranate
8,24,42,22.082770582414266,90.95212117540393,6.471771550573329,108.9365171706483,pomegranate
18,23,43,23.445500421156595,89.66110278479412,6.2300238697735235,105.56894942125886,pomegranate
39,30,37,20.154665200345082,87.72449060713164,6.939547395097161,107.93210449088701,pomegranate
11,29,40,20.096172697926544,89.98058046596756,6.562894742985427,110.70415805564419,pomegranate
35,24,40,24.944923181543793,94.23170607037756,7.00218287513664,103.95563615733164,pomegranate
21,8,40,24.539432747293116,90.55092962581195,6.041598701619607,105.73962377143805,pomegranate
35,9,37,23.29485580617999,86.05235625662854,6.123951804592992,109.11301043442889,pomegranate
38,15,41,19.82370393748591,92.38420379631093,6.80058579883548,103.84208271761067,pomegranate
27,23,42,24.098147930692456,91.44558956205974,6.645015910151026,109.15103563320918,pomegranate
29,21,39,23.294702805096534,89.66291956258935,6.1099568152314525,107.2648331534038,pomegranate
21,7,42,24.78876850267768,89.09238007556809,6.301334067255564,110.11944436995543,pomegranate
40,12,43,23.069186079363345,86.29548758050065,6.170386662586262,110.9767716943643,pomegranate
20,6,40,23.561886143405413,89.30562389599642,6.732344195119615,106.94387426428978,pomegranate
11,5,41,19.775407809935192,90.23713620853583,6.89092146575986,109.03674526404939,pomegranate
36,14,37,22.028253753682858,93.15334836817652,6.698628476305158,103.13959823879158,pomegranate
8,16,36,22.934490541997626,92.31937713286632,5.902419412832488,107.19674618653268,pomegranate
28,16,37,19.789450294410752,89.1104557309352,6.034534938729344,104.2099888436534,pomegranate
29,17,37,20.858880813375105,89.15011382557437,5.851540202172976,104.18528114780274,pomegranate
34,9,36,23.109746348906157,86.1802847055899,6.365997375549426,109.71345102333436,pomegranate
20,20,38,22.81714103923701,88.86743519775766,6.376498198691604,105.67290541684876,pomegranate
19,27,41,22.018534668364588,90.63705200114943,6.920051687010682,104.38616614631836,pomegranate
12,16,44,21.121023869312655,92.57877600725892,7.1098894151797785,106.22711708873159,pomegranate
18,9,40,20.80712309712946,89.45751844589495,5.715637421581949,106.01568401238798,pomegranate
20,26,41,20.491867849637476,92.467525739359,5.726769418049174,110.4388033343525,pomegranate
1,17,42,20.646292348884014,92.16640779020716,6.321616468469139,107.73243446867987,pomegranate
7,27,40,23.74418093478106,91.67092046273174,6.176290599641629,108.07045352390456,pomegranate
40,27,44,22.16142001969139,93.81959993573011,6.091104730164017,112.14166481692595,pomegranate
33,14,37,22.445593339322574,90.3786470905054,6.773902482619493,104.05786228741358,pomegranate
4,20,38,22.574914270990707,90.49660376892376,6.245277058318885,111.84182311914903,pomegranate
10,5,42,20.17575571922555,91.08821326677473,6.891056531605588,109.26686008807091,pomegranate
33,22,44,19.892306132799277,86.19851364749691,7.07517695344955,112.22057951733164,pomegranate
39,17,44,18.36528448907617,89.66582505407686,6.683599365800449,105.92929783479052,pomegranate
30,23,39,19.02187986511704,87.03155776289313,5.697601849731599,106.43460015922207,pomegranate
21,6,44,20.01066764410437,91.6519528794122,6.5987928475094,110.11854187127656,pomegranate
17,20,43,24.160990359282675,90.3242684426778,5.986574095913591,104.22853216739051,pomegranate
30,18,38,22.79321288457458,93.12292174783009,6.78428519188535,109.34517579085906,pomegranate
37,19,43,19.608246270198787,86.44639033914835,6.253934058516182,110.78726757322956,pomegranate
4,12,38,22.645522207297105,89.75417819627737,5.821169146273435,103.5715962143067,pomegranate
18,26,41,22.495373918792115,92.04821481189316,7.079372427154959,104.90185883722738,pomegranate
21,7,41,23.246830840375267,92.029750011464,6.418212520719938,106.36545001255524,pomegranate
21,8,43,24.725483098273124,88.88667915614985,5.770592075429794,112.09501453985737,pomegranate
8,24,42,22.33011696089136,91.03868543286698,6.426597361426503,108.96809248060472,pomegranate
34,14,37,22.39417872506787,90.72047949934534,6.7646290177212975,103.94473572700956,pomegranate
23,21,42,20.514157413479072,88.1572097002783,6.61831953738633,108.50752650334256,pomegranate
8,27,36,23.419896055443584,86.31500770508475,6.148294267031937,107.78493981206964,pomegranate
12,10,43,23.21710922001031,87.68429747908925,6.491293768053361,108.13938751347219,pomegranate
8,23,41,18.84835829579147,88.55252683354243,7.074075389782357,107.1185555745921,pomegranate
1,25,38,23.606589939902953,90.85353230192686,6.290463919724515,110.80607711183885,pomegranate
18,9,40,19.918595535051317,89.00831049608347,5.637676815840506,106.70071771956385,pomegranate
3,27,36,23.759524205876605,93.66635137412335,6.0304514090174814,105.20000366845916,pomegranate
19,7,40,22.036030740943744,89.20020150008357,6.322613279813073,106.65351074285115,pomegranate
30,9,43,24.013099514972534,88.23378616255478,6.256919545654985,107.40982499839761,pomegranate
5,13,36,22.636050620444614,90.42750414413904,5.698126122815716,104.06310175913931,pomegranate
5,29,41,21.96832431173355,92.19084288484126,6.001577882532571,105.96398388524506,pomegranate
29,21,40,22.85750446017258,89.76455011764315,6.224624459896243,108.21046813405856,pomegranate
4,18,37,22.164749799790844,86.4537668882495,6.855602794374512,106.6894278963552,pomegranate
28,21,42,19.74005256633777,87.90366456282757,5.657043697698859,106.26360823543195,pomegranate
18,23,43,23.648589285494733,89.74134891818936,6.229846042920361,105.61200118060037,pomegranate
27,17,39,19.758243081951612,89.37636000590646,6.466703571057298,106.19296846451627,pomegranate
3,27,36,23.72193684676699,93.7201250251244,6.087788656006911,105.23464634315017,pomegranate
5,27,43,21.791406233463583,93.2270471083934,5.7286305632720955,104.7614546250915,pomegranate
3,19,43,18.428729053333903,90.69379590912789,6.111296577425299,104.86422904461313,pomegranate
11,6,42,20.81627236713868,92.24079527467565,6.943244013104345,110.09484828151072,pomegranate
14,17,44,22.750709723430784,91.81131619864605,6.550321071087466,104.85252915574983,pomegranate
17,5,38,24.90617026264169,87.12618740255265,6.40970937227071,105.88553299270652,pomegranate
10,17,40,20.26402255712012,93.31998405000635,6.006074937049047,103.82440795805688,pomegranate
21,23,42,19.777094093348705,89.90423610368498,6.598972479066541,105.56196096199075,pomegranate
5,25,39,24.248942521328136,94.03942949098905,6.463130533028777,104.98139243022531,pomegranate
8,16,38,18.635874291330232,90.90638574144096,6.071749080367905,105.69892126003627,pomegranate
29,21,43,23.475427763786072,92.10084370964816,6.565899979137468,105.97056317844911,pomegranate
20,23,44,21.604081654409885,89.4397395504819,6.160557423906358,106.64528377667465,pomegranate
29,21,39,23.49691373664572,90.16385465122913,6.259867282798612,107.98653175125351,pomegranate
19,7,40,22.2471642120151,89.21478885635719,6.37930797723614,106.69368850678273,pomegranate
18,27,41,22.315303483261268,92.31441521275129,7.13567521843085,104.97637702844123,pomegranate
12,8,41,22.14887643373081,92.65669846461805,6.8533609316975355,111.69508689995982,pomegranate
39,27,41,24.702215127334693,90.18900066790594,7.082848394522336,109.16993397024207,pomegranate
18,8,40,20.415015052839603,89.08820441479189,5.887329411799337,106.34503864074644,pomegranate
7,24,40,24.77284128638849,92.58543750632523,6.084933216056475,107.69389097930618,pomegranate
22,22,43,20.37083230809217,88.58960672582081,6.4411376776155285,108.07214428539281,pomegranate
31,24,35,18.148783213759405,85.77922357128074,5.882384504697182,106.97434192914379,pomegranate
18,25,42,22.97215639827716,91.09446994133663,6.728146361705047,105.19545831312476,pomegranate
19,19,40,23.45371919863103,90.02939923686571,6.1020235788077555,104.10472200302988,pomegranate
38,15,39,20.485100439598035,93.13585416305915,6.753127704837798,103.44381550673336,pomegranate
9,7,40,22.249597291175114,90.04568075151404,6.588787826966867,111.40828688111904,pomegranate
22,8,44,24.26979168398955,89.57002060321122,5.927009624763893,111.5969880555059,pomegranate
7,23,37,19.449548943761275,87.68567053232938,7.021553619878262,104.51182588896414,pomegranate
40,28,42,23.67653112154966,90.87392361258729,6.712260240621454,111.2549635425376,pomegranate
93,43,36,22.846459412924812,81.57885154409271,6.586302904515612,184.07178828637353,rice
86,47,40,23.62008158322091,80.98859631399785,6.162754176155611,183.92959808718618,rice
96,58,42,26.343046613964614,84.02477470017722,6.2869267963652815,271.3483339697607,rice
94,52,36,26.352454185236684,83.49810406371209,5.811789097702947,287.2421577492837,rice
76,40,43,25.083257391821693,83.10920438237822,5.0915742365380465,231.4154649469035,rice
92,46,39,23.30202322068698,81.32512167324019,6.728220068642237,206.30186905410636,rice
94,40,36,23.446676147407622,82.97145591806282,5.729303255604283,287.15838903251523,rice
77,43,42,20.113141937242645,82.22283974487087,6.9361041990649275,263.0544467428026,rice
96,42,36,23.656512416964677,82.16670416739086,6.6628814221499,183.31270664416795,rice
91,52,37,24.227871903409905,82.92056818519613,6.877935947594985,228.66356678844355,rice
76,40,38,24.600572982112066,83.34861921976074,7.563002288050483,247.278510434713,rice
89,57,39,26.247169847766802,81.23179781548744,6.386768587413951,196.77262840349837,rice
95,55,39,22.524276976405403,81.29704435054377,6.5045501812826,196.8524235640873,rice
85,42,41,22.064461639016987,83.11678731438276,6.69737751126248,236.05102163580534,rice
88,36,38,23.514539828052506,81.24734953019797,7.109420321937687,204.92174827917995,rice
70,48,37,24.190736185714346,83.15438498839245,7.18702060661111,259.49470084637835,rice
75,37,39,23.449568257555157,84.76807062433278,6.207486287470157,284.08929679820477,rice
71,45,39,21.44085999962189,82.71606273569763,6.540491557049944,262.2259063388984,rice
75,47,41,20.211669044873474,83.44632943718148,5.747206781742391,264.4414347955078,rice
97,58,39,26.53227788607916,82.79875939553548,6.144831091620732,271.76750559766066,rice
87,52,37,22.846179363688666,81.19783649388287,6.512220119190686,196.96939370943895,rice
86,55,44,25.742476418658764,83.75334117435091,6.0521459136004365,237.57918467616244,rice
74,55,38,23.798158719856012,82.43644121383497,7.00306118778325,214.46610422205376,rice
66,52,41,24.88079909535263,80.49157521186706,7.403097302973084,257.8333396436888,rice
78,36,43,25.34197875870254,84.28905029324241,7.1212433574547696,185.6242992852892,rice
64,55,40,24.81616757888187,82.04319645548925,6.3429406966386885,222.28993273015905,rice
68,44,39,23.576954757091183,83.75119687149324,6.52928701616511,188.97921116654686,rice
76,35,42,26.160606905233426,84.04995919764418,6.594176077085459,184.1601177491851,rice
60,43,44,21.26848017655416,82.90136438299328,7.435964020904396,297.61709223375703,rice
90,50,40,20.840307490203543,84.11730268784123,6.4553913644640595,230.2431825726355,rice
76,39,38,24.117021405766067,83.87558218054714,6.390309256026837,289.4207319894084,rice
82,37,38,23.78348424174587,82.02549905523098,6.24945884277887,224.64197843347105,rice
90,49,39,21.175491823924986,84.10502445453066,6.580149181656161,231.50312344685443,rice
96,54,38,20.354904786903525,82.17744730991775,5.498355656220912,272.7383554897606,rice
69,45,41,23.476480020843955,80.34787199596113,5.134919354678329,263.0918881098548,rice
60,41,43,24.41421307991246,82.3993694462611,5.637924450229422,221.050009341927,rice
75,39,40,24.300409737075675,83.77675440706624,6.283021461476837,232.12718674934922,rice
74,43,41,21.631887350196877,81.04077191395554,6.509447468792075,262.8854252397698,rice
65,59,42,21.99661843165566,81.92148683796464,5.671506321233232,227.24265153167147,rice
60,50,36,22.702964305235255,82.75485384435005,6.058587294385079,256.3727482422002,rice
87,45,40,23.767192083560957,81.44529696942806,6.770003124052203,247.70913836573456,rice
96,53,38,21.462209483218892,81.59668185031308,5.0854613627292515,269.32931598812667,rice
88,44,42,22.199010446983,83.07138430814237,6.57760684266745,196.59294671462803,rice
95,45,36,25.011411000058825,83.4843182113868,5.552644967574734,285.8603357439529,rice
78,48,36,26.2033003977569,81.37025748295889,6.516862975573733,218.34335123814188,rice
94,52,36,26.505761566555382,83.07760332902316,6.145585210013888,288.15463289727285,rice
86,38,40,21.941717778270913,82.84509859229058,6.141923508465714,277.9940966449196,rice
89,53,38,24.25756512923137,83.5771342284264,6.669743340212168,230.43069868555696,rice
88,53,43,25.351120191021437,83.81305063246685,6.119076508414056,233.7547606919824,rice
90,50,39,21.595912967942184,84.00905152143997,6.508971041453807,230.2706050966052,rice
91,55,37,24.449831978164966,80.84796582314641,6.0420793134464885,267.8961215619263,rice
84,43,37,23.675290729816616,82.58910659276154,6.556510041825653,295.722577297683,rice
92,54,40,26.48454490376293,82.0850986310811,5.614999553109752,266.32888428343216,rice
76,40,39,21.71789555877637,80.71529231359767,7.028357246829654,208.32479777413462,rice
72,38,41,21.784691459857452,80.72265205094054,6.983809344258333,205.10305637965936,rice
98,57,36,26.697271411065028,81.61115777027598,6.00972339818419,272.1574597037373,rice
92,45,37,21.812986962128818,82.3378088782781,6.412029671120998,295.2928395646232,rice
85,58,37,25.777914240011423,82.52081156364122,6.634795450986838,244.1380686169717,rice
94,58,40,23.183841938415302,83.89445369480227,6.643566626172997,275.8843065045153,rice
77,43,42,20.11639350293948,82.10487029009708,7.068276909951882,262.9900933910593,rice
94,43,38,23.712981095014815,83.04859450408583,6.68254481376338,187.47455394465325,rice
96,53,37,21.07793010997929,81.36479186302633,5.360121453781067,270.2014536587793,rice
93,48,36,23.35768065010207,82.79899812782408,6.128568453781153,292.26669570011404,rice
73,35,37,25.052011470983,81.93692918782732,5.0975757072389305,186.65034253466862,rice
90,35,39,23.78288806614424,80.41969057350768,6.971336342754571,206.2847923004988,rice
74,36,38,25.007778903300483,81.18815195277504,6.437566421592506,197.48174969307897,rice
61,53,43,23.128170678239417,81.92545733475039,7.290787294832931,263.7983537295841,rice
79,42,38,21.738087809675335,80.92378595522688,7.09550413528038,210.11183026436774,rice
89,54,39,23.239977190814287,81.59819037902002,6.851287448815752,196.23927088370826,rice
91,55,37,23.589061109082312,80.61196371002885,6.313855898218289,269.25570649101167,rice
96,50,40,24.755766689741904,80.6439182728168,6.87993345114463,260.75678434604544,rice
73,35,38,24.934897312628586,82.05367806634895,5.062400472912378,185.8819649135051,rice
87,56,40,25.75723414699019,83.13665434671844,6.485150363899396,237.50347923988852,rice
75,38,36,22.468541320795588,82.12146312934146,6.755515729047121,228.27780628702038,rice
76,47,42,23.76658884276916,83.99540355227114,5.887694076684633,195.43543288808922,rice
84,52,41,22.740196306129313,82.0524726554862,5.599357641815244,232.56176406224134,rice
93,50,37,26.45449300072417,82.10611457310665,6.835404572722213,289.83750018159407,rice
66,58,38,25.224668406581486,80.5968735859295,5.470279970453773,220.32669465728287,rice
93,56,36,23.989570250989065,82.08406919637156,7.048523993193257,186.85860798711533,rice
88,43,38,23.758467872418887,83.5417707134175,7.142635886394235,241.35709948665613,rice
68,52,39,23.71532040582211,82.42583787232793,6.243267789641276,273.597037347611,rice
63,45,42,25.604437856984255,83.54253497802956,5.587132352017641,209.7021400495584,rice
86,37,42,22.45334628038517,82.68706651664081,6.158555292666991,274.0231890012833,rice
72,43,40,23.50871403042561,83.91323893306078,6.689458039730684,189.74311906916577,rice
65,56,39,24.262482606815155,82.3874793012575,6.340615234354757,221.91410672991154,rice
74,46,41,20.538847608297495,83.09828139267222,6.007912102125661,263.16390693414274,rice
74,35,37,25.431004223593153,81.83835835925343,5.312374465455225,188.2896975650402,rice
90,35,39,23.692657292945597,80.47324029156248,6.954601972838597,206.14562527406278,rice
75,38,39,23.25885636914003,82.447480250778,6.04715347456011,188.8605730267985,rice
96,53,38,21.256036739814455,81.60397391294401,5.073221055773094,269.5212183382112,rice
75,39,42,24.784960904940935,83.40382269791309,5.597310147259348,231.70718721236247,rice
72,59,39,22.199801338919972,80.428370018687,6.2262771588875605,213.32584100113772,rice
90,54,41,21.923678256253737,83.0816461847613,5.76571919553249,243.08253960326834,rice
87,46,41,22.6303927920109,83.07350750396392,6.527282123534649,194.77900831224386,rice
60,44,44,21.071112902695344,83.0022758029794,7.219715550520365,296.96485751452303,rice
70,46,40,20.457138351943573,82.07042222801392,7.1901040872746105,191.67790610505213,rice
89,45,37,22.189098847396263,82.90308819747392,6.435024206327561,296.6769893983105,rice
88,53,38,24.481378741428585,83.43256710262457,6.623436182149614,230.58000354537538,rice
84,38,40,23.141814375472777,82.71354041271466,6.320222187635113,228.03852450782497,rice
65,39,38,22.90129792606758,82.63203696226539,6.708956223805138,249.73132073652795,rice
89,52,38,23.57111401006213,83.68852748765458,6.628279498310064,230.38940988572577,rice
90,45,37,22.10974312584263,82.81073174671668,6.442930181938891,296.5859567692779,rice
65,59,42,21.967509754751337,81.72861064410753,5.7235089692968915,224.78162690129957,rice
61,51,41,25.029513789222005,83.86241723096693,6.771612354730841,205.21263788109627,rice
67,40,37,21.428234058991663,82.14770465518697,7.094583433989205,246.67901053981635,rice
93,52,37,26.711657169758176,82.51286044664351,6.593881641013106,289.3801095793918,rice
89,43,38,23.803151209514642,83.74125835318897,7.335358361448107,241.26627856955452,rice
77,38,35,22.26065112684253,80.18639746760827,5.971267294470174,224.0769359204611,rice
88,57,38,26.12711558028222,81.03112178283754,6.482280356380136,197.52278598953492,rice
60,38,42,23.635247816310354,82.40060593619296,5.707293179323395,222.58601720846104,rice
94,38,36,23.649631516857067,83.11832525205628,5.6259507989852064,284.4426063116692,rice
99,55,35,22.644325773274083,80.4105819199339,6.402707376320065,276.9271014312029,rice
92,56,41,23.970999479825558,82.08968532658254,7.351457313847153,195.47015112959363,rice
61,39,43,24.226510536790343,83.23142193115116,5.376156570316185,216.28586342683127,rice
75,38,36,22.530221614754705,82.31870079684532,6.837469565148098,228.65842448805827,rice
82,55,39,24.39974681206461,81.40448627767677,5.784329092512007,237.0667360872188,rice
77,45,42,22.90744110982883,83.64644474875958,6.378685655031576,194.33964085661128,rice
95,50,40,25.068610501582373,80.78054068322783,6.616132339346958,261.43812763227476,rice
75,38,39,23.46508656304791,84.79448217146728,6.217799431270934,284.63175560991704,rice
69,43,37,25.77729060651781,84.09149216835792,5.89518319784448,190.48739632381063,rice
82,39,40,23.79081683273468,84.6191010250321,6.20523652811866,297.40811334848166,rice
60,37,42,23.53346377838889,82.73110500475275,5.497224291207194,221.24845588540586,rice
95,43,36,24.672145568380234,83.38626829365568,5.555231678452384,285.6797937354333,rice
97,37,44,22.048623120069035,81.838554119173,6.762409204540249,277.3780683503849,rice
77,35,43,26.575585363384967,84.3709908624074,6.984475365975551,184.65369808955063,rice
89,52,38,23.366420013480422,83.72174402818739,6.615915326593299,230.37709791009414,rice
90,41,42,20.906371318249914,81.96849665229605,6.500002108441399,202.87719739894655,rice
61,53,42,22.955971784778242,82.29445024481241,7.745564511633091,263.42480159476014,rice
71,39,38,20.45983700863745,82.22796905936804,7.583583368232189,245.25244730397475,rice
89,58,39,22.078942958299507,83.09038158943889,6.500843559908828,280.7026237482273,rice
76,42,41,20.808117528231328,81.35021152692222,7.123292898120878,262.7932217498401,rice
95,42,36,23.373056603989397,81.96100127830137,6.636084871968351,183.57832642822274,rice
87,54,40,21.33102403303685,82.09216270146463,6.77058143783136,228.31381181966302,rice
67,50,41,24.573275256781905,80.44056817371516,6.8099175649341674,259.14252385924556,rice
66,52,41,25.006700294766592,80.51245764918224,7.645946900696174,257.29735562450355,rice
78,42,42,21.589208188830483,83.08814807032985,7.273002247424313,191.87744921585275,rice
91,52,40,26.300821601002323,81.31866112597396,5.577087788380508,264.1217631335427,rice
60,49,37,23.08176401184007,83.05035475393963,5.912236544779371,257.0063585678266,rice
77,57,43,26.738170503004167,80.91367043267329,5.117743969992622,284.2357897461554,rice
90,46,41,24.015608484697875,81.39033387037328,7.474086834445248,250.7608632330148,rice
68,41,37,24.3965680393569,83.27030016656457,5.546356606208338,191.89278033470003,rice
88,36,43,23.12776153283069,82.60819454115581,6.088098764654259,271.9739614631482,rice
79,39,37,24.007705633382884,83.01184522814471,7.085438156389112,198.9107015538053,rice
82,41,36,25.76008831820451,81.1269093203336,6.237418663501609,221.12881059641185,rice
71,44,35,25.464222620222664,83.06029086580007,5.772054407823752,194.8747100834238,rice
85,51,45,26.20929988007661,82.37185876418593,7.153282222784686,265.6716533133796,rice
89,35,40,23.400056805144157,83.3580068902193,5.998041346494308,289.5431004261491,rice
94,55,42,25.72705705506831,82.17631786277302,6.471367708379403,193.9827588343463,rice
70,56,41,21.438999163076737,84.62240409580068,5.846810970830857,275.26211963979415,rice
77,44,42,22.497261423579836,83.47984265339194,6.613097926443849,193.81648096869827,rice
90,51,39,22.399520085362138,83.8786468743375,6.557511480150203,230.3189406189571,rice
69,36,41,23.499196553123838,82.9574060577192,7.0614962112876665,250.0024578270732,rice
93,58,38,21.699668276268863,83.82454002049752,6.81045699350279,277.9995837426916,rice
62,43,40,23.923381275166154,83.43073804577317,5.735223867285509,255.54278743313364,rice
95,50,36,24.180701647938733,82.31552863545275,6.892446482960608,184.26150064367252,rice
66,58,39,24.688204364366023,80.78713125417116,5.490328650389726,221.41722244149784,rice
70,37,38,25.291575334615942,83.02126211759477,5.351961847931635,186.2275809356487,rice
67,55,39,22.769938252287464,82.57355375377354,6.142986502106212,269.8035368551314,rice
67,58,38,22.874315489713098,82.4690354847702,6.247593969096642,219.05775065737825,rice
72,45,36,25.328704524347792,83.27574978863002,5.6400245520879055,195.70048490770682,rice
73,53,44,26.774360692476368,81.22604923337276,6.149838712903527,282.91534147439086,rice
81,40,39,23.871287498329494,84.73671236916532,6.283808326523042,298.4451502206235,rice
74,47,41,23.172747234931165,83.58020489592096,5.981444615538628,195.04634372386676,rice
89,39,38,22.890855480515686,83.10042001710411,6.071484474391135,292.8556348995833,rice
83,53,42,24.384853538354793,82.01584038348776,5.512318648440706,233.50679108166793,rice
70,45,39,21.708839273144125,82.60250922023837,6.69871583068096,261.94723531342845,rice
78,52,40,25.161995564491544,83.09957508248435,5.746869874403579,198.19098864793975,rice
60,47,36,22.725449353445196,82.55756708418828,6.165146583849293,254.17673369622852,rice
68,52,39,23.757321635139967,82.41692519073017,6.26590512028784,273.6918569118467,rice
88,53,40,21.293869047773203,82.24203129423655,6.747962727598772,228.4540209270287,rice
89,41,36,22.422111146185248,80.49045631677315,6.347827818191461,184.93910103788164,rice
89,41,36,22.569383782694246,80.49256288761082,6.335122156071238,184.86414413177192,rice
89,43,38,23.800319724455537,83.7286172590317,7.323145960939632,241.27203369185605,rice
80,44,35,26.34598368503282,80.12540314874856,6.1503655697376995,219.13731508061016,rice
97,58,39,26.52572700620489,82.8459117646132,6.150195388612805,271.75202291429105,rice
82,60,36,25.41706842930361,80.15166286149054,6.899520338562456,201.08602285720937,rice
92,46,39,23.502396510499178,81.26906808390424,6.746851705898303,206.58033534406349,rice
86,42,38,22.857872628709824,83.68142618738027,6.368396254353247,297.4441708232809,rice
69,38,43,24.41261919281839,83.09382044389997,5.163387386127172,226.43115292283036,rice
79,42,38,22.09552286007951,81.98994790085312,7.258405458377472,206.6154832532932,rice
61,49,36,22.704986078656507,82.63908939534909,6.369689571210559,258.0406426005203,rice
73,54,38,25.18207804283618,83.15145014572794,6.9788386714527135,216.86519237239216,rice
77,37,38,25.494185933582354,81.84607951645714,6.4230519331985025,194.01239320072634,rice
67,39,42,23.430275198861032,81.90315575118329,6.354218338379752,205.53661654022346,rice
66,46,38,22.764659144843076,82.1906305485963,7.372140800822706,261.29635351570033,rice
91,54,38,25.171072860905102,81.04571226009874,5.814357406317111,266.7569238153079,rice
88,54,39,24.80686113586558,83.61811583409057,6.557473821969017,231.0870835158868,rice
97,47,40,20.89509962798425,81.70931501985443,5.630670398115181,272.8868974940458,rice
79,43,37,22.930962361925626,80.55694996370094,6.827551965281748,212.92150641635882,rice
93,52,42,25.815676782746056,82.4614858649835,6.1065463130138244,193.5660454559475,rice
74,56,41,25.25514527971609,81.54884291736636,5.332344084958991,279.4838280336078,rice
64,55,41,23.358202392342335,82.33265717563796,6.416742572430161,209.37184108480346,rice
76,46,42,23.153771260959484,83.74649631324802,6.2379112281653635,194.65382037006694,rice
79,43,37,23.560779557065935,80.4809266744418,6.710407619885512,213.97095209802475,rice
89,52,41,26.463636401265575,81.70012861098522,5.93325627487268,264.8889095484149,rice
87,35,40,23.604556333070196,83.71018444268901,5.895680445483432,292.0246976287955,rice
73,35,37,24.99592758516574,81.9515158390405,5.065789481917931,186.40774844888705,rice
90,55,37,23.551384745367105,80.64342549832502,6.399160238673741,269.33939548926526,rice
88,36,39,23.266695285940354,83.36633336102477,5.952740454787699,292.0058109076371,rice
73,46,37,25.262616191029885,83.49082735775079,5.562551395140364,195.92478668553656,rice
77,43,42,21.48079273208741,83.06698502158952,7.193996354084562,192.52003537537496,rice
76,38,36,22.309979067531238,81.61442195005098,6.544836043823165,227.2993466248471,rice
62,54,41,21.4078659164938,84.00202086598358,6.306476225369168,236.05463534176147,rice
88,54,41,25.13416052957929,83.71136252758879,6.413640717727792,231.80791894485736,rice
68,37,41,23.150905813934187,83.39998681458005,6.94935277931882,251.55298691047307,rice
93,52,39,20.603967497552805,82.98485353812737,5.879522764543161,241.9033219366978,rice
65,55,40,22.826364858629226,82.51273132757696,6.551344145153631,268.39858199043164,rice
91,35,38,23.68426352181823,80.43901655945685,6.233857021237871,191.00258856958595,rice
96,41,36,23.791548780483797,82.26469958267785,6.675647110930076,183.1861672398742,rice
96,36,44,22.316648948326897,81.92834181575456,6.864956541181309,278.46497439230893,rice
87,42,42,21.05176295043442,81.7199296846474,6.625414390141531,204.6586329927939,rice
91,35,39,23.610719545292053,80.4083186632545,6.901252580576091,205.56077908664722,rice
80,45,35,26.468415909902703,80.35389206871753,6.224815984301171,218.81016031050763,rice
94,55,41,26.723739930795286,82.1457383379806,5.977280005253626,193.13958020291557,rice
91,53,39,26.50176405789253,81.41843933879716,5.384655591305376,264.638577773705,rice
89,53,37,24.45821787271396,83.41215641835151,6.7239051430613905,230.0893242873181,rice
69,49,44,26.749150388649916,81.54953129078558,7.1427472583572,281.4647164368964,rice
84,53,43,24.80016319590341,82.58989865513843,5.708228017105196,233.3915829017838,rice
92,54,40,26.477825544675717,82.19017131157952,5.6510172305939115,266.59866686558195,rice
80,45,35,26.501355249359698,80.227613507644,6.188530536855796,218.86815911401712,rice
72,35,40,25.420088515800295,81.16033383962787,7.009430523051246,245.41936965488858,rice
76,38,37,22.402000407670844,80.66915439733737,5.809848859315398,225.66843941584904,rice
82,53,41,23.78760108926787,81.36845814578825,5.378521579886101,233.2698540460507,rice
87,54,42,25.743792179737472,83.59654360989313,6.278177906539838,234.808691398587,rice
88,36,43,23.226393924438845,82.59665961286834,6.077794585089659,271.6742644852068,rice
90,50,39,21.646325034952746,84.00087094704521,6.512016091448065,230.27363729174007,rice
96,54,38,22.219894337371954,81.0849786897389,6.304010072029905,197.2537704091712,rice
60,54,43,23.228359705093123,82.12651554496735,7.833581290413777,263.21181104906015,rice
92,56,36,23.919469037315423,80.65808189730654,6.304375489615392,269.91382172743977,rice
63,47,37,22.71266171678077,82.48225695447373,6.681318273310412,258.99384336550406,rice
76,47,42,24.110991288059264,84.13528899993867,5.69087262943386,195.8746978022604,rice
89,38,38,22.540144894409362,82.94083307721316,5.961134482905107,280.2535568015305,rice
95,50,41,24.773432600602856,80.79434794227979,7.091944350641667,260.9849624663024,rice
76,56,44,26.79241260816923,80.99441890996341,5.438863491159354,283.95406599984955,rice
96,36,42,22.61558534894593,82.16494769432161,6.613005896367977,279.77625597279837,rice
67,58,40,22.28992683412217,81.2042725070535,6.114874769268794,213.72741873814834,rice
89,52,38,23.009497278238474,83.77966335508623,6.59435605244826,230.35562964970518,rice
95,48,38,22.552568290281116,82.31380016574316,7.055701636448912,226.21759919726645,rice
78,40,43,23.959562518818963,82.98910229739589,5.41564617103238,231.88719751953894,rice
80,44,36,24.18664883155876,80.40537992649602,6.593997577368738,215.0138194768005,rice
74,47,41,23.190331817271595,83.58906032644896,5.973813559798586,195.0651454735075,rice
70,58,38,22.28656691725011,82.24123960839765,6.463063272889667,217.4849479790491,rice
65,46,37,22.720117267893038,82.32992144046453,6.984011505969614,259.9197125777492,rice
64,44,41,23.997379850773928,82.59177103737949,5.3947197666642275,259.0409615100068,rice
86,43,38,23.596614289832413,82.81917944612833,6.44454964083123,241.68607426253698,rice
62,54,41,26.118978954522014,80.92631082810665,6.122303472822992,222.54233627221345,rice
97,51,39,22.80219443192302,80.98826323220078,6.237681059462668,264.387681048899,rice
66,41,42,24.00622705917294,82.32873646241183,6.139671870546445,206.67923220227348,rice
76,38,38,23.57442456741924,84.1114827880754,7.414773916602993,230.8773945240924,rice
94,50,41,24.944627591719364,80.96915770610559,7.106654962412143,261.4907958234752,rice
85,58,36,25.781549217776245,82.360579787776,6.75679333554642,243.89315529182542,rice
79,43,39,23.26173988193624,83.92081275543383,6.931237662474784,199.90108060435423,rice
83,53,42,24.332709166009586,81.94376426457089,5.487721168271682,233.52125609137792,rice
73,54,41,21.12285551014332,84.55125345671117,5.804394217108888,270.1675955615975,rice
82,41,36,25.727925885714125,81.16892981429548,6.2407260293917854,221.22138698171796,rice
94,58,40,23.35923597016502,83.90271582848884,6.623844153572431,275.63433103834535,rice
74,53,36,26.074710246514393,84.21415194651213,6.8571759026521715,257.95724365740523,rice
91,35,38,23.61540954190678,80.43408705860355,6.2395088527726115,191.41827557117918,rice
85,37,40,23.68906070709625,84.12255006487491,6.036122691886551,294.4670951115337,rice
62,45,40,23.880820417304722,83.54711966376762,5.671421831647933,257.02685943687663,rice
71,46,40,20.3835873063061,82.17561014915566,7.1918364503390855,192.06412409130556,rice
88,52,38,24.296783283084356,81.31189873443134,6.002171277509731,195.92265991439575,rice
69,59,40,21.33383615143684,80.77181260058043,6.255811458510325,211.81523987819722,rice
69,36,42,22.00550269952709,80.85036690650969,6.88495697864144,202.7100480632756,rice
72,35,38,24.77390416958088,82.10103636241462,5.0300251424360525,186.1320871480557,rice
84,57,41,21.924569890017523,80.37756121949994,6.887629484044722,227.22560661143302,rice
89,52,41,26.473176152955535,81.65774034436303,5.85119349750185,264.8478038194317,rice
66,58,40,24.274311276266296,80.95658429280638,5.515904047733207,222.32334014784823,rice
70,45,40,20.512446153404845,82.23455011833012,7.093124614280507,191.6865423829329,rice
73,35,38,25.164176794612786,82.4270995574099,5.348932224935684,185.55987864749795,rice
71,35,38,24.557459668160746,82.32960250309999,5.076423752469896,186.48112416198344,rice
69,59,40,21.38746531196876,80.78946348642258,6.234565424496074,211.9498609456054,rice
90,35,37,24.88239096813351,80.52564787610336,6.135571930880271,183.68689989591192,rice
73,59,39,20.62193946716913,80.53750710370572,6.537840507978338,210.028221573791,rice
88,51,43,25.989001191523478,81.69131788151489,5.941228898879679,186.76299950497472,rice
89,36,43,23.69252578882553,82.54214610528177,6.029097535843371,270.2579112081424,rice
96,36,44,22.36722400141209,81.96837158410668,6.822330694312559,278.6868213651284,rice
75,59,39,20.12397267559584,80.37361203423126,6.7351178713902975,208.77821466802314,rice
90,41,42,21.04836928401102,81.91105514252328,6.5300583320326115,203.1279712310732,rice
64,49,41,24.71952147810655,81.78828094705631,6.912724747488472,257.0159071452296,rice
83,39,39,23.83415837947223,84.6362694884098,6.195673469776057,297.13911387507574,rice
93,53,39,24.425949730924504,81.49185820024553,5.261416194445647,266.5707131331447,rice
67,45,41,23.73147383263981,80.8701490838593,5.109065983792868,262.0793595459281,rice
89,39,38,22.856897603104223,83.07639421514116,6.082213233832891,292.9324181953474,rice
86,53,45,25.661999319908936,81.60856209039932,7.420781267940514,260.9480802056577,rice
87,51,44,25.90423947318867,81.94903173904343,7.189113437082257,264.3261807633076,rice
69,49,44,26.749358746850024,81.5468577752376,7.134541064618912,281.4767055673695,rice
73,54,43,25.871477540397127,80.74970650354827,5.789246486943468,182.8144750001484,rice
64,52,39,24.45719973955059,81.11839608068959,7.323848588806249,257.0019601675363,rice
64,48,41,24.66651890480009,81.97646762355366,6.78380442818622,257.01769625003794,rice
91,52,40,26.462667590814206,81.3893410896062,5.440613450591332,264.4742479019411,rice
86,53,43,25.159207294859304,83.08618433293745,5.877595864615283,233.2919829613851,rice
86,42,38,22.88604613959892,83.71421532243122,6.365589410869073,297.4764899644229,rice
91,35,38,23.81765798557808,80.44856674266737,6.2229074285228645,190.19725611471873,rice
64,44,41,24.02890932439663,82.79591020787542,5.428590806798882,258.68068726198084,rice
66,42,39,25.686162173848984,84.78608196968469,5.911181639072336,186.97476296969438,rice
87,55,45,24.720780625637392,80.65020500957716,7.5890144378725735,253.10628605850246,rice
84,51,44,25.943076674231808,82.42194786012368,7.135968696490179,265.4227007419231,rice
81,47,43,23.751802860182398,82.07165351548848,6.497137266252945,186.68167626473388,rice
67,40,37,21.405803024682122,82.149039361261,7.105600372497661,246.6452039145597,rice
91,56,36,23.700704831323012,80.61805645620413,6.33089210251697,269.72989770433924,rice
97,47,37,23.664373687433535,81.27730856351083,7.340110961388731,222.86065196549913,rice
67,44,39,26.049264856121344,84.40303748136931,5.963827662326057,186.27890703996812,rice
68,38,43,24.383389843344617,83.09290552815233,5.167045261800183,226.23677762333523,rice
70,45,39,21.23022024480887,82.59258283784095,7.032848903636423,191.09645270243362,rice
77,38,39,23.604651707480183,84.8017809801012,6.23829180525118,289.9489753441887,rice
75,52,37,24.913351692728,84.284958717183,6.738208398478786,258.8582862495868,rice
75,50,38,23.311096115801192,83.95525813109923,6.406775469916221,260.44371398211825,rice
79,41,37,24.853973899196916,82.85122238687583,6.57711886594341,295.5460204926047,rice
65,44,41,23.972661142312184,82.43172851013989,5.368165299678714,259.32341196286865,rice
86,44,40,24.601355456465864,82.05308319548035,7.514613726901471,249.6180541315719,rice
74,36,38,24.902453641019317,81.17287596015215,6.45448398056577,197.64479369432095,rice
72,39,38,20.897365760242604,82.61529744506645,7.624874366224575,243.0830292026492,rice
66,43,40,20.570157354488973,83.19470806869082,7.011763635544016,242.96634513732286,rice
88,35,39,23.597465262081904,83.55996947097776,5.835352746136366,290.91445986074325,rice
62,42,36,22.832581320564657,82.12837333442512,6.398835342614482,249.0245346516538,rice
96,45,37,23.62355826180167,81.52060653912636,7.240111794015915,224.14078436538045,rice
95,38,36,23.84095638783618,83.1348195153072,5.5802343009896225,285.15133398014257,rice
98,40,36,24.491123198613877,82.5808708931045,6.693107802826215,182.64585987773447,rice
76,51,37,25.924727613032825,82.43821364082694,6.82373428223776,217.85284692109582,rice
94,57,40,24.996137704212366,82.42581590183107,6.322342489419351,270.49496690043145,rice
70,58,38,22.42905025686562,82.36161955281575,6.443788531524815,218.05102365321494,rice
81,41,37,22.645734470422894,83.46089677296125,7.39549807742965,200.65852706259645,rice
60,43,40,23.92910803844669,81.44642361363896,6.313782088452632,226.44768427866737,rice
86,53,39,24.28578746031492,82.85064908614127,6.272467192048128,231.33833195764518,rice
75,43,41,22.470329405100017,83.4807506191509,6.9718853369374285,190.96764903586404,rice
74,54,43,25.860925972332637,80.76767648724952,5.793244752871974,182.8101088808225,rice
91,55,37,24.178150736315605,80.77347753657233,6.127858935769291,268.32524124429574,rice
93,52,37,26.786258735607607,82.30823877103471,6.7563116064763005,289.8241330455364,rice
85,49,36,22.397528808458315,81.3530860124956,6.184537244795348,197.04527695235214,rice
83,48,35,22.405117082565205,81.4915966549267,6.450120924368568,198.78523791791582,rice
62,53,41,24.348996864009123,83.28712237725613,6.700599352678233,206.57320527563263,rice
62,42,36,22.95081239611183,82.26953577207266,6.326906939846759,249.73104369924928,rice
81,54,42,24.181082056845785,81.63896199956999,5.34732166410258,236.6095892017106,rice
60,55,44,21.46963155309276,83.29696498488504,5.924727573190903,286.81453993247766,rice
68,43,39,24.495218842422783,84.20455606073929,6.3322460668857685,188.1507463989297,rice
66,58,39,25.20927464606654,80.57379852377439,5.4581305299534675,220.27646647799637,rice
63,53,42,24.043847496842208,81.41903026632298,7.8094486896382485,260.4712960865043,rice
90,55,37,22.90140838176313,82.521286617531,6.303418290509423,242.70653385331954,rice
81,54,40,24.031804890721137,81.2170613011149,5.476095396026857,235.35749764251355,rice
69,45,39,21.914081526793808,82.51553988445217,6.819897988074259,261.73380436952533,rice
68,47,41,23.90462215931165,80.32966290467469,5.520159115508798,261.9891001928388,rice
67,58,38,23.183877658378236,82.99690772074977,6.314537046387369,221.4063014239344,rice
88,45,42,22.52375105540488,83.33443257535903,6.595975112772212,195.03170340369593,rice
86,53,43,25.306641631482215,83.28997420135342,5.9471434113247685,233.25108422169527,rice
64,47,37,22.71506271544839,82.43319856017673,6.7787981292416575,259.2920118994615,rice
77,41,38,21.907623035246854,81.80516076810007,6.299415756242223,243.67754557363313,rice
71,56,39,21.977381220551678,83.97469981514769,5.7726032886419265,271.8329693971197,rice
64,58,39,23.015453234946854,82.95056633771964,6.367630157022801,229.93431820797426,rice
81,44,42,21.814025293976943,83.16923473047555,7.038955611306081,193.0213466158295,rice
98,53,37,20.551078262157112,81.36602198220966,5.304442997357492,271.9079653614199,rice
92,45,37,21.73161373256189,82.28023587172729,6.437738987237667,295.47683530373865,rice
89,49,42,23.132542025473377,82.98981151287593,6.902673943896046,194.58271258243232,rice
60,47,39,24.26547036085822,80.35423434186542,7.007989751226754,230.8678786645279,rice
67,43,40,20.55606469329535,83.10539446991078,7.064330549966341,243.16411004854908,rice
91,54,38,25.40253346399714,81.10917304088863,5.741276898510641,266.3913325076277,rice
67,58,39,22.655782123032054,82.1164208698051,6.192182536434213,217.71311660826072,rice
66,36,39,23.67987255128086,83.40085279374412,5.406379927648378,188.97451005903034,rice
95,48,41,24.378678243727695,80.79276887004157,7.189121993345111,257.47807815347784,rice
77,39,39,24.367940016276904,82.15856760100299,6.655484635927515,193.55528642916713,rice
90,38,41,22.193776050881812,81.28824747019966,6.713954774994989,204.43510621381205,rice
77,57,44,26.794522571781542,80.96734524297884,5.355762513254276,284.07547532776937,rice
69,40,37,21.119700942417467,82.16606319447885,7.246118593991814,246.2140090910486,rice
68,37,39,22.611275143045376,81.55994365279884,5.635828430996513,222.33968077908406,rice
92,54,38,23.76369706614699,80.5616543288723,6.57738689121855,266.7099718014648,rice
93,56,38,21.900441353038204,83.39502660726856,6.960237187704589,281.8112969985782,rice
92,49,40,21.97789573338982,82.23103274748416,6.538196868027612,245.69905594235698,rice
91,35,38,24.468092542316892,80.49513366162508,6.169516955760235,186.2704360387974,rice
89,51,40,21.043303409864798,83.25271449822301,6.595426761889784,229.39956253277438,rice
75,48,41,24.648888327691136,84.32357568764071,5.340854197128716,196.62466015602246,rice
88,35,39,23.48560535498673,83.52121612660159,5.883577313590185,291.51082600697174,rice
86,47,39,22.53848385072424,82.39447541220224,6.39200435985575,195.67348047666286,rice
68,40,37,21.236751923535927,82.15909835044565,7.188629338545931,246.3904208694798,rice
63,43,43,25.170009767162778,83.43111002804254,5.48287267259614,211.99247539208955,rice
98,57,38,26.59012883896005,82.3823558689726,6.09745887621099,271.9042334881538,rice
70,54,42,25.702746563895953,81.7801518344074,5.535966921268573,187.703877222837,rice
74,51,41,20.714333807413,84.05587138174562,5.778754779561072,267.6003263632148,rice
94,53,39,23.646816003608222,81.51941515003263,5.215159663030441,267.29591856444097,rice
87,42,40,22.67968200092981,83.38331642488573,6.966920276086557,237.84054378991826,rice
81,37,37,23.46200333472881,81.71826912347395,6.199931030140575,224.62740434912553,rice
75,38,36,26.44465378103298,81.90975102208652,6.0219634214437985,194.8127165444923,rice
81,40,43,21.791697213399303,82.75739781124295,6.040855309321997,232.7972779178948,rice
91,39,38,24.36204833300191,80.49274032187071,6.963927870554515,207.27055646219353,rice
70,59,40,21.164583508255568,80.71610672986306,6.322863550662525,211.39037826819379,rice
83,43,38,23.35516172509522,81.74122051586829,5.403147209662357,242.1768375938203,rice
72,43,40,23.611827955332917,83.95618599375115,6.661412374949372,189.62152049388519,rice
67,58,40,22.03734581277051,80.96227633960609,5.997600185624645,213.53785481032426,rice
85,48,40,23.829621493269592,81.03550982534654,6.137215294583915,183.78644920540395,rice
86,57,37,25.77561557793948,82.5077714922644,6.768178127755242,241.1885095406329,rice
73,37,37,22.144322242789304,80.7039043395442,5.834937615461217,223.7263109272226,rice
90,38,37,23.664564085128266,80.50822822057278,6.240637591841959,184.30673354248185,rice
67,58,39,22.391336016445337,81.68972373211265,6.125129445867232,216.08598183944505,rice
60,50,36,22.697574459228495,82.79052727542062,6.068779952307483,257.1202290538969,rice
90,41,38,22.456779645956594,82.79330364726582,6.208627769657644,293.8371383305879,rice
75,57,42,24.307980077235698,82.77565081527959,5.442047281998733,278.7402510406895,rice
93,57,39,24.47402986755872,81.80600493090478,6.336070820080889,270.1641727159006,rice
70,47,40,20.894631147017098,81.93908420217437,7.074883004952391,190.99632218008176,rice
67,48,43,26.05039364119242,82.19252840413866,7.605343113739987,279.34835229279764,rice
75,43,41,20.97928146283771,82.7128284301738,7.268211647041499,192.198877826236,rice
84,57,37,25.10819918196234,81.76536298435497,6.377816488457294,240.35778273515257,rice
103,12,48,25.888204432247246,85.56647761075472,6.670573645580729,58.64462916285159,watermelon
90,24,54,25.563484058063402,84.20301964161514,6.301247784147122,47.76635784825561,watermelon
116,26,47,26.526419123792287,82.3835045924208,6.832225993162452,54.28009564149804,watermelon
81,25,51,24.352242548846128,87.74064920472104,6.085801265297333,48.28906047999868,watermelon
97,7,51,24.89623223154618,86.933454980223,6.245294781668578,49.51664672317769,watermelon
104,19,46,26.339886842131904,83.42569196835336,6.476680830938256,43.002349117445334,watermelon
116,27,49,26.233664842151065,82.86668133280571,6.81787988631338,54.483468364856314,watermelon
94,20,51,26.126989214552342,82.4176014756705,6.922296091614051,41.74962332276102,watermelon
102,11,47,25.714269621918422,84.43669714515585,6.804491957719747,58.10619098628695,watermelon
86,29,51,25.01052056330157,88.56823490986265,6.265637223978052,47.787653615807386,watermelon
95,13,49,26.218826611095675,85.95617777712941,6.623488605200435,56.92502228291797,watermelon
83,6,54,25.360836368148686,84.77334376033275,6.48146518714878,47.31529701231888,watermelon
117,5,50,24.821862716601977,81.99699333387409,6.653928483533781,56.01974604401117,watermelon
98,8,51,25.584467763005136,85.82634030757832,6.242030112847284,46.730676853925075,watermelon
109,22,54,24.890563516819693,88.56256547436216,6.762201310235582,56.90997983164512,watermelon
83,15,46,25.216855279626472,85.0331148130879,6.548401420677909,56.237975939426306,watermelon
96,17,50,25.326418905303115,84.2150178214532,6.889585892181042,41.58863556847505,watermelon
117,28,49,25.695288054392226,84.86300001943506,6.788920039593549,50.3470624978032,watermelon
118,20,50,24.409797521045395,86.13873036656888,6.665583920001905,48.528797491486806,watermelon
91,22,52,25.175980134891464,82.15776742619475,6.5435543350898495,47.646625524641294,watermelon
85,27,52,24.65429008784022,88.96094279518556,6.111236666329111,48.689578104393114,watermelon
97,17,51,24.990392650679826,85.30670535223999,6.743565113561551,42.634811777149125,watermelon
90,19,48,24.52917672607602,81.16789577653887,6.606262316688676,49.06141276280559,watermelon
83,22,53,25.76168044086793,82.52915501055803,6.26910285095109,54.31577331441301,watermelon
82,23,54,26.30266801179749,84.71686381715506,6.37371486084856,44.925030190015406,watermelon
101,13,51,25.309949580574465,82.1382095495256,6.501431531665754,44.20673505104752,watermelon
91,7,47,26.009282934124172,82.13479179611518,6.713699688822398,53.602932699593126,watermelon
80,16,46,25.720721048494163,81.2910398473231,6.839991121750951,48.32561151464582,watermelon
108,10,52,26.776334348029028,87.87879759936092,6.560621132280607,46.026399328576986,watermelon
118,19,54,25.196242266556823,83.4700754140476,6.817875974737048,46.87742545290807,watermelon
110,26,48,24.64652518730632,86.88056892015278,6.702683238040406,53.8284771938598,watermelon
105,14,46,24.957933600926346,85.14921157126088,6.417582179824255,57.935369866769086,watermelon
97,8,52,24.867593692468695,86.69650156884224,6.23481944115126,48.61439072284133,watermelon
110,6,47,26.601724031551868,85.67834684552845,6.220572249287574,47.754013460519246,watermelon
91,23,54,26.28548247914602,83.00905541365663,6.290699880747498,46.53875672430119,watermelon
95,24,51,26.236781291628013,81.62583672737904,6.148478404908979,48.31913654534333,watermelon
82,6,53,25.750569056761655,86.6695108265142,6.239629043407613,53.511023241566456,watermelon
90,20,53,25.01581164277385,86.91987355244495,6.429329695314319,56.64808101037912,watermelon
115,11,46,24.415871383053915,89.40479989763688,6.6116890325098865,40.395509214137164,watermelon
118,29,49,25.28802931540674,80.90154271965696,6.886126450489919,47.785703479310456,watermelon
84,15,46,24.490027704343948,83.33389568948863,6.581741583245527,52.16575284582076,watermelon
97,5,46,24.622439320591887,84.13791615804853,6.705511347717336,51.25495990031436,watermelon
96,12,47,25.649069906356385,88.20863137805505,6.71015119659126,57.758533538636506,watermelon
117,28,48,25.962561303267993,81.45294163840866,6.868146883997324,51.11063931244063,watermelon
82,20,52,26.099832459778206,81.57633151929241,6.36291319351136,52.00963308471617,watermelon
81,25,52,24.400606493087967,88.07211972082375,6.10021568210865,48.50863692980744,watermelon
119,20,48,25.909475757197168,83.97577555234912,6.773812375669393,56.118022617488826,watermelon
112,27,53,24.873999928520917,85.08912496450799,6.751642740396769,55.395664291572395,watermelon
97,7,50,26.186096483965784,86.53032056212247,6.3084281664611686,49.77956078289282,watermelon
112,25,51,25.008501298212604,85.45943954483471,6.891901144011104,56.42635263881333,watermelon
83,22,53,26.09307231841189,81.33528783712542,6.205045422160927,55.56127788057689,watermelon
88,16,52,25.248351874936866,89.40761933320482,6.555979959081206,59.60184530536393,watermelon
83,24,53,26.358107596389743,82.51826541435067,6.258937427068405,58.169065639072095,watermelon
101,25,53,25.46513860861329,80.30696941648888,6.866264619128597,55.78598163244915,watermelon
104,10,50,25.416435542937563,87.58664718332179,6.579904048096431,44.201743761650846,watermelon
91,23,54,25.9777415540848,82.84200195098767,6.335197145971889,47.00335467444872,watermelon
110,7,45,26.334750544090706,85.33773743002308,6.248501197798596,47.23095100106215,watermelon
101,12,52,25.176637947856264,85.08276057482442,6.692909345259605,44.332701733217064,watermelon
92,21,51,25.580301463098927,81.376911099864,6.856401842928981,44.75780465332553,watermelon
93,20,51,26.21488260029025,82.20914532990294,6.924289774292633,41.77363405808027,watermelon
86,25,52,24.506982391464234,83.06417717711598,6.220942852501356,46.217610464677065,watermelon
98,5,48,24.330510296299018,85.38988631541294,6.54372821115553,50.75685838196862,watermelon
85,27,51,24.56132158955486,88.37398971235663,6.087345129136215,48.32486396783444,watermelon
81,18,50,26.27143413005772,80.94644393297528,6.475959353888412,47.52396317425648,watermelon
108,20,54,24.907275305474403,89.72462916696973,6.768457029931755,57.46086127251498,watermelon
108,10,51,26.45198553678125,88.2655614594835,6.627452105872352,45.758659973367706,watermelon
105,29,49,25.103622348762226,82.99340008724226,6.400037478043151,55.918371603336325,watermelon
101,27,53,25.165021010159386,80.47946773415853,6.816890305166748,55.05552065548883,watermelon
93,10,46,26.239899795959552,83.24097172766285,6.574255836894966,54.54839347333903,watermelon
113,18,45,25.357531013114567,81.27782745625531,6.299161969679505,49.44645390431316,watermelon
88,22,52,25.07767300336478,85.42061044245024,6.199204465723634,53.66575167664389,watermelon
80,17,49,26.414341601472046,80.93269969451255,6.519072506724889,47.83669885161911,watermelon
91,9,47,25.588494303673667,86.15530159354869,6.6985356498718716,51.828965106961235,watermelon
82,19,51,26.438239208125268,88.90488411929294,6.6138084850477705,59.09025442799016,watermelon
104,18,46,26.12933693116517,82.35203201759066,6.380377924006063,43.031666527847875,watermelon
112,20,54,26.22856440353493,86.3876214627398,6.770745826262942,47.27077435020874,watermelon
87,25,53,24.634720868859166,85.86493974268893,6.309866631682396,48.857250781891565,watermelon
89,21,52,24.900587247043266,86.13359581084187,6.224028563933569,53.25737650523759,watermelon
90,15,45,25.12963343749476,80.68074033611934,6.296577955177909,51.217018161152254,watermelon
91,7,51,25.245156065861707,83.90484862429417,6.482034755997661,56.11874316401333,watermelon
86,25,46,25.777439363389014,88.0727228403365,6.404584294634104,56.63279298415638,watermelon
90,6,52,25.16560710398015,89.18144435708422,6.465178747241251,43.43719210428647,watermelon
102,14,51,26.619000138572122,89.0538264711979,6.482948122004489,58.32166854032363,watermelon
117,22,50,26.272126453753817,88.73122245350316,6.3589392029847795,58.07044802492031,watermelon
115,12,53,25.199129192558274,89.16626621509387,6.206884183397361,44.72634847785571,watermelon
117,27,48,26.25178667629669,83.21972739003802,6.819724432812794,52.97869732669177,watermelon
81,19,50,25.878564611797906,81.00953320773799,6.403439315120646,46.838347027930396,watermelon
119,19,49,25.818076303503698,84.15204787675334,6.745839302947581,56.355175534899814,watermelon
81,19,51,26.19209565963898,81.39823943722061,6.402001394907562,50.873521359724094,watermelon
82,23,49,26.762985768714774,86.08668718723953,6.744440082847143,52.65647509558786,watermelon
97,8,51,25.156995489384304,86.88456168727083,6.2420358944473335,49.47501797710488,watermelon
92,14,45,25.45394165583833,80.77899956551548,6.304406194911165,52.2424776623869,watermelon
102,17,52,24.889317418944675,82.1598868297371,6.2824896261487115,44.336532954277224,watermelon
97,12,47,25.496351596893323,89.63826616112351,6.72990692276885,58.21142776203457,watermelon
109,9,53,26.776069069207022,87.92887398394878,6.520125394088258,46.062187913526586,watermelon
118,30,49,25.37871496012766,80.56592993119618,6.883964429284685,47.60369255602904,watermelon
109,5,54,26.391901969159253,86.01143009301603,6.6236267554970185,52.67658410421372,watermelon
81,21,45,26.251346197507644,85.38585126833854,6.521036896210941,54.81342765642763,watermelon
104,12,45,24.8977148546838,83.82687129708277,6.624393010144747,57.389650490847956,watermelon
100,15,52,25.867087666826038,81.48040576957936,6.8556551699418495,56.41960449535248,watermelon
112,27,53,24.90868838898073,85.18463062892464,6.787815963755646,55.66148308629257,watermelon
110,6,47,26.54934472943665,84.62756592032783,6.272361522104485,48.94200785966772,watermelon
81,23,50,26.393663798838926,87.54602995603945,6.738133347276098,51.22777663662749,watermelon
97,21,49,26.132275860655323,85.87155846704252,6.724310051110954,58.82337483308159,watermelon
101,11,51,25.477477102918947,83.08786379239508,6.875247084446165,56.86912351518193,watermelon
80,25,53,24.46556046586661,88.51729281862153,6.119574600241971,48.80353353030784,watermelon
100,10,52,24.599656663859424,84.58686070864029,6.245517921726855,42.134645714673226,watermelon
88,22,52,24.981666415260882,85.75671396487313,6.222383253991134,53.261006651587394,watermelon
83,6,53,25.46414993102854,84.53303631110487,6.562788303686222,46.353474543269655,watermelon
95,24,50,25.768113857567144,81.03052371670915,6.254044310123263,48.90224517171714,watermelon
117,26,48,26.463304954977392,82.5668119769482,6.8284345318755655,54.508030255329444,watermelon
81,6,54,24.896573917056955,85.71285660975664,6.1256862613672265,51.167829908328045,watermelon
83,9,53,24.994702919817954,84.90759081591668,6.242658653883321,48.323661313148214,watermelon
93,10,51,25.53786329573955,86.0211468347229,6.600438180143699,43.97046309098977,watermelon
87,7,51,25.917664768924464,85.48958982558126,6.402451556168797,56.0811835686561,watermelon
93,12,49,25.380718866645147,84.6276039142049,6.5658254785351655,45.623605398394744,watermelon
104,20,46,26.429265799127123,83.88146326802337,6.517561652676372,42.98990380435283,watermelon
87,22,52,25.32743680491982,84.47158480203889,6.174214067467951,54.38314894095124,watermelon
110,27,46,24.398007802034705,87.77558478588215,6.514946235241082,51.405814358893345,watermelon
84,12,49,24.42821811604653,84.54163385815237,6.324626960519756,51.60616079369786,watermelon
106,6,51,26.592295720726586,89.61985495725969,6.808071824332714,57.76501944005718,watermelon
96,24,50,25.9935761038497,80.96604309424673,6.174110554743345,48.99368514190861,watermelon
117,28,48,26.131005749061366,81.73000190130642,6.858431227828917,52.05504803745198,watermelon
89,5,46,25.88872683377596,86.6633077441151,6.601540766886439,41.123921983300356,watermelon
83,23,54,26.79077716561212,84.2408614144052,6.486002247926694,44.16771711813025,watermelon
82,22,46,26.407255916700088,85.9313798497093,6.624643752239142,53.69954843615994,watermelon
91,21,49,24.365639880822858,81.45265778483824,6.754149900933897,48.45449195344813,watermelon
104,28,49,25.190468592497883,81.94689568221564,6.346403071897959,57.044209852991436,watermelon
100,13,53,25.44227999299449,82.87136345279733,6.829790731992851,56.343813651495374,watermelon
96,13,49,26.37510871225466,84.0812322827322,6.649549630395149,56.615584988057705,watermelon
91,20,54,25.064597744316888,87.25278417870302,6.516254358958121,58.083708016634304,watermelon
83,25,51,24.351625343904633,83.40639808818459,6.107622582402705,45.560790519774976,watermelon
114,19,54,25.907630275960923,85.4805982940466,6.785397912604176,47.14848782678212,watermelon
85,22,53,25.547112504909283,83.41699887012618,6.256251123726421,54.02562583202081,watermelon
82,9,45,25.83797782077363,88.76020830683893,6.092412435089117,46.92994042897225,watermelon
82,24,51,24.444764870942286,87.29194702361667,6.093995057609162,47.90191921167839,watermelon
111,5,54,26.180613364581532,84.03591545759413,6.535771626552902,51.51688211197877,watermelon
118,29,48,25.664405078469382,80.9625292556303,6.885344146578288,49.438982293475085,watermelon
101,10,47,25.54043762582406,83.31265048437008,6.935344561493757,57.554577343891815,watermelon
107,5,52,26.577763603304856,89.38558368408813,6.866286600021391,57.396610869421586,watermelon
115,24,49,26.014737299848505,87.48628799106402,6.597386586222721,57.634970279611366,watermelon
103,14,50,26.482051680053786,88.59110513865667,6.461294835605945,58.77382048742992,watermelon
109,8,53,26.650009189511024,86.75209301049341,6.5419257243594835,47.55513296288032,watermelon
104,15,47,24.222076820427723,82.61001788029945,6.724139965363268,53.870937636425495,watermelon
119,19,49,25.774814389093915,84.47427667608001,6.746216164286887,56.511946737595636,watermelon
118,15,45,24.29583702853299,84.456228142731,6.514375852827446,48.35790796360576,watermelon
90,11,46,24.806624603100477,85.65546275215927,6.386213380050112,47.36310859238709,watermelon
95,13,48,26.4818244710413,83.11498246482239,6.474043473347165,55.713482418613346,watermelon
101,17,50,25.15551411116551,80.87797611180987,6.348099871445747,43.67423207144669,watermelon
85,26,45,26.085266649066508,88.37740403097672,6.4116749900015275,58.017693965543636,watermelon
82,22,47,26.561927993681003,86.42155004161458,6.719232043629119,52.94076933378846,watermelon
80,25,54,24.827330658434985,88.76190315245204,6.234313717701726,49.44884782654863,watermelon
92,21,51,26.162214942962986,81.34728187360867,6.900510483331761,43.09232831466238,watermelon
100,19,48,24.9509278169078,82.32876994802048,6.326386730942057,56.95348192077245,watermelon
83,27,52,25.243288365307905,85.22096021604591,6.487971287879997,45.36212156858254,watermelon
82,22,53,26.06215035811158,82.9099858258645,6.384277811237677,53.9977613602712,watermelon
112,25,54,25.064093421412018,86.05901646025738,6.645578416951872,56.069290753789964,watermelon
84,26,45,26.224830602903587,88.41674178958768,6.551048585118794,56.53750023598325,watermelon
118,14,54,24.62535138458666,88.07073855541105,6.252911790344601,44.84436816869201,watermelon
83,9,53,25.142466916104922,84.67841513847331,6.351085395922447,47.33119508976792,watermelon
98,10,46,25.79663315100504,82.44784054119124,6.705292545982149,56.472138983691366,watermelon
107,5,51,26.588762800635443,89.91877392126705,6.8697431255815085,57.42989318233059,watermelon
93,11,50,26.039591579423927,83.99107479503121,6.501124266471453,56.34957066442941,watermelon
102,17,52,24.862602679518925,82.41598367855556,6.2912036864296965,44.35213193728105,watermelon
98,6,48,24.836060392136265,85.42251752036412,6.514904517288177,50.58733052870215,watermelon
117,28,49,25.529957624512964,85.35120063581266,6.779768348335665,49.56522890393658,watermelon
92,10,51,25.814338828483095,83.94961459499702,6.758096211772166,43.54764692698053,watermelon
118,26,49,25.041862134456682,82.46153441447908,6.826647039217006,48.01427676319124,watermelon
86,25,46,25.76517319046626,88.04535405014356,6.401975642895557,56.584229472929344,watermelon
110,23,52,24.974547350832793,87.63446705945032,6.852050618770451,57.084323172239046,watermelon
98,21,49,25.774172233047416,85.10422146091203,6.596792585139726,58.38861722252027,watermelon
103,14,50,26.41692414866519,88.37105229224062,6.450997347741935,58.98884693202213,watermelon
91,7,51,25.153879626068644,83.6631420650193,6.4399899100006905,56.27215615239607,watermelon
83,22,53,25.858405010296906,82.1289259891378,6.274896250494554,54.44656820778745,watermelon
91,22,52,25.144147111471828,82.13060067417746,6.551826919828979,47.672165860642934,watermelon
90,12,45,24.653543737154926,85.3411141906143,6.342243666280097,48.38496930760677,watermelon
115,25,51,25.691985932785702,83.46742645715092,6.639298047427571,55.338352006791844,watermelon
108,5,53,26.502534361793046,87.62986592109598,6.728653384706454,54.604342617784354,watermelon
94,23,51,26.428903960878277,81.14252880013433,6.570760580450591,44.986429048676534,watermelon
110,27,50,26.38062400975492,83.92863591811158,6.204974246088044,42.32989299485684,watermelon
111,28,47,24.45479570834714,87.82061898969418,6.564929410832155,50.00769103773206,watermelon
118,20,50,24.402531900180396,86.06665007238125,6.660826539497135,48.50950311966281,watermelon
112,5,54,26.056570530985034,83.56681919948028,6.5539965720724584,52.39770012946212,watermelon
88,6,53,25.59189193804154,85.90935919665722,6.726955484931399,42.703348691599544,watermelon
101,21,48,24.760086624549196,82.62404295590541,6.228831503124554,57.05501801833974,watermelon
115,16,45,24.7423307532643,82.85433019344116,6.427763823526783,48.67376442441915,watermelon
82,22,45,26.197378820993457,85.89556036146686,6.460475226646576,55.52735241616769,watermelon
95,5,45,26.04228566912653,86.59045681287644,6.212684348524647,40.85727425373204,watermelon
83,24,53,26.337372886825886,80.54612241834323,6.114799655954803,56.88831535304946,watermelon
106,21,46,25.819506534048696,85.78243503934559,6.141437437125028,54.221622944633815,watermelon
101,11,49,25.499425393279893,83.16622533320025,6.896197305558347,57.1080754642345,watermelon
94,20,52,25.642850696042338,86.88371315553925,6.672591410946956,59.131822787577555,watermelon
85,25,46,26.09303789666914,88.18094774383118,6.380669965394088,58.14142430941806,watermelon
103,28,52,25.21206951902168,80.85968781328337,6.672819810098749,56.09778592549244,watermelon
83,25,51,26.379581065718792,82.30703213878566,6.128453220760331,57.95229445861561,watermelon
103,17,50,25.172007579387028,80.04656171631952,6.207901402028864,44.09489159030874,watermelon
81,18,50,26.329571519365082,80.93710789248976,6.486690972225976,47.62542162537513,watermelon
101,19,48,24.65212182205867,82.70795607541548,6.235661038057444,56.837158009745444,watermelon
114,10,45,24.755644747916378,88.67796189591817,6.5568344475955005,41.54488118289841,watermelon
84,8,53,25.281429585036737,84.46288994565205,6.453053871572472,46.397843538028894,watermelon
85,26,45,26.073234491386373,88.68157565760052,6.459679810337813,57.82612330875358,watermelon
88,7,51,25.639573969963784,84.81813850133794,6.403313584612536,56.186655036576106,watermelon
114,27,51,25.667551056577878,83.76840323072118,6.784949743946246,54.81840873833109,watermelon
97,8,51,25.553685106276927,86.74410691585156,6.2487486115175175,49.45774803246877,watermelon
80,25,55,24.731233041598088,88.56478325248305,6.1670143931582615,48.68775149853576,watermelon
84,21,52,26.042572303218417,89.62935723228875,6.810984974500802,59.40244861358452,watermelon
109,26,50,25.14768518123266,84.05940182280538,6.711360745920705,56.850795727676775,watermelon
93,17,49,26.26895968483088,83.30254929371908,6.478763859648231,55.65411302788775,watermelon
83,25,51,24.35944660163557,82.57520425456501,6.114450199562861,45.039376563583154,watermelon
112,25,50,25.127377205474335,85.39583193070607,6.927303625462703,56.5948458612191,watermelon
98,25,50,25.98739622200456,80.76435747847914,6.261854180565429,50.487404383478534,watermelon
109,21,55,24.96211447063318,89.53145814545583,6.736519891740619,57.456918217965736,watermelon
119,19,49,25.700241581317883,84.41133492411085,6.756692706465361,55.90871279850586,watermelon
119,7,54,26.05687931820339,84.61934163758414,6.037086326984778,44.30650203938225,watermelon
92,6,45,26.695599360607478,81.15656349455091,6.943437687358601,51.50905130339657,watermelon
81,21,45,26.256015951919025,85.50957435359065,6.507591974119259,54.83610075790616,watermelon
96,11,46,26.039304670601677,81.6172101264665,6.48432488717884,55.42188080805476,watermelon
114,21,52,25.477524833784226,87.0134780769642,6.7100154590313466,48.074775649801886,watermelon
89,21,51,24.731627021993404,84.73479017146474,6.377543033816536,51.726862018606944,watermelon
119,19,49,25.751714374167175,84.33322070641908,6.759848845710632,56.20558677520111,watermelon
81,23,50,26.10272827685969,87.77186997304095,6.644552343891464,50.897352942859044,watermelon
95,11,51,25.6255249865526,84.6290704634458,6.609260241916692,45.079068653451344,watermelon
81,16,45,26.813698077734447,86.13369833589924,6.698808724251897,59.07308140855068,watermelon
91,7,47,26.011829551347667,86.44947589060743,6.857567583787925,53.40620799983844,watermelon
120,21,45,26.228318968398472,89.00325976223608,6.176640684609749,56.06859695473652,watermelon
112,25,51,25.00595382331693,85.45242573449919,6.889244630081659,56.40683125627364,watermelon
118,6,49,24.695322347170723,82.2262247122147,6.653915064190961,55.74331912231349,watermelon
90,11,45,24.77541659344383,85.89204014629966,6.312124251281552,48.15431431135743,watermelon
113,19,46,25.273699246691695,81.88618714552071,6.343917945940412,49.38528273478477,watermelon
115,30,49,25.707894618353972,82.26936528837783,6.581916131368777,45.74773171716975,watermelon
85,25,46,26.104368715214804,87.89450589361313,6.335463284846209,58.321828556807965,watermelon
118,22,48,26.103529123109695,83.48209604727688,6.7929511522230515,55.55390566911792,watermelon
105,14,45,24.41504760613466,83.81858035303405,6.485265292154289,56.512856029345066,watermelon
91,7,51,25.27281558074474,83.18464288145734,6.469610326449831,55.81467396198521,watermelon
88,5,48,25.692591075554763,87.29196646015566,6.613717527837695,41.72493623275123,watermelon
118,15,45,24.234805890013032,84.40268488889305,6.551002965470969,48.06409479670519,watermelon
112,26,52,24.937068588606614,85.26276813591166,6.81741091511493,55.87896147416193,watermelon
82,27,51,25.255973297483514,87.55142902578012,6.483883529935599,46.77311687540344,watermelon
95,17,51,25.313029738074185,85.25235212859249,6.819207543516862,41.12198232175112,watermelon
83,23,53,26.183892136823278,81.04191209716852,6.17149615883974,56.05460993894046,watermelon
85,23,49,26.058060656998467,88.4459077494309,6.504847635397284,58.85270800762597,watermelon
91,19,47,25.55268097329507,81.62277990239708,6.352097748803186,53.56959916892227,watermelon
115,29,49,24.74947052231509,87.41608145665876,6.68376264440878,47.75321495681841,watermelon
80,17,45,25.74161417768868,82.70604711635818,6.7988749234971495,50.50055491716927,watermelon
100,10,52,24.962294341650686,84.44964671494935,6.463855548521961,42.96252568261786,watermelon
100,10,51,25.262870756042,84.33591531649364,6.644827204276268,43.648723525673844,watermelon
117,5,51,24.91886865759804,81.82126438933487,6.6539387708119335,56.231655127068635,watermelon
108,8,46,26.29284026274644,86.54214082032759,6.431750809136163,47.00554579115809,watermelon
107,19,45,25.734658544147596,86.0649583206864,6.197799679576702,54.35356855665818,watermelon
105,14,45,24.376394738037586,83.5765001558967,6.533112903912997,55.983668552646705,watermelon
101,12,51,25.306026241783382,84.7543882715718,6.731689343759305,44.28348567131101,watermelon
82,23,48,26.634929384375667,87.32754140857726,6.725474338340374,53.43836101221827,watermelon
98,5,48,24.784197469855748,85.3800451834807,6.524771762733315,50.63199421517683,watermelon
118,16,46,24.26602861091158,84.7124372073147,6.5714469669498,48.14700894782415,watermelon
82,22,51,26.26431245128232,84.06910769355396,6.515793601585928,53.38112860853131,watermelon
114,6,53,26.275996915785992,86.70274059320298,6.178755113882779,45.26867330234526,watermelon
81,16,45,26.83887719605806,86.36919513184847,6.691655509622697,59.65384922314931,watermelon
93,17,49,26.248278147438562,83.24493426816068,6.474127517882268,55.61639158930092,watermelon
103,17,48,25.374239008536588,80.11501398369462,6.2012172904208995,43.71920386474973,watermelon
117,27,48,26.30014171842604,82.00819959382713,6.848675685481898,53.003333891751915,watermelon
85,22,52,25.9686365456523,89.72369599477292,6.837227637279853,59.44168894221564,watermelon
106,17,45,25.22786341058555,85.30302384800682,6.285658866068121,55.52155100537791,watermelon
120,20,48,26.178985148982335,85.92870333821512,6.600601596411776,57.12879591746129,watermelon
107,9,48,25.867025635435787,88.81778814916119,6.73062813221719,45.38046688816605,watermelon
120,19,48,25.884279880462234,84.65605791102539,6.724670261989893,56.61027538296599,watermelon
108,22,51,26.835026217159914,84.17182585435197,6.158350594496693,40.813908625746095,watermelon
83,25,51,26.396436728552583,81.96799666724576,6.11783986765105,57.91864922854083,watermelon
82,22,52,26.176691350334316,83.56672105624268,6.458792023487762,53.648389595695775,watermelon
91,7,51,25.163929447824586,83.27732317856604,6.398850734942057,56.26796626069271,watermelon
80,17,49,26.284593933639577,80.99973029059032,6.579103083507675,47.92815415456412,watermelon
81,19,51,26.539343069937658,81.56393233922849,6.4976060942800675,46.984511202062464,watermelon
120,20,48,26.14539249754272,85.78363794981372,6.614743845915061,57.0696911730261,watermelon
102,14,51,26.79248081507103,89.63998283008075,6.510377614920914,57.748901044340464,watermelon
120,22,47,26.624908541003176,87.85436407913785,6.412871256618685,57.91337787195334,watermelon
90,23,53,25.74279777140849,84.25065338523738,6.243032403266959,49.21877090951797,watermelon
104,14,50,26.367369228842477,88.20361617224026,6.443162087068048,59.15245851063319,watermelon
112,25,50,25.173327234981336,85.2975600222116,6.924294101576766,56.520021348701846,watermelon
120,23,47,26.936828859947365,89.20135040736092,6.281555186388788,58.462187505765,watermelon
119,24,50,26.4340234002472,81.11614308658073,6.311515074612589,53.81914766262191,watermelon
83,8,47,26.233761759578634,88.54984031436592,6.1877158582662775,50.3586605106074,watermelon
106,5,51,26.54375624136826,89.272499816864,6.887358387157046,57.42608220323091,watermelon
82,24,51,26.599996108706844,82.45450101833109,6.331457052666654,55.70630641796801,watermelon
89,21,51,24.80153104519267,85.31584395967151,6.309730423161806,52.327535239487986,watermelon
113,9,45,25.20079174585655,87.73635880824554,6.469915875803319,43.14777372864546,watermelon
103,16,49,24.4728908065642,81.01387831755888,6.641666053643258,48.82242389775411,watermelon
103,15,48,24.159730972135844,82.21955021287333,6.801316643076947,53.017375048072644,watermelon
91,7,46,26.273119779275227,81.75868632862357,6.801143846404943,52.81058415314059,watermelon
111,27,50,26.329385549421303,83.93729334305917,6.215871065338173,42.56241179442493,watermelon
84,7,45,25.85741440268965,88.49295343252348,6.208864212282055,45.37363704311755,watermelon
83,8,47,26.290159561616502,88.46324762578853,6.2082709984926625,50.88061214964772,watermelon
83,24,52,26.440404314626704,80.24265051660429,6.0628548507198,57.57992862541931,watermelon
98,7,49,25.606234562137757,86.0532397274601,6.3683740628374,49.9240663671921,watermelon
108,5,53,26.507194985468264,87.69804595551085,6.7330778537337315,54.685553524956816,watermelon
93,16,49,26.309027123107146,83.41416993567408,6.487746090224783,55.72719276966901,watermelon
80,17,45,25.698961894720245,82.47208810272775,6.824255507072078,50.137476903912535,watermelon
113,21,55,25.37146911315956,88.17843309266866,6.51238173845172,57.506696530320525,watermelon
97,24,52,25.35561206664095,83.14921281407413,6.22673493091464,49.10206936923997,watermelon
117,14,45,24.226908351939922,84.51445643573946,6.5430707144245215,47.55408847254587,watermelon
93,24,53,25.857943892726936,83.11777323598473,6.244495797786991,47.82088486957133,watermelon
101,16,50,24.961545138058504,81.11381869111891,6.899110240795455,53.7320916305328,watermelon
111,5,55,26.263660183243037,84.4420084949033,6.481121443892884,50.27044888640761,watermelon
82,28,52,25.662279365979124,87.70864276791775,6.657969963494213,46.304847880781345,watermelon
116,30,50,25.041651956092267,86.81039597795521,6.687307743585501,46.257215519847925,watermelon
94,23,51,26.422683891604294,81.13534332689558,6.556555556414543,45.10851408860006,watermelon
91,7,50,25.34639363390729,83.07975568093771,6.49399649916835,55.59370610042374,watermelon
112,27,46,25.212896154159694,85.71981772956862,6.637230693435263,52.51320633780398,watermelon
110,10,51,26.28486279704286,88.17642349789897,6.5676332550131775,44.78530390151314,watermelon
81,18,45,26.57723633904247,85.81923825478458,6.624057955156821,57.28195174780057,watermelon
103,16,49,24.082684462024005,81.61699677494994,6.905331480813783,51.64109910868335,watermelon
80,18,45,25.775053027970205,82.88946802338417,6.77897686704733,50.785203486503484,watermelon
99,11,47,25.81541520973402,83.56893859643846,6.842700347600875,57.25921050814892,watermelon
114,5,55,26.187252619199235,84.5085150337094,6.328397680550399,48.27653251542174,watermelon
85,13,47,24.517071508456564,84.7773592852687,6.419759459243409,54.12267469421867,watermelon
108,29,51,25.110545928134165,83.1877877857161,6.532120102332181,56.289157731426016,watermelon
102,16,51,25.13700907642354,80.29405474292754,6.246861580668051,44.206590818106754,watermelon
100,18,51,26.146194245529372,80.46998608885801,6.851403312658846,56.500689566689054,watermelon
83,28,52,25.577688110686644,86.74427205399822,6.627139591366174,45.80464069441929,watermelon
116,26,48,26.512288689505944,82.43396452622544,6.836598042989339,54.33967153850346,watermelon
83,24,52,24.56222918384279,81.45050003234816,6.150790967254209,44.1911313147417,watermelon
81,19,51,26.27292773721497,81.24221240785874,6.4362466902401705,49.878170328889155,watermelon
115,23,47,26.01387688145136,81.79948090692302,6.579679922504312,52.07919935891797,watermelon
91,19,47,25.592844954939913,81.6866909888201,6.35594774555365,53.76112104982029,watermelon
82,25,51,24.34856143336745,87.6018751763761,6.076074848994295,48.14264142087831,watermelon
93,22,50,25.11718285572313,81.21668542169986,6.48482068323451,48.638249259378355,watermelon
108,21,48,26.330120083784767,87.02935821263891,6.292717994751531,51.72707516565174,watermelon
118,23,48,26.611408086923667,89.05563654086909,6.312317658596139,58.297766161205224,watermelon
111,27,50,26.34345973545699,83.93491532060281,6.212877925803437,42.498543504460564,watermelon
114,18,45,25.1284504823717,81.86486570594658,6.347049109618331,49.15872951974181,watermelon
89,24,54,25.01703080143402,85.06162909880102,6.333828865127099,48.53757307544974,watermelon
88,27,51,24.712527082947133,88.09681189651012,6.1604156101095615,48.594087211191344,watermelon
86,27,51,24.607449607152372,88.54139000732366,6.089788611459368,48.364371199842914,watermelon
95,21,51,26.0208275814771,86.4320201279576,6.732157119171859,59.03813926187246,watermelon
88,16,45,24.991944906837112,80.71316151538497,6.370538036582158,50.303956255416296,watermelon
100,11,53,24.501679365467332,85.22016065320065,6.270008611163409,42.64629607373439,watermelon
96,17,50,25.286030442467503,84.43765980594941,6.8830097090523665,41.67788915306414,watermelon
113,22,53,25.337345479648274,87.30180493037753,6.596286751741266,57.30310317860401,watermelon
98,6,45,26.127075075522747,86.55016799943277,6.006707274338469,40.9055163952452,watermelon
86,10,45,25.25193091019202,87.322175265117,6.196236159567266,47.57930033048694,watermelon
86,22,52,25.456496454614587,88.02643665178621,6.548425150649469,56.45510380969749,watermelon
94,12,50,25.575935194518433,84.39641605097802,6.624666893792819,44.91061625827483,watermelon
117,29,49,25.40333294350951,85.72510789148028,6.772759172910319,48.96643151682858,watermelon
80,14,45,25.568463665642806,82.8220674896968,6.776704519951618,48.17967256839408,watermelon
82,22,45,26.242290223065858,85.40858822962616,6.5237604939070675,54.508825219540256,watermelon
96,12,47,25.40679645064335,89.16642566672292,6.747002093338336,58.112961403405635,watermelon
116,21,51,24.91024868534309,86.64825108918357,6.693113982757762,48.34968138375393,watermelon
115,30,49,25.760134996989386,82.53969823823144,6.5339814639159615,45.45319317406253,watermelon
93,9,47,26.247109003529722,83.93348414014294,6.652307755008998,54.515537696548606,watermelon
115,16,45,24.721148903367354,82.90861047666036,6.432191690909877,48.6471600914105,watermelon
101,15,54,24.61583938609319,86.50600150178668,6.524827931371762,44.54601544108699,watermelon
99,10,47,25.450450701017328,85.59729280764707,6.875002918408679,57.83076398169715,watermelon
85,6,53,25.719264861860623,83.93963873019383,6.763601640020637,43.978420718540136,watermelon
101,17,54,24.442919088312802,86.43921757561203,6.4280999538582115,44.597189061061094,watermelon
98,10,46,25.800327560393168,82.43519509846553,6.7019285542186635,56.456149947687145,watermelon
91,21,50,24.37210527455823,81.42977238862429,6.748975104180252,48.33607063330956,watermelon
107,29,51,25.127654149580902,83.05992838102728,6.518006444511084,56.35725645228273,watermelon
116,16,45,24.652322178420746,83.08498478491612,6.446579273295692,48.560713953831254,watermelon
119,22,50,26.17110505515577,82.41202558608006,6.496907307079755,54.901656622904746,watermelon
119,24,47,26.93937699650534,88.64112241745603,6.262930135175029,58.10364460549477,watermelon
82,15,45,26.121634254223437,85.68785088350441,6.644410669731426,58.1262535301242,watermelon
99,20,48,26.078248698462268,85.38936024913917,6.843686602009735,42.157043740596876,watermelon
119,22,50,26.167218131584846,82.43118361109616,6.499648102660194,54.917660183219255,watermelon
91,7,51,25.223793137798324,83.25452549702374,6.453362685891388,55.96189699821393,watermelon
101,12,51,25.462726022883643,83.0351983072435,6.861166790113399,56.708527893969524,watermelon
94,22,48,26.00897610934118,81.49921611191421,6.242314794897001,52.093160281957125,watermelon
118,6,54,25.83831523428242,83.53583230661812,6.21966139541033,48.278879103966894,watermelon
88,28,51,24.713732862858826,88.25857062573046,6.148081654730228,48.568495174268804,watermelon
85,23,50,26.033813432829774,88.79237826569906,6.594972013414736,59.01240937381341,watermelon
94,15,49,26.504396898735934,83.95843482288568,6.531543658721356,56.083531317104196,watermelon
112,20,54,26.37893693676513,86.81260391196042,6.763880643812905,47.32807126171696,watermelon
85,24,47,26.104530907241358,87.7818906445965,6.332122610449319,58.546637407575794,watermelon
102,17,51,25.07792167025402,80.35186041913569,6.220968950653161,44.22640519058332,watermelon
88,26,52,24.7032319128373,86.84983897029483,6.2554961569542735,48.791372249982956,watermelon
101,11,51,25.46832227267965,83.05517848563252,6.866508557909306,56.769454498007896,watermelon
91,8,52,25.268585043026413,88.21406305394419,6.50414342813495,43.67362967713034,watermelon
91,22,52,25.457098209600414,82.3976775636178,6.4704989716682215,47.42107830000125,watermelon
111,29,48,25.442407194570574,85.3727071500758,6.353110170631904,46.399001033386476,watermelon
118,18,48,24.330486021338714,85.35190205037354,6.613652365972382,48.318180175541855,watermelon
82,24,51,26.640057379054685,83.34725698861318,6.432964257604231,54.95668759481543,watermelon
93,19,53,26.040088928135965,83.91042962873222,6.79990983852314,41.14919935456368,watermelon
105,14,47,25.16858877259611,85.5747597259353,6.417828542729292,58.22371882499276,watermelon
83,7,51,26.2453000128125,86.85608989489155,6.337833970893633,53.62980811812008,watermelon
95,16,54,25.28042766012663,86.96619437168809,6.665318469179309,40.37962167398298,watermelon
106,21,49,26.500550258526133,82.75153103618214,6.131847504985363,41.096945496107054,watermelon
120,21,48,26.285002938394467,86.38652703296493,6.555968917376357,57.31532940262102,watermelon
100,10,51,25.386236935099628,84.28923631110736,6.71910376297883,43.93036107912871,watermelon
117,22,50,26.238435025749347,88.69900740618095,6.363568827027649,58.047874823561905,watermelon
99,9,52,24.58611769762252,84.66032159375477,6.206081335504226,41.97179380953547,watermelon
102,13,52,25.741837715009893,84.81501130814716,6.665803879690834,57.66081593085033,watermelon
91,10,46,25.00959781648365,85.75302829331066,6.481064913851484,49.67213934026967,watermelon
92,21,48,25.88876522288237,81.83974264279009,6.3268847273678865,53.805982381506446,watermelon
99,20,48,25.22363722229086,83.92454648876543,6.40075204243686,57.720237269472335,watermelon
119,21,49,26.03045736436451,83.10525557361862,6.596082544844455,55.4807428234956,watermelon
118,30,49,25.379629526944072,80.57066262172746,6.883125242101262,47.59853610072155,watermelon
101,17,53,24.705452969007624,83.92247584429563,6.342464229484626,44.443893104187985,watermelon
119,17,45,24.99030045884541,86.6067492131836,6.311476165910198,51.33327572593301,watermelon
114,21,46,25.815198025439145,81.57309340530213,6.481784451138728,51.2260568869387,watermelon
118,30,49,25.430062194717454,80.83164104884253,6.836849291933539,47.314189683658775,watermelon
92,6,45,26.374513200729496,81.6183083958067,6.906588214450246,51.4696982234129,watermelon
105,23,48,26.936420359426794,85.75980595725204,6.551270068663524,42.02684317210587,watermelon
92,12,47,25.004840332284125,85.07274370419307,6.452529499824147,46.99642762040453,watermelon
